time_s,freq_shift_n1_Hz,freq_shift_n3_Hz,freq_shift_n5_Hz,freq_shift_n7_Hz,time_min
0,-0.1941371538437157,-0.17905351973469907,-0.8329681773331997,-1.4275411952041535,0.0
1,0.1226266755494273,-0.2007036354225926,-0.9567110255300846,0.35366856571981176,0.016666666666666666
2,0.14395688366656678,-0.6648910431935469,0.36459292440127833,1.3243506373135159,0.03333333333333333
3,0.3639581608338762,-0.4590902861581353,-0.29030439847142414,-0.9254710608564605,0.05
4,0.04277979163414184,0.7559174687720736,0.5944197089919256,-0.02904426270070639,0.06666666666666667
5,-0.24266427239086363,-0.166481594994682,0.38587108646278384,0.14449053018595198,0.08333333333333333
6,0.2987353491134533,-0.49157385371207296,0.8612540000014757,-0.3303813183194881,0.1
7,-0.34362119546254355,0.46514366709296284,0.029501438010659305,1.8662538145203729,0.11666666666666667
8,0.03805372258535327,-0.07925741486220163,0.9418538991435454,-0.564826298078299,0.13333333333333333
9,0.30903058482909035,-0.2660059434456564,0.3954071703564059,-0.9258655004320698,0.15
10,0.016092992979926793,1.1545832141365298,-0.14917958601908066,0.11318207173907359,0.16666666666666666
11,0.4494817340505485,0.4552207797755293,-1.883658638339424,-0.42952852070429504,0.18333333333333332
12,-0.3551011002274854,0.711283327094688,0.3413609219022095,-0.7173532930062518,0.2
13,0.06989595564945898,0.02638034798487442,-0.7665449293356725,1.7598515745714074,0.21666666666666667
14,0.43679880078650085,0.9681103222842465,0.4485336455683915,-0.0494609893459389,0.23333333333333334
15,0.6649223747520491,-0.45705441057027757,0.4458718934274641,-0.2622426878053026,0.25
16,0.1209833236376002,-0.521657422721087,0.0792642904399205,-0.42340055067856114,0.26666666666666666
17,0.3239272942382782,-0.5809211288450673,0.5837538131763674,-1.5881263971066528,0.2833333333333333
18,0.6488498644099988,0.6745157243595976,0.355412277739945,0.7828717936988084,0.3
19,-0.3355771780916135,-0.04007492223955368,-0.022233217431172205,1.1459154655384525,0.31666666666666665
20,-0.0872254366953214,0.256873394255105,0.2486158964757292,-0.5407708526488315,0.3333333333333333
21,0.161372725293424,0.11931993844667681,-0.05586690841192022,0.7782991325962536,0.35
22,0.05812619037486795,-0.23534750888448913,-0.18959417653959532,-1.1443856638559697,0.36666666666666664
23,0.04171743930694457,0.7250445114295386,-0.7339082561212394,-0.9785113014902499,0.38333333333333336
24,0.3798091882783747,-1.1879525224585965,0.06513307246206422,-1.0006944167272913,0.4
25,0.3398625431510145,0.23606703188460137,-0.5046187407039361,-0.27884845718715534,0.4166666666666667
26,0.29954219235677065,-0.0518210584944946,-0.36551060993154305,0.28788677534418083,0.43333333333333335
27,0.06219391047914566,-0.05485861150163645,0.3345064737449956,-0.5550812887001187,0.45
28,0.058956570694209565,-0.9188717101900111,-0.5342325772110241,-0.25698205071107827,0.4666666666666667
29,0.49554816301684884,-0.2645953667495259,0.7655600902177896,1.111319631984046,0.48333333333333334
30,-0.22718182863487796,-0.02895001515490933,-0.8395402650773484,-0.9184917793598796,0.5
31,0.22602871696506005,-0.40505347096027233,0.4250853686017816,0.20278728993476838,0.5166666666666667
32,-0.0979796458386729,-0.6382117387246417,-1.4334310036675768,-0.03270097999070093,0.5333333333333333
33,0.4246878920686823,-0.3220221525103331,-0.1993251898895285,-0.6947824987769383,0.55
34,0.35657599533888645,-1.4625732417123072,0.46814802634170716,-0.21850608410231795,0.5666666666666667
35,-0.07076110955616026,-0.09072577595831927,-0.2496650001231761,-0.35357368657199384,0.5833333333333334
36,0.32655783163893837,-0.8104117282777652,-0.9389560050784655,0.66565393446678,0.6
37,-0.1712459861124363,-0.4040029517733128,0.8724839124846309,0.0016225006725741759,0.6166666666666667
38,0.2759286297240405,-0.15001190754169194,-0.2648180632406991,-1.1409760697545583,0.6333333333333333
39,0.6991442463872829,0.6183889877140633,-1.183769373789035,0.09193190491594536,0.65
40,-0.18718886801929832,-0.3265193126685444,0.6133324541190185,-0.4788961746658091,0.6666666666666666
41,0.4018634203706047,-0.605652491723356,-0.6327596275994471,0.43691143954993467,0.6833333333333333
42,0.055786432944113444,-0.5783405383314029,0.609280772149992,-0.5962027171533327,0.7
43,0.013150067961386364,0.5378655136591167,-1.4027892276587905,-1.1150748583576076,0.7166666666666667
44,-0.06864949042067425,-0.3482573633932115,0.1851539788983958,0.5640524724681045,0.7333333333333333
45,0.4038147143107796,0.49471540591570806,-0.2958621002902081,-0.647791436018514,0.75
46,0.02860392624150185,0.0068245264721409,0.1601094843372326,0.13790973458542213,0.7666666666666667
47,-0.06167695061432175,-0.27731227649493845,1.4644930130751566,-0.4572006721798238,0.7833333333333333
48,0.346125220472974,0.47875466049409204,0.9149091285292469,0.013809789374814814,0.8
49,-0.13910324852930012,-0.34328468333114853,-0.25737049734984796,0.8157092666733626,0.8166666666666667
50,-0.5248282959888894,-0.4413550612878031,0.12589511189883182,1.3605796057483115,0.8333333333333334
51,-0.23805969413342065,1.4365866140335466,0.22294504415771957,-0.27221406869558856,0.85
52,-0.36616668939550295,-0.3929587052364713,-0.8607507708421507,-1.5740982550862515,0.8666666666666667
53,0.3283936623376919,-0.04579346183600388,-0.959149598396473,0.4817703618679824,0.8833333333333333
54,-0.3044188619931596,-0.6650594396236608,-0.19535545004972277,0.12065123129685176,0.9
55,-0.088895312426344,-0.11139160246081635,1.2856965588654858,-0.5783248115342524,0.9166666666666666
56,-0.28061490019493757,0.2782055167787911,-0.5014310116389201,0.02039827454909998,0.9333333333333333
57,-0.14325480188238182,-0.3358847611120232,0.5337925436670578,-1.0400302557119179,0.95
58,-0.5260884311849232,-0.5217622139778156,0.2570270637858087,0.10655788378141902,0.9666666666666667
59,0.2022206199550733,-0.3616981988761642,-0.257332327748426,-0.08337611753020878,0.9833333333333333
60,-0.6190317347194347,-0.7722099110174393,0.06069780112606277,0.32195715523795876,1.0
61,-0.05523529397223466,-0.07690057493842153,-0.10728176437021887,-0.2218112718017036,1.0166666666666666
62,-0.09505783601254889,-0.23758389429317128,0.1301303155077238,-0.034621660034033684,1.0333333333333334
63,0.5672170291956645,0.2603381644472843,-0.2696442215743792,0.46190147843131063,1.05
64,0.0649932299969373,0.3664441837292804,0.08122405878940743,-0.1205662466471975,1.0666666666666667
65,-0.052168644196790175,0.25356220433501864,-0.17339312980366767,-0.9094706542743234,1.0833333333333333
66,0.00401772887519095,1.3133241823464827,0.06787950734335661,-0.3445137041010033,1.1
67,0.010366280306030642,-0.3716519774818281,0.09407326589156746,0.7166370009509756,1.1166666666666667
68,-0.077164807837757,-0.3471925930280493,0.5606815785553897,0.4238742737379326,1.1333333333333333
69,-0.4417430562821246,-0.07787123893731965,-0.9964149964510814,0.8854709754911596,1.15
70,0.3150327601180292,0.17456146733996447,-1.2378396586078373,1.0818611115866037,1.1666666666666667
71,0.1926800565359582,0.15500231198741435,0.3940643972665004,-0.4568263231073001,1.1833333333333333
72,-0.10996800539126061,-0.5201878770391003,-0.33407976733653794,-0.5944545114446758,1.2
73,0.07931935653092963,-0.31882866038573127,-0.282016935093841,2.4757247012925543,1.2166666666666666
74,-0.03702928681056169,-0.7079175940648703,0.46218624106519623,-0.8265815757107549,1.2333333333333334
75,0.2314560937935242,-1.0131337037116057,-1.038455681331916,0.4588262819226417,1.25
76,-0.00237318239980576,0.14286290967457285,1.1756216826995258,0.9420569300341554,1.2666666666666666
77,0.7584265725253935,-0.11541790032128645,-0.5290265787070101,-0.7725144934861606,1.2833333333333334
78,-0.0601393866402066,-0.08614403997215413,-0.10285843283450712,0.4942122746640872,1.3
79,-0.11492716787389558,-0.20212111786135595,1.441727793609922,-0.5804503600358775,1.3166666666666667
80,0.010790879934593944,0.59199985824598,-0.3378851706085608,0.31452378864433084,1.3333333333333333
81,0.16230787063591437,-0.1755905636061989,-0.9603825720553976,-0.5895152541063394,1.35
82,0.4352707133225319,-0.13828254926103262,0.9390217831781346,1.2931847178795786,1.3666666666666667
83,0.06291881970865991,-0.18153274628433466,-0.9855832341332917,0.03535622444310073,1.3833333333333333
84,-0.28574433135378674,0.06860055115239198,0.22390121073351704,-0.20316889529582452,1.4
85,0.30340850560167254,-1.466167169826402,0.3751217647543362,-0.1559915070057065,1.4166666666666667
86,-0.0567957563211832,-0.38350983922756354,0.6902035343425665,0.24194968397372177,1.4333333333333333
87,-0.5273750562856022,-0.3344558636781373,1.0620599407147913,0.24563682082014507,1.45
88,0.3234340928437181,0.3105364897412763,-0.08168842926662578,0.5064827425505751,1.4666666666666666
89,-0.33931718383468373,-0.49208445801088485,0.031011103346622382,1.13342884505139,1.4833333333333334
90,-0.4796168143298776,-0.2994088081428049,-0.031220633329991556,-2.555683588260194,1.5
91,-0.20403609818591859,-0.42981538434400224,-0.25393334980765864,-0.3510367838226638,1.5166666666666666
92,-0.33270782295856866,0.4369330537678596,-0.2583449076872762,-1.2042748183121017,1.5333333333333334
93,0.3249855838157882,0.34917758400455223,0.12755859870656056,1.0549328177565207,1.55
94,-0.033251454688709534,0.3467934234709552,-0.6608083194073293,-0.09072895833202492,1.5666666666666667
95,0.04248442520445973,-0.28167670802534006,0.06003725951630938,-0.7565434334493448,1.5833333333333333
96,-0.2256275489961106,-0.42326149484318915,0.3978512515428303,1.6958741587208697,1.6
97,0.06320786988767589,0.41703423944282986,-0.9258322510554837,1.0512341944202772,1.6166666666666667
98,-0.13277698794442713,0.5516504795946597,0.17999659246187016,0.024791263509935223,1.6333333333333333
99,0.08933961826487818,0.7524107906220441,-0.25886002547513226,-0.886188142149833,1.65
100,-0.06513581978118835,0.8137440151417739,-0.302566736805548,0.5971435964606818,1.6666666666666667
101,0.02742458555404895,0.31211989512116933,0.940329344513493,0.5057522887506298,1.6833333333333333
102,-0.25166680487563814,-0.056501725979411,0.23750233107616742,-0.24857028447595747,1.7
103,0.06613705992291939,-0.15297310468332367,-0.1969847971760378,-1.5739877388385664,1.7166666666666666
104,0.303587353261183,0.2408168001290541,-0.24494039837916076,0.6518618050221615,1.7333333333333334
105,-0.1447509713849367,0.12291307368355317,-0.4749951036869043,1.5308807039585068,1.75
106,-0.316657067742118,0.37322309448112334,1.4283125229007205,1.1848378017806498,1.7666666666666666
107,0.07287983929232103,0.28622049350178347,0.005544530284723479,0.8147631777874618,1.7833333333333334
108,0.1749615224356703,0.5643211085978711,-0.006746067539899652,0.18862567605231248,1.8
109,0.07524178065462941,0.550620832730769,0.5719001934981638,0.2863947259618725,1.8166666666666667
110,-0.2783088202189777,-0.4756006612839237,0.9975292002533095,-0.4376053172412781,1.8333333333333333
111,-0.1728984173929502,-0.0027293886996588813,0.8794059325606605,-0.3075578517233795,1.85
112,-0.05706753608783898,0.03910601195113186,-0.6826622605158595,1.5031005716807546,1.8666666666666667
113,-0.005038439540579884,-0.07483757710244549,0.24180123723758104,-0.07369036805178063,1.8833333333333333
114,0.09102403021008237,-0.9668909695294566,-0.5071538865192956,0.5501751996530574,1.9
115,0.177653849638995,0.19635482604959817,-0.3768822779538135,-1.0280733145480325,1.9166666666666667
116,-0.10328987935168074,-1.0575573513194465,-0.3058203397623398,-1.1395366070665027,1.9333333333333333
117,0.037442208881739804,-0.04353211573520971,-1.837865012944607,-0.37104165404335737,1.95
118,0.3186411740009692,0.8457399092715604,0.5075812576955853,-0.9409979636552561,1.9666666666666666
119,0.16903519828605787,0.5499375071220537,-0.1991299900190519,-0.5454777191289376,1.9833333333333334
120,-0.0201949692775157,-0.6657568080002986,-0.22277786199736105,-1.1630030697889473,2.0
121,-0.20207019224391112,-0.10707486990869114,0.1860476142173473,0.39717300717606846,2.0166666666666666
122,0.7206215056669805,-0.6162129924605219,-0.5307658269839577,1.2929538614226244,2.033333333333333
123,-0.4819199546317282,0.4834983438488198,-0.15598453716380964,-1.275278847567885,2.05
124,-0.5377395456227753,-0.2840191355216808,0.06642593348225174,0.06935929328068455,2.066666666666667
125,-0.10867283428416136,0.32783498683891654,1.3854242555197234,0.5976088095297565,2.0833333333333335
126,0.07371515884479957,-0.6035522499466446,0.18792984631751544,0.8564478432461718,2.1
127,-0.27118885242454754,-0.5785555168065377,0.3365278811748612,0.41941943381139574,2.1166666666666667
128,-0.4355263697433602,0.21769041646163806,-0.10659632425053585,-0.10267660955883236,2.1333333333333333
129,0.005384002716952468,0.493021298936752,-0.04005167557321879,0.7146413924491393,2.15
130,0.1962630557291589,-0.019824920086595536,-0.16571767598209658,-0.46372348721293605,2.1666666666666665
131,0.049329921833820484,0.5827512503309055,0.7198783512842165,-0.1290600660004903,2.183333333333333
132,-0.011886980616401347,0.6895211849788576,-0.8187250565351514,1.3407829341227213,2.2
133,-0.17104375356581608,0.0623799760321436,-1.6556301260893154,0.9834509423682761,2.216666666666667
134,-0.24924769602873267,-0.14862706412002166,-0.27975990080629803,0.4553459837984273,2.2333333333333334
135,-0.07287218459262634,-0.015193642452273429,0.5478455290660764,0.9012964986660545,2.25
136,0.16387754690061965,-0.2831571687617429,-0.433734705892814,-0.9989195273905624,2.2666666666666666
137,0.16025228320271795,-1.05086102957129,0.040563038963793915,-0.165592776467797,2.283333333333333
138,-0.011720685470293883,0.23273600851473053,-1.0468852777550672,2.7400089683019315,2.3
139,0.11887946176536292,-0.2497945846241606,-0.06880728429169627,-0.45914093575986553,2.316666666666667
140,0.4484056912978048,0.11175443933384079,-0.280739224617117,0.8648394897108772,2.3333333333333335
141,-0.48069221021935565,-0.008781411210337313,-0.29025124435139055,-0.4093247079141677,2.35
142,0.021780556746286723,0.7383931502276986,0.2619039553184275,-0.08633160216043947,2.3666666666666667
143,0.025609749373695003,0.4647361499726272,-0.6703189563375946,-0.4732797615451151,2.3833333333333333
144,0.05208949656822399,0.7258160067270863,0.22590341181108797,-0.4798851793947991,2.4
145,0.12695484336695367,0.38086547233166734,1.3005224551010997,-1.4223837165011388,2.4166666666666665
146,-0.21434082159622941,-0.493649351840809,-0.918728379363954,-0.12833161227268974,2.433333333333333
147,-0.24767154170221298,0.08525565735496242,0.193816264513995,0.5916452316673143,2.45
148,0.20778434674653667,0.34490032680978366,-0.6679820946370095,1.1400031375808566,2.466666666666667
149,-0.5980585683423603,0.2592439058304968,-0.2684155389115547,1.037090892729062,2.4833333333333334
150,-0.1504207835251112,1.360807085463935,0.9012819011522073,0.2786405551164267,2.5
151,-0.19630388760253017,0.81921729233849,-0.36827903868467526,-0.16890157107435858,2.5166666666666666
152,-0.06810380608926295,-0.19809706033837896,-0.07676369785998939,-0.07495803576219329,2.533333333333333
153,0.31373503659290986,-0.7121390152829816,-0.6076479483739208,-1.8042886879185827,2.55
154,0.09002340953041364,0.5840371270880642,-0.5463176604579605,0.8649231527013579,2.566666666666667
155,-0.13224471863438259,0.13341654773879483,1.6022019067004363,0.9180964543816896,2.5833333333333335
156,-0.3207469190005821,0.5693199370831297,-0.5142952986084292,0.5798836727118926,2.6
157,0.15339131527583263,-0.03837957851390507,-1.174049381513481,1.3535005711321109,2.6166666666666667
158,0.03509947614043691,-0.7002983259770935,0.945465763390242,1.437606978744182,2.6333333333333333
159,-0.015586855168713162,0.5437829273647642,0.42040714467376195,-1.7429185345013702,2.65
160,-0.0009892286862556205,-1.0722608472049362,0.3861015045459947,0.09126202939042544,2.6666666666666665
161,0.05939597769221446,-1.2515784729639954,-0.48180177366761806,-0.9080671375963475,2.683333333333333
162,-0.1813506793600526,-0.2106744816155335,0.23722334801170686,-0.6364020536029278,2.7
163,0.24890059157299102,-0.46019978660134897,0.3757733551121933,-0.029181459654657505,2.716666666666667
164,0.05646405597554686,0.5063055948756792,0.846086227170783,0.6778547498881401,2.7333333333333334
165,0.432119094393759,-0.2619273925326207,0.5203512101770079,-0.6652349731189164,2.75
166,-0.22152152935405958,-0.710877406843427,-0.024507988279492254,0.18934555559302987,2.7666666666666666
167,0.42715784000644347,-0.0531993374733265,-0.4118906356611167,-0.47827499158898323,2.783333333333333
168,0.3237634189451728,0.4305656662178408,0.7286120783348254,-0.027687478821345438,2.8
169,-0.12256321196269589,-0.3010273846732019,0.3782772466853953,-0.3604023443804044,2.816666666666667
170,-0.4613772472375985,-0.02544558022416788,0.34933051894862693,0.6781599717478456,2.8333333333333335
171,0.12072563335669732,-0.23392702501676974,-0.7571396754064861,0.27667549463886937,2.85
172,0.16323597283702276,0.24913769977127634,-0.4663207281554919,2.400939951233718,2.8666666666666667
173,0.19613966801985544,0.3879132580703266,0.8853755998297796,-0.34547387117006567,2.8833333333333333
174,0.01446437100759878,0.11958583881262726,1.0279866438077396,0.04546777707795739,2.9
175,-0.08322287619226564,-0.4248321374752772,-0.7945418607956471,0.30432862704160807,2.9166666666666665
176,-0.20319064853630311,0.27489473900743866,1.234682598091671,-0.6973866776988926,2.933333333333333
177,0.5987253554325815,0.3543605819580243,0.3962952170369696,0.06271349006258854,2.95
178,-0.4353802106832581,0.8829296026047087,0.2588388146011633,-0.08862204518860789,2.966666666666667
179,0.11213068385155521,-0.5984393980791985,0.9271147862495746,0.2683627688455615,2.9833333333333334
180,0.0704451313179217,0.4638682552087756,1.4260318685394249,-1.3147922195145807,3.0
181,-0.10259254560745687,0.02533241353256944,1.0584355429225911,-1.1583591545468819,3.0166666666666666
182,0.1842942812298333,-0.7260943170915611,-0.8097538282501004,0.08896515677616569,3.033333333333333
183,0.09231089002322689,0.5557609091434934,-0.03566445364427866,-1.6983729931412657,3.05
184,-0.13082636004509496,0.3938037437176435,-1.0720835179657333,0.32466361504955155,3.066666666666667
185,0.33641669023658316,0.7500195691470352,-0.49190903699323213,-0.009550933870283624,3.0833333333333335
186,-0.1250778001237373,0.8728931971500654,-0.27988967262815817,-0.7351781230066781,3.1
187,-0.24050454890993705,-0.9714345339274166,0.17590532826021008,0.059704190691954394,3.1166666666666667
188,-0.1788903950661698,0.4474236193044932,-0.12376148707891949,0.1501799793958563,3.1333333333333333
189,-0.04332250884492081,-0.1646420381950232,0.1262410795942134,-1.0794463603643139,3.15
190,0.25209382687681425,0.19926704768247094,0.40898539378741106,1.3455209248189066,3.1666666666666665
191,-0.5463519347482603,0.9418471774720796,0.2518224828156654,0.28501457349301973,3.183333333333333
192,0.2994607475576788,0.027568583351319145,0.5227553270334314,0.3822906501090322,3.2
193,-0.06959257195181673,0.2434243109267564,0.04812898483030998,0.702234840192956,3.216666666666667
194,0.41006827697185283,-0.022336313140234845,-0.10274058011896964,-0.1896142911618871,3.2333333333333334
195,-0.34068355205666917,0.5741084079320843,-0.4992295711584997,-0.5863166382027776,3.25
196,-0.45454143616903586,-0.47594722987086663,-0.06173671760183839,-0.9045442536605969,3.2666666666666666
197,0.03912480811804154,-0.11493356891724282,1.0814733310592628,-0.4521816562252392,3.283333333333333
198,-0.3760683975308788,0.291589576883776,0.9551657288213007,0.3950508724251194,3.3
199,0.10946196642492063,-0.5324971159801889,0.8268971019423851,-1.789290307360166,3.316666666666667
200,-0.1863895891013664,0.706541634968599,-0.11835745483515576,-0.182160417715104,3.3333333333333335
201,0.15351428274893478,-0.503466701512789,0.4559073369317692,-0.121354449479608,3.35
202,-0.47312768792270143,-0.37150838904063327,-0.059570901814455526,0.4563187094932141,3.3666666666666667
203,-0.49108983270259443,0.4327166250612748,0.20689302609220478,0.6984127920943787,3.3833333333333333
204,-0.12395205364753799,-0.5561735621884936,-0.10493293529331911,-0.23556126416384351,3.4
205,-0.2525829166589612,-0.05292259060410545,-0.8046014300993725,-0.8209995545657468,3.4166666666666665
206,0.06711488597765508,-0.26432863283576274,-0.13789774969203042,0.4080785524455681,3.433333333333333
207,0.09615506788794913,-0.4327986303585444,-1.0461944850408622,0.78718892754457,3.45
208,0.009199298299312283,-0.08286691729655501,0.007479814933161843,0.8476078768758132,3.466666666666667
209,0.3721154717353377,0.46781510733374837,-0.4507207228531994,-0.8631685435405508,3.4833333333333334
210,0.12419005464135531,-0.08792156491184985,-0.06321337166226502,0.9757809664205271,3.5
211,0.24798425591386122,0.11941085957059205,-0.33289430020038707,-1.1874447081664086,3.5166666666666666
212,-0.030828184244088706,-0.4207809428168581,-0.7886693400915661,1.5865265249482003,3.533333333333333
213,0.19173954536877688,-0.25405952762704126,0.0719383143849742,1.0171238353567607,3.55
214,0.04071420171606561,0.71239393525781,-0.15917554380720247,1.2427952371047903,3.566666666666667
215,-0.30597808761042383,-0.6989049748237224,-0.25926250110912796,0.42237109325375655,3.5833333333333335
216,0.15601282014742066,0.06959765143959067,0.340384428868178,1.2492717350188534,3.6
217,-0.6255223790375276,-0.16906110235214128,1.2495586900161977,0.2876161639830249,3.6166666666666667
218,-0.17432496151334118,0.7451770945078897,1.1892048267328375,-0.3514614384581999,3.6333333333333333
219,-0.0805947215108729,0.1566067838411282,-0.5421912338958385,0.5667420286726871,3.65
220,-0.15239956106924255,0.8055529590922885,0.4552228004169226,0.12177359191649707,3.6666666666666665
221,-0.2557109487235527,-1.4464204372903404,-0.47935548739804007,-1.35613436236481,3.683333333333333
222,-0.41784802596240334,0.5130946743506335,-0.688040089667406,1.5786370226535882,3.7
223,0.20075073539847302,0.971297934863979,0.06770478481939278,0.34432754262323967,3.716666666666667
224,-0.047042177440939345,0.23223664043653705,0.14912310628467004,-0.11894953511123575,3.7333333333333334
225,-0.3293219212117004,0.29914027326142817,0.3054068340335105,0.5035055794272758,3.75
226,0.44124898482997094,0.6203568260254427,-0.37796413311644617,0.4831269616725064,3.7666666666666666
227,0.04091895185861481,0.7064233768891892,0.9439881507807419,0.8766358136617365,3.783333333333333
228,0.30421814876023207,0.47918048406943486,-0.8672711779444984,-0.30013492514830614,3.8
229,0.08832742525167726,0.2948190641839392,-1.2469638520767121,-0.7232563034573719,3.816666666666667
230,0.34746028972716386,0.19047827913960103,0.9294531658727375,-0.47004163796174586,3.8333333333333335
231,0.3729604440650642,0.3656866178131459,-0.05154163206507482,0.20339938091679535,3.85
232,-0.4821369098845401,-0.8270479330799334,0.4625622768346614,-0.9918940634829959,3.8666666666666667
233,-0.08229403389135158,-0.09710846848401514,0.5020277376989407,0.6539031400934606,3.8833333333333333
234,-0.1138516074861128,0.23727638973958123,0.4296126818549924,1.5555464031903585,3.9
235,-0.05107683885157696,-0.047236532781108787,0.6073885799500481,0.6753978427243156,3.9166666666666665
236,0.23783606598236884,0.7752109295324134,0.37040833101902004,0.7206645463718745,3.933333333333333
237,-0.04453340659147647,-0.6039723992595473,0.42706842176302895,-0.4919689790157571,3.95
238,-0.2578995323215088,0.33484061339039406,-0.4445365969466892,-0.24141414183300547,3.966666666666667
239,-0.07086784304977818,0.2648886719660728,-0.16695514787564691,-0.09671651449889818,3.9833333333333334
240,-0.12521922022117943,0.3927348947798216,0.6897154258100412,-1.1191253596794997,4.0
241,-0.6247115422283077,-0.34367012767834343,-0.38326564458877554,0.5706277383077,4.016666666666667
242,-0.2459411315770505,-0.34182004400441973,-0.5548407764161377,1.9572249876798988,4.033333333333333
243,0.06048870725880539,0.25761642743284296,0.038559035530727585,-0.5117748773223544,4.05
244,0.1163963363381725,0.6905022879583856,-0.49564775513346854,-0.12347426961077934,4.066666666666666
245,-0.0582732534702519,-0.6015489871015223,0.4597983212042423,-0.47489620286607376,4.083333333333333
246,0.2080798292795938,-0.1496699629114911,-0.11296312670277471,0.25872310957194605,4.1
247,-0.3178472726111299,0.5020940870141016,-0.5125447701932222,-0.39905034843915765,4.116666666666666
248,-0.34599874383614726,-0.4832890599730705,-0.056171120974444017,-0.5286707636712851,4.133333333333334
249,0.21838979996302035,-0.17894936115157273,-0.5919052478252428,0.4222501272515582,4.15
250,0.08548799978335055,1.4726256216850968,1.164058280948235,-0.9820627324551624,4.166666666666667
251,-0.29800871519140437,0.24727233243211852,-0.5052119485656817,-0.3271095475191384,4.183333333333334
252,-0.029519030617731028,0.07925765081397279,-0.37756246730478543,-0.8082647574222421,4.2
253,0.87683083680102,-0.13032462267314485,0.5793065136306945,0.5314478487119838,4.216666666666667
254,0.3625055314828703,0.1613168939692782,-0.8159850946891581,1.3851221995635026,4.233333333333333
255,-0.22891124388227424,-0.23766188338147037,-0.6093774328731648,1.0893183666353041,4.25
256,-0.4354272389648242,0.6217467703370537,-0.46949955753068484,-0.14869798117253552,4.266666666666667
257,0.11024702675319076,0.6393197557340977,0.6331918367885058,0.31193385066562485,4.283333333333333
258,-0.4168909051494635,-0.770471796865943,-0.12772367423743497,1.5752800422180302,4.3
259,0.04338235147409083,0.5209816008757872,-0.9134806453103141,-1.1082579172119136,4.316666666666666
260,-0.3437879572590648,0.17079408414509425,-0.19660038874529143,-0.934155004405561,4.333333333333333
261,-0.19853657781424802,-0.46466001713774696,1.2933528137723997,1.147166929338433,4.35
262,-0.44375516208012383,-0.4569398342741709,-0.045078999867058,0.3476439064095116,4.366666666666666
263,0.02654569395700117,0.6128955838091812,-0.05819054102360353,0.9612028713634068,4.383333333333334
264,0.10223727090232623,-0.5187361476568385,-1.0844940765861653,0.3685692124983876,4.4
265,-0.09971469395111042,0.7567364352471968,-0.6633083046010585,0.9135652968414952,4.416666666666667
266,-0.3627231535584498,-0.258292321602278,0.7444327268623334,1.2682540724160427,4.433333333333334
267,-0.5544662003285131,0.4762501965057793,-0.010285286724468231,0.9237863857925591,4.45
268,0.079532062329687,0.12912764817853212,-0.6159438463477265,-0.5164886160032617,4.466666666666667
269,0.051151949856881526,-0.18082053718654262,0.4649931720351419,-0.8392650952034931,4.483333333333333
270,-0.6972597313895263,0.823604112812216,-0.6289575258756096,-0.7462362200613047,4.5
271,0.0006364475330851941,0.49718583937485944,-0.6800526696204597,-0.39510748683589214,4.516666666666667
272,-0.5289522525646088,-1.0734558580580449,-1.5534963700992293,0.3908300882953062,4.533333333333333
273,0.0013969740057767444,0.22799232246021028,-0.4468037944870723,-0.21611619799192888,4.55
274,-0.3658499022061193,-0.5440694064977998,0.3392856949764615,-0.33783532583368253,4.566666666666666
275,-0.11445704730676615,-0.7368049092914932,-0.3807080779706737,0.7707166244210352,4.583333333333333
276,-0.0654601278533105,0.8526207335629857,0.14893821193217568,-0.5520167898581503,4.6
277,0.2927163379630471,0.1359254136613631,0.267258929686339,-1.3110283434732588,4.616666666666666
278,-0.23644512561015105,-0.7491339137740106,0.48176125667840763,0.9717427214536515,4.633333333333334
279,-0.5661057520627397,0.08837341373826885,-0.8363798752850833,0.0012131973983583735,4.65
280,-0.22767354066317114,0.1405201850733442,-0.7207252909226269,1.0303914221246555,4.666666666666667
281,-0.0800757726009137,0.024946928712108254,0.40355214069299883,0.4783390735561585,4.683333333333334
282,0.38152676427671545,0.8868829815560363,0.2891480971366109,0.290475504476348,4.7
283,-0.02626602383953255,0.022950390602176386,1.421884872077956,-0.2748753497284308,4.716666666666667
284,0.08861721277987873,-0.10464195207531575,-0.08441646596867594,0.6181629138480603,4.733333333333333
285,0.42677749031178763,0.12220462501760403,0.4866600221297511,0.6339867582228846,4.75
286,-0.16516250150258746,-1.0242445095131507,-0.07898404152738622,0.7753942369925726,4.766666666666667
287,-0.051571362805198404,0.37064040877108734,-0.00815621449926611,0.5032128195078408,4.783333333333333
288,-0.34585305471205013,0.30132701434989156,-0.933957068571938,0.19820284185814743,4.8
289,0.1165021271888895,0.6930017573359202,-0.6761461803141738,-0.9510143392742884,4.816666666666666
290,-0.05148510944233793,-0.5411801710550045,0.9563714027547587,0.19476509101000164,4.833333333333333
291,-0.7345834145898972,0.05948936480530363,-0.5791081764925236,0.9487187807513495,4.85
292,0.3749376940152214,-0.012523204364584947,-0.6963834345513078,-1.1501045859722399,4.866666666666666
293,-0.5211902863944639,-1.0098658575645476,0.5196031901832794,-0.7730229980685152,4.883333333333334
294,0.31090793692720997,0.386746375010938,-0.9489760524559109,0.05734958751456936,4.9
295,0.143367422835777,-0.0846685075162957,-0.22252347218032822,-0.8427235949301717,4.916666666666667
296,0.1582803519256186,0.10138218049840264,0.3094008175696323,-0.7162963283797871,4.933333333333334
297,-0.4096020027090647,0.1971752002309916,0.747698405170068,-1.2147375544859453,4.95
298,-0.18203055670755233,0.06197663806858711,-0.4897778303324166,-1.6246800746002732,4.966666666666667
299,-0.10964459628668471,0.08021613171533315,1.1077594451356456,0.49096678181373776,4.983333333333333
300,-0.13567366169880046,0.6313816869201291,1.5800805335326946,3.5280003756020193,5.0
301,-0.24914896741291043,-2.3350959756074614,-1.5101722676236717,-5.78327762397662,5.016666666666667
302,-1.4031426684814297,-1.086560800367568,-3.3714449932440633,-6.051485348290087,5.033333333333333
303,-1.871730964620941,-6.091406138402928,-7.660229954942357,-11.920489084266572,5.05
304,-1.45231061295407,-5.875346411037185,-9.582147464888658,-15.083028204673354,5.066666666666666
305,-2.3754750876510933,-7.670418307648681,-11.127046688100702,-17.86743447877426,5.083333333333333
306,-2.4019036772724305,-8.871432660620759,-15.438626130632986,-20.43580262443392,5.1
307,-2.804673119863151,-9.398277553628079,-16.535907170215676,-26.666658541199833,5.116666666666666
308,-4.666293456363492,-11.973813357237589,-18.81865324622515,-31.062418853110657,5.133333333333334
309,-3.950500823970776,-12.736048612206899,-22.718242081247208,-34.38312257259529,5.15
310,-4.132071106732707,-12.778041377215684,-25.17277711134769,-36.04261776996777,5.166666666666667
311,-4.419957615416864,-16.163585204544887,-25.773721390618153,-40.18042259719883,5.183333333333334
312,-5.2560323255610735,-17.021456225740096,-29.024265102803422,-44.98974870138215,5.2
313,-6.247287533374654,-17.55879519028368,-32.82706236442456,-47.731218400235164,5.216666666666667
314,-5.508859635259273,-18.75278082489642,-36.55039628509689,-51.57038477345261,5.233333333333333
315,-7.140578352600939,-22.45066258417809,-35.48817551909498,-54.55176913562067,5.25
316,-7.14375365419846,-22.52832140164113,-36.355665156104436,-59.80161738057741,5.266666666666667
317,-8.718112295539754,-24.436375480531964,-41.86569499475963,-60.87978244797211,5.283333333333333
318,-8.172894427864048,-23.964379204652406,-43.21889390931576,-66.57641797778791,5.3
319,-9.014115085798984,-26.891154277800883,-45.75922520746965,-67.92379336348291,5.316666666666666
320,-9.09851688830145,-28.98942010273342,-49.62247615117391,-71.20047126887809,5.333333333333333
321,-9.058137692762855,-30.14826878987959,-51.740025009863906,-76.03455356385221,5.35
322,-10.59515643783049,-30.995518392970098,-51.28961971180468,-81.53963407734504,5.366666666666666
323,-10.351886466280991,-34.416499109683876,-56.66590626774727,-84.1755090465975,5.383333333333334
324,-10.067794377324923,-33.608466876068846,-57.84965697021177,-84.64415508755977,5.4
325,-10.389471647850026,-33.883869312453065,-60.27261445664577,-92.21438872642311,5.416666666666667
326,-11.65412764512328,-36.49910099874243,-62.74335094423705,-94.97100318543393,5.433333333333334
327,-11.725738370588806,-39.100029603236194,-62.96368945585686,-94.152847329821,5.45
328,-13.038276084014194,-39.42759471837442,-67.34512548706095,-101.1397732846532,5.466666666666667
329,-13.361684000906134,-41.32606578694918,-70.66185399658089,-102.96844098576089,5.483333333333333
330,-12.418133770508351,-40.85172238416436,-71.92724172710781,-109.32864559933657,5.5
331,-13.926874981910027,-43.79755090639757,-74.3423872929346,-111.15525384403878,5.516666666666667
332,-14.008585148651669,-42.04474494663437,-78.19671533857746,-111.99142748720175,5.533333333333333
333,-15.291270061101137,-45.37268239646864,-79.6032338255557,-116.67024290637683,5.55
334,-15.169144568329559,-46.400466756127,-79.73993956656695,-120.29052695737694,5.566666666666666
335,-15.17610672821857,-48.01084509184485,-83.4935282112372,-124.98992803313233,5.583333333333333
336,-16.450178234030748,-48.028966084777096,-84.69027980031441,-126.60440591827872,5.6
337,-16.15817519709737,-49.38002867181263,-87.83758039503999,-130.340505389799,5.616666666666666
338,-16.119216396400287,-51.80743151256694,-89.74742259375623,-132.41868005851265,5.633333333333334
339,-16.91439271579715,-53.19133107687482,-92.90852418045966,-136.8442519479607,5.65
340,-16.578944364221417,-53.029614271757424,-93.62759855160543,-139.9330621745987,5.666666666666667
341,-18.518298880932146,-54.15468317893507,-95.54019812805969,-143.39317240087686,5.683333333333334
342,-17.63437213789955,-55.718102314252064,-98.23901490386145,-145.77150682711573,5.7
343,-18.172222501563347,-56.99345115483282,-100.64404169136454,-149.97376232516794,5.716666666666667
344,-17.979190402490172,-58.648638826237416,-100.1278392879519,-152.35983556970248,5.733333333333333
345,-18.391135006756336,-60.852698734783345,-103.86196743669119,-153.1704636321298,5.75
346,-17.675960429589363,-61.48008085349854,-106.44075315036585,-154.47814835226143,5.766666666666667
347,-19.318109429419756,-60.914207359660814,-108.97822856193585,-161.78039544039868,5.783333333333333
348,-20.71190822467711,-63.139830687422915,-109.82455711337909,-164.8656445618366,5.8
349,-20.53028260458674,-65.4749530689966,-113.16434143068804,-165.35787803474926,5.816666666666666
350,-20.64556795535293,-65.1617818911143,-116.03818429549821,-169.36316362334097,5.833333333333333
351,-21.43783565552274,-66.60354609577605,-117.93523423976991,-173.3978976551147,5.85
352,-20.71831331843563,-68.25675203215422,-116.82456638568237,-176.7329312515618,5.866666666666666
353,-21.533340304241456,-68.5260001995126,-120.65339470050365,-179.3183886158823,5.883333333333334
354,-22.236202249079586,-69.16045860033535,-122.88638569958935,-181.38288334836398,5.9
355,-21.60866843921868,-71.46740966859342,-121.85559823205038,-185.1039796507455,5.916666666666667
356,-23.47170885748163,-71.51056679628883,-125.82895184300946,-186.6374500824346,5.933333333333334
357,-23.088713630739132,-73.70936808554708,-128.34598361965664,-190.1541583999368,5.95
358,-24.07527598998405,-73.4164284888369,-128.82784881118064,-194.11506830279023,5.966666666666667
359,-23.889884197420916,-74.79442120520686,-133.79101952517416,-193.05995746749758,5.983333333333333
360,-24.51672118716168,-77.59974582028046,-134.03267759577724,-198.80703127829094,6.0
361,-24.737013323307178,-76.72258364616548,-137.1675967171575,-200.0780032844334,6.016666666666667
362,-24.839205847604205,-79.60062241144175,-138.10916977889772,-203.1017263588159,6.033333333333333
363,-25.055346105796158,-80.58132978959316,-139.8978442670341,-205.81664790693623,6.05
364,-26.342939840536328,-81.48147324976976,-143.8392153597732,-210.4298062012184,6.066666666666666
365,-27.00178915865831,-80.9374557570584,-143.64544757332365,-212.62645869325624,6.083333333333333
366,-26.247665637473187,-82.40902293741094,-146.57885108680983,-213.8175631730251,6.1
367,-25.955469443718545,-83.75520352900557,-147.49783517413735,-218.40229847024358,6.116666666666666
368,-27.22217782342442,-84.49369655653122,-149.3759772504749,-219.4959182573156,6.133333333333334
369,-27.713141446383457,-84.24340434544305,-150.63311833295302,-223.63047604381003,6.15
370,-26.924864230569426,-85.38565609916722,-152.3087043962096,-226.89930117138417,6.166666666666667
371,-27.266603925999082,-87.72523914449884,-154.47207962813596,-229.8928106177242,6.183333333333334
372,-29.04092459525221,-88.72100941490922,-153.53658962457067,-233.80948353125206,6.2
373,-29.168092894855025,-89.29967454603687,-155.99380909160124,-232.6712399317605,6.216666666666667
374,-28.49955256080931,-92.47317625235145,-157.60762599034956,-237.79742692449207,6.233333333333333
375,-28.559645268852137,-93.65747469362692,-160.5655074386718,-240.03809752214673,6.25
376,-29.256243961040497,-93.74811381492209,-161.88749803847477,-241.2882534571802,6.266666666666667
377,-30.39946501168969,-93.71607297212817,-164.5470035758565,-244.4940443878344,6.283333333333333
378,-30.037129392076288,-95.7123868109881,-166.56318886081806,-246.71365250317476,6.3
379,-30.699366255499786,-94.89830435333752,-168.5348680065303,-250.2201676847788,6.316666666666666
380,-30.5134387231783,-96.23467532267469,-167.42736185618327,-251.50140808002146,6.333333333333333
381,-31.103779844795287,-99.07277919810896,-171.97845956354675,-256.0213531614065,6.35
382,-30.611509418083187,-98.27414818229879,-173.25849671643007,-258.1491338291316,6.366666666666666
383,-32.212002766226654,-100.30179932798559,-174.707590818334,-259.1280536314768,6.383333333333334
384,-31.911023627761885,-99.53989627200149,-175.66391787787578,-263.47651679259405,6.4
385,-32.38970350642972,-101.4727250804397,-176.81286263077575,-265.9383598499618,6.416666666666667
386,-33.07968520242732,-103.44089324696454,-179.6752856589192,-265.2980976309817,6.433333333333334
387,-31.832984973436048,-103.05374010262096,-182.01475204034966,-268.0928496160082,6.45
388,-33.0608832169242,-104.16668278271726,-183.73632162597798,-270.63829291670993,6.466666666666667
389,-33.74843253660546,-105.77895799468874,-184.07581345033466,-273.39676321329597,6.483333333333333
390,-33.43980065963666,-107.46403082795776,-187.28007040709068,-275.64172924053435,6.5
391,-33.080499110411964,-106.59960804868689,-187.85241890550267,-279.42637226068126,6.516666666666667
392,-34.524037326735055,-109.55858270594248,-190.74932948016115,-280.6747351629686,6.533333333333333
393,-34.02738881314684,-107.66148738557078,-190.26339099337278,-282.8285053986344,6.55
394,-34.90616223098735,-109.9473962419036,-193.8510643500092,-284.7687478051471,6.566666666666666
395,-34.66746038225336,-109.87981928220475,-196.1852931858112,-285.5492482236704,6.583333333333333
396,-35.04629315769708,-111.28034581597554,-195.31247964363448,-290.3997434938223,6.6
397,-35.710457781907635,-111.83950921695401,-196.197650975808,-292.38177924319723,6.616666666666666
398,-35.984939851930335,-112.14211050634805,-198.09473720329635,-293.2004908358882,6.633333333333334
399,-35.95048657852246,-113.94391140648507,-201.06458300615827,-294.5866119906168,6.65
400,-37.027868568347984,-114.93345441414431,-202.36177454094576,-295.82623741134756,6.666666666666667
401,-36.691545902664544,-113.5031518454934,-203.61268285280462,-301.01459824628853,6.683333333333334
402,-36.59518162765916,-116.30706246615503,-206.44336604580926,-305.2604005487809,6.7
403,-38.04552146531473,-118.6284127475342,-205.98241680460416,-305.1412264665308,6.716666666666667
404,-37.668272369362406,-119.28724709272151,-208.58170137983993,-307.494462285118,6.733333333333333
405,-37.403671449056155,-120.80897140355071,-207.37117638795868,-311.7950004266999,6.75
406,-37.714952785665275,-122.06664538710724,-210.32035371799424,-312.5202364687436,6.766666666666667
407,-38.370420854300875,-121.65026636282937,-211.9989503463403,-315.20517189504545,6.783333333333333
408,-38.05622249860224,-121.87119768560346,-213.03752514393534,-314.6821071208963,6.8
409,-38.81116840133689,-122.83718201604596,-215.75661882606775,-316.7959444821645,6.816666666666666
410,-39.677985134273044,-123.00090992186145,-217.6931082690056,-321.16806262994476,6.833333333333333
411,-38.37275377110604,-125.02504859947443,-219.74068050228954,-323.8163153341087,6.85
412,-39.527846436959074,-125.5166750982144,-220.52780119517817,-323.63879559984395,6.866666666666666
413,-39.807415911804235,-125.91110645444337,-221.63380578193178,-326.4930622362064,6.883333333333334
414,-40.30950530262184,-126.95060382331742,-224.27211891894316,-330.69430527885095,6.9
415,-40.963599643759316,-126.81894672723656,-223.39327643837208,-330.7153870375795,6.916666666666667
416,-40.36738030088004,-128.6326626076087,-227.02876952884745,-334.0333458240385,6.933333333333334
417,-40.862194715905204,-128.58689396976115,-226.60316515441497,-336.2757967523454,6.95
418,-41.969167933341765,-129.5283090072543,-230.1265405254724,-337.54402045392203,6.966666666666667
419,-41.82910562509111,-131.4898413646152,-228.57622325878637,-340.6761469312262,6.983333333333333
420,-41.654570653765575,-132.13833919566477,-232.12786208677386,-340.9633007939663,7.0
421,-42.40173718593168,-132.31197827764805,-230.49006565726634,-345.7398749952265,7.016666666666667
422,-42.06224609463855,-134.24285401607833,-234.94719384568103,-344.87315865605933,7.033333333333333
423,-42.67323078118122,-135.87238397062305,-234.14933586727827,-344.9542845940002,7.05
424,-43.18582402264063,-134.22828997740422,-234.59121910308085,-349.5843508961748,7.066666666666666
425,-42.178035013035675,-133.63884742703758,-237.52702167180794,-352.72011336905183,7.083333333333333
426,-42.62836378800755,-136.40225800802682,-236.3783183061342,-354.1429084702396,7.1
427,-42.08758013633429,-137.41280131891187,-238.60864992220286,-354.5898072743753,7.116666666666666
428,-43.38301031206291,-137.47698333354896,-241.47448171989979,-354.2683799402887,7.133333333333334
429,-43.66313925001839,-137.3211798506014,-243.9364374279098,-357.13716387447374,7.15
430,-43.17805266070842,-139.71591071546942,-243.6576832622213,-359.21252982434396,7.166666666666667
431,-43.61845844174689,-139.3933026781485,-245.29438743764982,-359.592715656898,7.183333333333334
432,-44.925150508849455,-141.08952150966252,-247.13706925897952,-363.0280252517436,7.2
433,-44.317119385394,-141.14182086049183,-247.56877081185368,-366.7367576747088,7.216666666666667
434,-44.82475157032906,-143.66310326867858,-249.06458544500074,-367.43062932445963,7.233333333333333
435,-45.52005602161693,-143.8590631989467,-248.77464833233284,-371.5653308432515,7.25
436,-44.93994249320765,-145.3012405077834,-250.5063209211155,-370.7128049246446,7.266666666666667
437,-44.2518226886113,-143.1033091730112,-251.99540984998782,-375.75096957322114,7.283333333333333
438,-45.0282250698257,-143.98870903175342,-254.92174582037157,-374.71801836640157,7.3
439,-46.26905085685771,-144.7214631356071,-254.5842675964771,-376.2320759139468,7.316666666666666
440,-45.91474611328138,-145.72660934299185,-256.9997972723055,-378.6582789341136,7.333333333333333
441,-46.29929278383209,-145.50719112975483,-256.41417692476136,-380.02166265985085,7.35
442,-46.63884324695738,-146.84321932931002,-259.0967433734866,-384.36002677425375,7.366666666666666
443,-47.22760486456584,-148.95416502580403,-259.27394098685795,-384.357130915242,7.383333333333334
444,-46.76614350067027,-148.6591322507769,-259.2675717735822,-387.859976005883,7.4
445,-46.79946400898173,-151.09495978909933,-262.0182895139956,-387.9449270263869,7.416666666666667
446,-47.93172309967258,-148.7331184743943,-262.506957482617,-391.32420623620976,7.433333333333334
447,-47.67996314636476,-150.77332961454567,-263.9374716411464,-390.59314995959545,7.45
448,-48.20778744475654,-151.13349360970014,-266.12052947732406,-393.3804854310319,7.466666666666667
449,-48.55213906211408,-151.75549847832926,-265.86566593126395,-393.17169088440573,7.483333333333333
450,-48.19742425935978,-150.83630960778007,-267.2456233769846,-397.35878741982714,7.5
451,-47.344452650628895,-154.22389639828955,-269.7815167309061,-397.4766325272315,7.516666666666667
452,-49.28702230784021,-154.67537143653587,-270.8595609883368,-401.740931734208,7.533333333333333
453,-48.796060010525345,-155.6689551424722,-270.8855629786436,-401.5566975124248,7.55
454,-49.75924834945601,-155.39702997701372,-273.3639414026587,-402.35089317096543,7.566666666666666
455,-50.190976441149594,-155.18315978288166,-273.8174436835803,-407.80550787198223,7.583333333333333
456,-49.21721871026091,-156.3655380938298,-274.1120216491147,-407.4641299212162,7.6
457,-49.59489256209425,-156.01719565170416,-276.87194810449745,-406.09303192324444,7.616666666666666
458,-50.112188699899335,-157.3775094122929,-277.54962927159653,-408.4178988597677,7.633333333333334
459,-50.577978669109896,-158.41917639194952,-278.2251959978516,-413.17863958935936,7.65
460,-49.64134708262209,-159.7408036829844,-278.3958176072512,-413.3119600370788,7.666666666666667
461,-50.39910774843127,-159.8040553820603,-279.44130895370944,-413.9012464069066,7.683333333333334
462,-51.02273077240604,-162.13477573318312,-280.1018905440887,-415.6003524792923,7.7
463,-51.363138795144145,-160.05980394774187,-283.341498278823,-416.10290447372535,7.716666666666667
464,-50.57320894669609,-160.0747944802769,-283.5318465179645,-418.6976042443902,7.733333333333333
465,-51.98533719249171,-161.99909255795146,-282.9082049440545,-420.5276456166466,7.75
466,-51.55444401940771,-163.29213547326694,-285.67926284603254,-421.609054680734,7.766666666666667
467,-52.10596466503218,-163.042411974967,-287.29235738044804,-425.0429041300969,7.783333333333333
468,-52.13178198618291,-163.48970870926746,-286.4100328819788,-426.6436737910969,7.8
469,-50.9015300591195,-164.09921089138314,-290.22487007470176,-427.3812639459125,7.816666666666666
470,-51.86172755564337,-164.8310982959227,-290.9416013277885,-427.18932969325516,7.833333333333333
471,-53.316134148593505,-166.52058613957496,-289.6970322409367,-430.17223238488987,7.85
472,-52.37586257390883,-167.4073848854642,-291.64340341633147,-430.32353449934226,7.866666666666666
473,-52.935981071218265,-168.12187733689447,-290.526032528037,-434.5582856031152,7.883333333333334
474,-52.194696823017175,-165.9590260533855,-293.9139709263357,-435.2164902240247,7.9
475,-53.56472179792783,-167.47354257102333,-296.70914584867614,-438.87919128375586,7.916666666666667
476,-52.150549186052785,-168.88923932127707,-296.1174735973057,-437.63428436226843,7.933333333333334
477,-53.54135499333786,-171.23381356973485,-298.92624829489915,-438.49623349095583,7.95
478,-53.376378390537134,-168.9651908785582,-298.0235226697831,-441.13421836342184,7.966666666666667
479,-53.46036233049055,-169.52982008064552,-298.92670767194016,-442.99102550911675,7.983333333333333
480,-53.246682551075516,-170.57176147523526,-299.5337396826505,-444.74671957480007,8.0
481,-54.1538149434003,-172.13328727613555,-301.0394545414002,-444.77101147156475,8.016666666666667
482,-54.8341840256234,-172.36963517647902,-302.08053125532615,-445.8860317626146,8.033333333333333
483,-54.932115992925354,-173.11966619780225,-301.63976766707214,-448.31895843010227,8.05
484,-54.84492286550868,-172.95969504115564,-304.1643216335231,-450.9969665657565,8.066666666666666
485,-55.34776753872279,-173.419453365726,-305.17472343064793,-449.519277145936,8.083333333333334
486,-54.918611403132516,-173.67830321138445,-306.9597869025351,-453.2754977883402,8.1
487,-54.8547499386875,-172.38385116518805,-305.99094240044775,-455.45320853106676,8.116666666666667
488,-55.65719371335301,-175.56200964998115,-308.99436095893526,-453.1482627143502,8.133333333333333
489,-55.410878929013734,-176.582655851083,-308.91760060198806,-454.74501168856216,8.15
490,-55.551524502080866,-175.16042323965675,-309.91816665907294,-457.45151270954074,8.166666666666666
491,-55.39173849848118,-175.32338205541805,-310.2561343312991,-456.87342736903236,8.183333333333334
492,-55.71575838953868,-177.64472411581417,-311.97511412223747,-460.84849848592125,8.2
493,-57.11220929567708,-177.298758509569,-311.59320818158545,-461.20018566352246,8.216666666666667
494,-57.393901807294895,-177.5623054582155,-312.3923834777579,-462.7031004813989,8.233333333333333
495,-56.26938511103635,-180.3888780101692,-316.6822204051628,-464.9959813076647,8.25
496,-56.001125485016935,-179.21983399001564,-316.20028227867783,-465.2501447999402,8.266666666666667
497,-56.52813958162772,-179.79866487719545,-315.29586808681694,-467.07287289647235,8.283333333333333
498,-56.50190395318758,-179.55234701710063,-314.33622628638005,-467.9591106481056,8.3
499,-56.2706663387367,-181.17320583902435,-316.6462316673351,-470.2435541060398,8.316666666666666
500,-57.61458051763155,-180.6654807450296,-316.83156867375,-473.7911076641787,8.333333333333334
501,-56.78954696827692,-181.50974994481984,-320.7317040223317,-471.3740959054993,8.35
502,-56.88745897090802,-182.10341236291046,-322.36273125840097,-473.9200970925201,8.366666666666667
503,-57.35938704598183,-183.4746376317544,-320.58496193603037,-475.2371476925839,8.383333333333333
504,-57.53199136840074,-182.14474358991487,-322.58665760915756,-477.0347574523612,8.4
505,-58.05537908639539,-185.21929473808635,-323.0497758078264,-477.5905684013138,8.416666666666666
506,-57.66066013661906,-182.3687996622234,-323.94153039279786,-477.52871783363514,8.433333333333334
507,-58.22636546901958,-183.97531757231968,-321.7907535579335,-479.2922433410753,8.45
508,-58.195183170356785,-184.35052368836475,-325.37009428510277,-480.7853917742362,8.466666666666667
509,-58.031796127919044,-184.9880507253921,-325.4581091156929,-481.9578856700166,8.483333333333333
510,-59.15924811384485,-185.87376328689422,-329.16432571659453,-481.30473318750614,8.5
511,-58.341363521497314,-185.6542094224985,-327.2707893125839,-483.2478914073218,8.516666666666667
512,-59.95670586585401,-187.13986516439346,-328.73815070752244,-484.0322583219029,8.533333333333333
513,-59.068587182526485,-187.21213873550678,-328.63179653112917,-485.5677672816014,8.55
514,-59.22707557070701,-187.61626855439565,-330.1576648643478,-486.69988967757007,8.566666666666666
515,-59.28866662736463,-187.36356980238367,-330.8412410740945,-486.5996751897952,8.583333333333334
516,-59.65752862009745,-190.32791399646084,-330.4722128807132,-491.38383930129015,8.6
517,-60.706676588700674,-189.50558286289984,-332.77022856187415,-491.95065903195336,8.616666666666667
518,-60.677446670714616,-190.28192108335784,-332.26782620752135,-493.8056530909279,8.633333333333333
519,-60.20564239304127,-190.56513703809523,-334.054698925752,-493.86131211228513,8.65
520,-58.98200882031358,-189.95694297574195,-334.7260643905114,-493.2231493178743,8.666666666666666
521,-59.90190997097847,-191.03676228122814,-335.80237257039744,-495.7853263495082,8.683333333333334
522,-59.68249023736473,-191.62980716465324,-335.7563975278447,-498.081605843843,8.7
523,-60.505689317048386,-192.3124197172887,-338.1402221907704,-500.41849046210746,8.716666666666667
524,-60.73861851255822,-191.18738814105245,-336.780230040797,-498.5817756716782,8.733333333333333
525,-60.819992687701124,-191.7714186815273,-337.6967028623821,-500.3406335904747,8.75
526,-61.22333276159027,-193.9205560857906,-339.07032394597474,-501.33529779778456,8.766666666666667
527,-61.02286970486133,-193.90326513033472,-341.0377589301845,-503.30593978264966,8.783333333333333
528,-60.752952933912354,-193.4716039792247,-340.6941092037929,-504.473995549638,8.8
529,-60.743028789266525,-193.97651715185674,-341.24576908261787,-504.25417974505143,8.816666666666666
530,-62.9419830967145,-193.92243833867195,-341.49411989254776,-507.16944139171477,8.833333333333334
531,-61.75643401820489,-194.31399774104094,-342.71847618574225,-507.3991596787207,8.85
532,-61.86753250357513,-197.5010628783764,-345.25857422086176,-507.61079110998025,8.866666666666667
533,-62.12638739780489,-196.49925403560172,-345.87087627094087,-508.5952154204082,8.883333333333333
534,-61.850465478065395,-195.88305871498244,-344.0465775101006,-511.04973099429213,8.9
535,-61.60848340653548,-196.64450916967593,-345.02320090922075,-509.6309613296872,8.916666666666666
536,-62.39824084263285,-197.02282658522185,-347.2461402931159,-511.6762618173893,8.933333333333334
537,-62.51865384784809,-196.11002266751558,-348.20748465706254,-512.7782257978738,8.95
538,-62.574991077549036,-198.594419224509,-346.74142956469586,-512.7858106608021,8.966666666666667
539,-63.669763931810905,-198.686051177005,-349.55436840105136,-516.5395040240606,8.983333333333333
540,-62.93380635804804,-198.63230847680285,-350.01121020095087,-517.0802898398979,9.0
541,-62.710256918913096,-199.91199865675185,-349.3004139438036,-516.6447017703172,9.016666666666667
542,-62.21076282179203,-200.930442294206,-349.9813445627765,-518.6447201041108,9.033333333333333
543,-62.95789899432621,-200.47824078196015,-351.7367713330296,-518.1432568111377,9.05
544,-63.56483954422657,-199.39210109933973,-352.37825515137354,-520.3800166344581,9.066666666666666
545,-63.13380887478824,-201.61134416329287,-353.4818572586901,-520.7770155052797,9.083333333333334
546,-63.30714299376648,-200.85786206743316,-351.92124381574956,-523.3976900425116,9.1
547,-63.16254588910512,-202.16917617910715,-355.6509743228612,-522.5726203816362,9.116666666666667
548,-63.18616001816011,-202.3102591936548,-354.335786020128,-525.029665614289,9.133333333333333
549,-63.113289312059024,-201.164404576589,-351.0643631229503,-522.1652061152176,9.15
550,-64.47546220837478,-203.82092242083982,-355.9744095706014,-527.5376665693503,9.166666666666666
551,-64.28719485676784,-200.94379570717092,-356.85881608449455,-526.2475348693259,9.183333333333334
552,-64.10694966071615,-204.90687623665443,-359.004275856006,-530.0812830614797,9.2
553,-64.23757578390266,-202.72475160963535,-357.3207956764288,-530.2999173517228,9.216666666666667
554,-63.98132006471432,-204.57103786665047,-358.2790495357215,-530.4263952238776,9.233333333333333
555,-64.27935349546715,-204.0442945594527,-360.15677011935884,-532.0716634344136,9.25
556,-64.19373224626635,-205.4526359228751,-361.22665537360916,-533.3865517758613,9.266666666666667
557,-65.45526079250662,-205.11986131199316,-359.5804210113503,-534.1553154355057,9.283333333333333
558,-65.29796442783118,-204.61639110446035,-361.54710901394697,-532.9332335881346,9.3
559,-65.22446946768605,-206.60274660997774,-361.13613059417446,-533.965163660489,9.316666666666666
560,-64.76533395546163,-205.40626209532695,-363.4195711537905,-539.6099067144736,9.333333333333334
561,-65.14995623242456,-205.74558444500016,-362.01499907858,-538.2384332256943,9.35
562,-65.86979552905262,-207.78062013300453,-363.9690570999288,-539.3705399181752,9.366666666666667
563,-65.93121292597034,-207.5685726961082,-363.84090987496944,-538.9303539340966,9.383333333333333
564,-65.8542923850309,-207.4233666228406,-364.4476871548746,-537.9191716530333,9.4
565,-65.99104013380308,-209.35585355175738,-367.5870487886801,-540.2790610144893,9.416666666666666
566,-65.52874983011472,-209.84563536003097,-364.6220006519916,-541.8146061824359,9.433333333333334
567,-66.21438038265848,-208.45128709924964,-367.84973822140756,-542.5247943229641,9.45
568,-66.03562793870141,-207.41876825394073,-367.3345848411518,-544.6346156870487,9.466666666666667
569,-65.57256535118,-208.82101221696246,-366.5716809205999,-546.1267516833915,9.483333333333333
570,-66.39026528332568,-208.77050007046566,-367.5931757457601,-545.96674644989,9.5
571,-67.04058312850242,-209.93443148204366,-368.49615526687205,-546.1275467977275,9.516666666666667
572,-65.84605544908007,-210.05809146961218,-371.8181610383059,-547.7684827366106,9.533333333333333
573,-66.32852637084589,-210.01742654165355,-368.23665009587046,-546.3801600327463,9.55
574,-66.53943082351796,-211.07705454315982,-370.72195569924895,-550.8974504102981,9.566666666666666
575,-66.71259062733787,-210.82317816942475,-372.0606747764092,-550.0457963697241,9.583333333333334
576,-65.91559171849137,-211.69289967914568,-370.674714884025,-550.4732597566795,9.6
577,-66.80713882180578,-211.87786906460195,-370.78012173327454,-551.065758873405,9.616666666666667
578,-66.28032846067039,-213.74333139587003,-374.5330151723631,-551.7913440492807,9.633333333333333
579,-66.87868219762771,-213.2653498162578,-374.08905632384744,-551.7545720183111,9.65
580,-66.458701111189,-213.4602063061256,-374.81223578823375,-553.0239145082728,9.666666666666666
581,-67.5936502861506,-213.63245046869295,-375.997814659415,-553.3908967383362,9.683333333333334
582,-66.91749729553372,-213.65071673545546,-374.76926819828145,-554.4145639637887,9.7
583,-67.31383970948605,-214.85484408143833,-377.50242568491507,-557.6391882298011,9.716666666666667
584,-67.41742435853399,-213.91696195689707,-376.4047925510132,-557.497107647048,9.733333333333333
585,-66.94341302105772,-213.5969566213836,-376.626032822383,-557.318337085671,9.75
586,-68.51354025884368,-214.0000856187393,-376.75458263329983,-558.4812770006826,9.766666666666667
587,-67.68100633096935,-217.09814777834055,-377.66038245790804,-559.729281325491,9.783333333333333
588,-67.37310218358947,-215.5617660967581,-377.55739756051696,-561.629000812921,9.8
589,-67.5107802225081,-216.26485990975735,-378.4553446773041,-560.9773753137948,9.816666666666666
590,-67.79774293540443,-215.89156594385298,-380.34565248372616,-560.099659710932,9.833333333333334
591,-68.56036522952357,-217.36872310025655,-378.57871327425335,-561.3759207400414,9.85
592,-68.33323768707378,-214.9981680168991,-381.4838715939305,-562.2819549704898,9.866666666666667
593,-68.16255266009729,-216.77551090337352,-382.10534270458385,-563.6748108856423,9.883333333333333
594,-69.13124388385125,-216.77430023201163,-382.982432466948,-565.9873212919476,9.9
595,-68.98880787836164,-218.3325492575009,-383.78540415859675,-565.6285954284467,9.916666666666666
596,-67.17847672580528,-217.63612357195743,-382.460008686438,-564.8853446456789,9.933333333333334
597,-69.0963088345921,-217.14415936881116,-384.8210288690225,-567.3252269356196,9.95
598,-68.67354142309863,-217.62710177975364,-384.15140652451583,-565.7594603656739,9.966666666666667
599,-69.00217866543291,-218.95288586403942,-385.3646055955334,-570.3549200249166,9.983333333333333
600,-68.81108180053046,-218.09686549999975,-385.34279260807193,-571.0927627925875,10.0
601,-69.06498602144177,-219.84605072573567,-385.2587315174266,-572.8173624662686,10.016666666666667
602,-69.00347483292472,-219.51237823004757,-385.3979640512638,-570.050222277385,10.033333333333333
603,-69.129662640041,-221.13460698060894,-387.7990803947053,-569.9066047039911,10.05
604,-70.22373301413661,-219.8379812834563,-387.2762401874794,-568.625497824768,10.066666666666666
605,-69.5498793503468,-220.6446686120821,-388.88758762532115,-571.7712350408534,10.083333333333334
606,-69.35092374008116,-222.01948976507677,-387.7949396915992,-575.563697242553,10.1
607,-70.76643168001561,-221.83800224775914,-388.85991888367647,-573.1612703286243,10.116666666666667
608,-69.9171850513852,-221.44392442933983,-388.2411614454692,-572.0922776170524,10.133333333333333
609,-70.60172180750877,-220.913875001737,-391.2410734745816,-574.6997424166472,10.15
610,-70.1111229636899,-221.9886253960359,-389.7248289449913,-577.4478478114905,10.166666666666666
611,-70.57038685259357,-220.57454319833872,-390.3345545955221,-578.467111903034,10.183333333333334
612,-70.01258529957664,-223.97705556006255,-388.98178061034514,-577.5314106096147,10.2
613,-69.7739235327784,-220.51041043934242,-390.3347345297179,-576.7246389140599,10.216666666666667
614,-69.69635260378425,-224.87241911559295,-389.9064049669433,-578.2086579919919,10.233333333333333
615,-70.50845253564461,-225.1216577685873,-391.7620460800237,-578.2260287142153,10.25
616,-69.91329535278311,-223.63748114831586,-389.62060482936397,-580.3271145150538,10.266666666666667
617,-71.14958868113148,-224.32396815706332,-393.16649366950327,-579.8488001674831,10.283333333333333
618,-70.54047712335205,-224.18646349454863,-395.295366086972,-581.0743634214548,10.3
619,-70.66617646505888,-226.47247866856847,-394.0666817928374,-583.877267165101,10.316666666666666
620,-70.88714078752419,-224.62370018011993,-394.3277430127473,-582.2269722770154,10.333333333333334
621,-71.16926783159505,-226.95297328975786,-394.5548029517522,-582.1670510076608,10.35
622,-70.41847263600754,-225.5506394848895,-393.04002655857397,-582.0954492660132,10.366666666666667
623,-71.44494070503345,-225.55764589495476,-395.13633015566097,-583.5332579236127,10.383333333333333
624,-70.76351091684853,-224.17229886656946,-398.13039687405063,-585.7236102981386,10.4
625,-71.05660231726584,-227.08797780148817,-396.96622908015695,-586.9532393638411,10.416666666666666
626,-70.82753051136125,-225.15009721877038,-397.9579730517244,-586.4719179365395,10.433333333333334
627,-71.54404431548495,-226.96590729276062,-399.15293267823466,-588.1686678780069,10.45
628,-70.92353941492676,-226.0215092371421,-397.19084714695657,-589.2089620603454,10.466666666666667
629,-71.73946877072719,-226.75940501820926,-397.8438719727018,-586.9899029989937,10.483333333333333
630,-71.72877094522111,-227.1885259788268,-397.2143056699741,-590.3878992440432,10.5
631,-71.69471698123378,-227.44395704064917,-398.4814176749301,-589.3767048011573,10.516666666666667
632,-72.26825648724385,-228.29037376310933,-400.2250525680003,-588.8595970743919,10.533333333333333
633,-71.73026088311578,-228.26634174168416,-400.56651840459966,-591.4236573502798,10.55
634,-73.0013246348976,-226.87665753703695,-400.9411716198915,-592.9531927590028,10.566666666666666
635,-71.81105979815095,-228.3817407889982,-401.1992511847645,-594.4681326313587,10.583333333333334
636,-71.65532231171875,-227.95456767425193,-403.1122411295451,-593.2966341843559,10.6
637,-72.64303543992698,-228.95869422484617,-399.2031914605433,-592.1438675071153,10.616666666666667
638,-72.69805040623397,-227.7669969983024,-402.7440774035949,-593.9963746323372,10.633333333333333
639,-71.4094294164134,-230.3623566306312,-400.84868774828215,-596.6882523850874,10.65
640,-72.35797064059835,-230.39107431826318,-404.28609115600784,-594.8721133841195,10.666666666666666
641,-72.62449983568645,-230.12969669596876,-402.0502259329591,-594.7225132203754,10.683333333333334
642,-72.4314769793751,-230.1304652722783,-403.80288817773516,-597.3728796936356,10.7
643,-73.09275080163923,-228.21695333471044,-402.77425424358717,-597.1359046321546,10.716666666666667
644,-72.86213703731667,-231.1008283261094,-405.00445923891243,-597.7407876023059,10.733333333333333
645,-72.77849711544404,-231.73031401353262,-405.27241540453514,-599.8368519322884,10.75
646,-73.74752371623798,-231.23848942883635,-406.41723156488615,-595.9085636330663,10.766666666666667
647,-72.29689168316867,-230.6568109710492,-404.55415244828276,-601.4497261445374,10.783333333333333
648,-72.57970295076836,-230.19315707381398,-408.2282512076845,-602.3584593062379,10.8
649,-72.80760200898848,-231.95604578704823,-404.73645253159555,-601.0689432273556,10.816666666666666
650,-72.14683281298869,-230.27149601540123,-407.0303099466593,-600.3939635856553,10.833333333333334
651,-73.05839593061394,-230.97435688688802,-406.5740937590618,-603.2016007097131,10.85
652,-72.79541188840082,-232.76702315046933,-407.8350760872043,-600.3292084964543,10.866666666666667
653,-73.35885862918552,-231.1881912289301,-408.54996752552637,-602.8602018597643,10.883333333333333
654,-72.97208863298579,-231.8570501595115,-408.47576103768074,-605.8953079576827,10.9
655,-72.97541326622449,-232.6054362541003,-408.2998537623461,-604.6036231026908,10.916666666666666
656,-72.52223661751613,-234.8534748952856,-408.125508852577,-604.9586578128302,10.933333333333334
657,-73.81461124928228,-232.87345054236303,-410.8867214061593,-606.9230029846591,10.95
658,-73.68933444988221,-233.63446424347697,-411.4334218321298,-605.6812261503918,10.966666666666667
659,-73.88776733183566,-235.33302020514958,-411.1066029505331,-604.5291409341102,10.983333333333333
660,-72.99913982566562,-233.75614393497167,-409.32093104471494,-607.2723909828437,11.0
661,-73.50857174880375,-233.80902926357334,-411.5023275068892,-606.6842553600477,11.016666666666667
662,-73.57317299706791,-233.34436060037186,-412.7096871708358,-608.2396653358171,11.033333333333333
663,-74.96913367246016,-233.48931796188356,-411.5473327936676,-607.0919948974579,11.05
664,-73.34981929440673,-234.96084056244396,-411.0439994261218,-608.8618073813319,11.066666666666666
665,-74.24074847287808,-235.5617437779934,-411.97868744879753,-608.3252705884855,11.083333333333334
666,-74.1784154415079,-233.58594331120585,-412.9049549810995,-610.1373087543813,11.1
667,-73.64300452288839,-233.9031985672579,-410.66344214710404,-609.1071854757761,11.116666666666667
668,-73.94496568104329,-234.63074004042198,-413.2082614792015,-611.7288453519255,11.133333333333333
669,-73.88625258320549,-236.14967952876438,-412.8099395534973,-613.4644615502466,11.15
670,-74.18786853008783,-235.7135414085546,-412.55544936305057,-611.8033992323943,11.166666666666666
671,-73.89349263927659,-234.53215307636063,-414.9304037518944,-610.669067615985,11.183333333333334
672,-74.07916773889254,-236.95791979390071,-414.70279525651074,-612.2740764034148,11.2
673,-74.26896592005954,-235.83842106014725,-413.8511700003818,-613.7969052571501,11.216666666666667
674,-74.35561804087332,-236.06225818231522,-414.1516073289577,-615.1898247404242,11.233333333333333
675,-74.20570330078206,-237.80287669294356,-416.960461582116,-613.8542748410238,11.25
676,-74.26316326988916,-235.9568509733721,-415.24773408323796,-615.7771878572918,11.266666666666667
677,-74.52548144599785,-237.61332955324872,-416.763740771021,-615.2183501757669,11.283333333333333
678,-74.49824438181611,-237.503994598131,-414.77358975673866,-614.1221756594618,11.3
679,-74.82440279223566,-238.31366985575468,-416.740625402346,-616.4450761733558,11.316666666666666
680,-75.34061704478988,-236.7638267102435,-417.5124164178204,-614.0772399065796,11.333333333333334
681,-75.1064189025426,-237.25138172735168,-414.7882211663063,-616.149362073152,11.35
682,-74.82731640206777,-236.89921376291534,-418.28718444038816,-618.1371776300331,11.366666666666667
683,-74.80871787495153,-237.85783495387906,-418.8900134389238,-619.3276435103977,11.383333333333333
684,-75.29882833922257,-237.47581495338804,-417.4798993251678,-618.174708483773,11.4
685,-75.86005987012265,-238.75612445119572,-419.7190444723428,-616.8901773259649,11.416666666666666
686,-75.02114300406794,-238.7115399512516,-420.0345551923822,-618.6296523904422,11.433333333333334
687,-75.53509974198342,-238.82089892886322,-418.2844793410042,-620.2122182262955,11.45
688,-75.00163158945679,-237.7763510413718,-421.58110858906434,-619.9513870186479,11.466666666666667
689,-75.2917779377258,-239.03932134403908,-421.65582997173806,-618.5031556268223,11.483333333333333
690,-75.84322404918854,-238.78578142077188,-419.95483672221303,-621.361036659608,11.5
691,-75.52248897252407,-239.8319961044252,-418.62463185480414,-620.7937121709786,11.516666666666667
692,-76.09075057921663,-240.3938237682575,-420.32113438974466,-624.1973690250101,11.533333333333333
693,-75.9168025141812,-239.3044395331573,-421.22627145579287,-623.3151347164293,11.55
694,-75.31855404516618,-240.7789951849855,-419.65649130447025,-623.6903989128065,11.566666666666666
695,-75.16573533865488,-241.06237788664757,-420.6053726182958,-623.2859875308488,11.583333333333334
696,-75.0974357987962,-239.23857906509602,-421.11874821282805,-622.6617604195187,11.6
697,-75.3692144524535,-239.00255068346922,-420.9705215351566,-622.6503129421111,11.616666666666667
698,-74.91308608771403,-240.43095248440738,-423.06895186462583,-625.2513904823495,11.633333333333333
699,-75.71787864391221,-239.52239593266157,-422.49677922115774,-624.4012309949533,11.65
700,-75.9823255690464,-240.3602598604271,-422.6472125970101,-625.1509302425628,11.666666666666666
701,-76.0966792483574,-240.55732320960715,-423.0338618846481,-630.053120593651,11.683333333333334
702,-75.85913892003084,-240.9148135580689,-423.1603766931435,-627.1269288968615,11.7
703,-76.07563965725544,-242.08420820218348,-423.72759911108835,-626.5160783833163,11.716666666666667
704,-75.90064670500983,-242.12933014408247,-425.0261683304171,-627.013047408422,11.733333333333333
705,-77.07657310402054,-240.2513845181387,-423.50414063349905,-629.0952577393175,11.75
706,-76.23465710730298,-242.36204307452928,-424.75723244343953,-626.8612908471858,11.766666666666667
707,-76.81205119527792,-242.01065190511486,-428.05992152938927,-626.7395040990514,11.783333333333333
708,-75.59832353566131,-242.05649554987812,-425.92430147073867,-629.99449418652,11.8
709,-76.76256982483216,-242.67365740093712,-425.71910111728215,-629.5644431294592,11.816666666666666
710,-75.65331531341262,-242.72177166124303,-428.0169449531738,-628.9941826281164,11.833333333333334
711,-76.53716452340177,-241.8931168100586,-426.2113556298031,-628.2158629831322,11.85
712,-76.71689649849448,-242.34980173640585,-427.8869218811442,-628.689845262109,11.866666666666667
713,-76.60220754471605,-241.9233248394408,-427.63493755313766,-628.7060742785668,11.883333333333333
714,-75.58750774193531,-245.01292300627563,-427.7859285822389,-633.3514874354926,11.9
715,-76.26453242245236,-242.9633912895623,-429.05089120638695,-632.3583978551653,11.916666666666666
716,-75.58052666878405,-242.19632943278808,-425.568733109616,-631.8972359333126,11.933333333333334
717,-76.80228878255167,-242.19645918102785,-425.8732050360068,-631.8596700682738,11.95
718,-77.84085990630172,-243.7699873972616,-429.2082115232836,-632.8772955476572,11.966666666666667
719,-76.88154092987547,-244.83585183692193,-427.50853911951685,-632.7756427087181,11.983333333333333
720,-76.91167571690718,-243.42156158569864,-427.602899101566,-635.7348835968938,12.0
721,-76.4068247210334,-243.38524622403463,-431.07515710350145,-634.1307586643958,12.016666666666667
722,-76.94658419713399,-244.40603634304736,-429.18119692938586,-633.5246537412302,12.033333333333333
723,-77.09150644170099,-245.09669855853798,-430.72079389254526,-633.4918212514112,12.05
724,-76.43158687447091,-244.3063715566513,-429.6142259716124,-635.7834653592657,12.066666666666666
725,-76.94382234986145,-245.91389036272722,-431.05660899960696,-635.4840125876602,12.083333333333334
726,-77.22105093746245,-245.13200907430772,-429.1266006221875,-633.2632918410359,12.1
727,-77.1627632948792,-244.2781238116035,-430.2891074043344,-637.2938272042327,12.116666666666667
728,-76.90003139279806,-244.85053913937057,-429.63563224815186,-635.9680666363756,12.133333333333333
729,-76.13952404532019,-245.04138190087897,-433.15016649235076,-636.5389006708926,12.15
730,-76.9631491549558,-244.32237392965652,-432.2388181915187,-638.3295061320445,12.166666666666666
731,-76.09341263288105,-244.46549764474312,-431.423052481268,-637.1375000371264,12.183333333333334
732,-78.01129096346847,-245.4887047604339,-432.03432392180076,-637.1388307925944,12.2
733,-77.2921437916403,-246.8362835062648,-430.5326192791898,-639.5708760405745,12.216666666666667
734,-77.06586924276652,-245.87280917234,-432.5182548938789,-639.7283330979199,12.233333333333333
735,-77.27134990877093,-244.653051036828,-432.48073528321885,-637.2641542061427,12.25
736,-77.42313098477955,-245.74153519519402,-433.2627326128309,-638.3303862231257,12.266666666666667
737,-78.28957130322505,-247.02469261893086,-431.70421472158233,-641.2449834213872,12.283333333333333
738,-77.15398733364633,-246.4729184775872,-434.1271722367128,-639.352743536328,12.3
739,-78.20375539327773,-246.27649191949814,-434.2526308724535,-642.120351718921,12.316666666666666
740,-77.57221506274048,-247.00468615236196,-432.9548347527912,-640.5173161582,12.333333333333334
741,-77.3401681919113,-247.7566825575373,-436.1355516337635,-640.1831839508318,12.35
742,-77.55920449315951,-246.99470280595165,-434.55123849881755,-640.9228102643008,12.366666666666667
743,-76.95495880831912,-247.43502390894173,-433.44314300125774,-642.7371039804009,12.383333333333333
744,-78.08972800745006,-247.5838734966401,-433.9190925904675,-641.7829295755237,12.4
745,-78.47430697927526,-247.56229033253882,-434.18459431021523,-643.4451606494611,12.416666666666666
746,-77.85405910965706,-248.408417218512,-435.575378181524,-642.2013269047887,12.433333333333334
747,-78.12826755340099,-246.85391070423503,-434.4515081794802,-645.331032653108,12.45
748,-77.78995178598568,-247.77786613339853,-435.2687705957744,-644.3392253896365,12.466666666666667
749,-78.25013838092306,-247.08274806267698,-436.52611912245555,-645.6904833307441,12.483333333333333
750,-78.52430451699846,-248.12815829193235,-436.57133119230286,-643.9723180605246,12.5
751,-77.94195945510107,-247.9312634120981,-433.33803250825235,-644.9397193708867,12.516666666666667
752,-77.91991793499186,-249.51221676389923,-436.777898811043,-645.7961865935786,12.533333333333333
753,-78.66021531216887,-248.08752342084293,-437.6939867444433,-644.0337690220889,12.55
754,-77.86193497507044,-249.94192061893688,-438.54226023204194,-643.5699825517817,12.566666666666666
755,-77.79997929360839,-248.07768710158447,-438.6895733928146,-646.5586631268201,12.583333333333334
756,-77.74938103023933,-249.8478861848823,-438.99996022008526,-645.5547553710252,12.6
757,-78.41093621940355,-249.55238384744646,-437.95282547914593,-646.4878869385552,12.616666666666667
758,-79.00712975894825,-248.48417402401216,-436.9879247651093,-644.876425840167,12.633333333333333
759,-78.90070772039213,-249.84840578226016,-437.22341110881723,-648.0276214187996,12.65
760,-78.83849617343725,-249.4431150742877,-436.33189526262487,-647.1561844895738,12.666666666666666
761,-79.06391385423055,-250.13936853728498,-437.09909480426006,-648.1259734678413,12.683333333333334
762,-78.11545213107944,-250.20454378335202,-439.51199557036784,-649.2458132052134,12.7
763,-79.10951204911872,-248.69391509157788,-436.7830576042121,-647.1166137090678,12.716666666666667
764,-78.73602764840598,-249.0470569103054,-438.15878586937174,-649.7304837760604,12.733333333333333
765,-79.24078988281798,-249.72756677421341,-437.9728741230102,-648.9737716677009,12.75
766,-79.19690174407613,-251.2738341707467,-440.62031567139934,-651.5677228991011,12.766666666666667
767,-78.9137808643611,-249.4988325019973,-439.87554286804107,-645.6193423491362,12.783333333333333
768,-78.95568982393634,-249.85754589443772,-442.3135856744967,-648.8741320524335,12.8
769,-79.04740704216634,-250.26536858829294,-438.40702926874405,-648.5227611554091,12.816666666666666
770,-79.19560434076244,-250.92685385604506,-438.7643010491809,-651.575135531723,12.833333333333334
771,-79.4197908154821,-250.35327271040887,-439.7343980505399,-652.3162502759006,12.85
772,-79.38136230418172,-250.8901733596273,-441.6643258917162,-649.6337299517562,12.866666666666667
773,-79.78931889243549,-252.23558372352562,-441.66577578625044,-651.3166457494715,12.883333333333333
774,-78.79402417393126,-250.45165040330664,-441.51540231536956,-649.6021811467191,12.9
775,-80.92953668900215,-249.52373577386206,-443.0371438166562,-650.7083923777969,12.916666666666666
776,-77.98586873170876,-251.7032936721262,-440.49378317731754,-652.3528379230048,12.933333333333334
777,-79.16203046426865,-250.1903417456582,-439.8166203850825,-652.8812568480114,12.95
778,-79.71610652829959,-251.03383061991687,-439.8458770804394,-652.402284017414,12.966666666666667
779,-80.33313405724459,-250.90891892900206,-441.40591507239327,-650.3917513474008,12.983333333333333
780,-79.0456194564185,-250.88798914250458,-442.5668652685631,-653.7508358308007,13.0
781,-78.30805240733459,-250.1373290170414,-443.43577430405975,-656.4823723695811,13.016666666666667
782,-78.73164500780932,-251.470643022132,-443.78831010196126,-654.1563379084336,13.033333333333333
783,-78.96774838086877,-250.23599738925276,-440.81356952945345,-654.3801497678352,13.05
784,-78.95315563202362,-252.22202862716986,-444.6952239193941,-655.1770320507462,13.066666666666666
785,-77.99788669973825,-252.13452284473277,-442.73992255420904,-653.6062309367318,13.083333333333334
786,-79.3202889858148,-253.25939919279583,-441.15696907493265,-652.7308011341521,13.1
787,-78.91264274193634,-253.19689533574478,-441.37242792723634,-654.7397378446506,13.116666666666667
788,-80.30356084981003,-253.06896552751215,-442.9468167432005,-654.9021311205095,13.133333333333333
789,-78.82886521141458,-251.1269136314873,-444.54189888938976,-654.1258350584199,13.15
790,-79.31650844880609,-251.75437245337363,-443.7015112264381,-656.9821123271081,13.166666666666666
791,-79.5204210518858,-253.11270615475811,-444.26260254057667,-655.6985724491981,13.183333333333334
792,-78.88368117848965,-254.90488876453202,-443.3710020339506,-657.3704980685143,13.2
793,-79.92219733165076,-251.0992049416008,-444.31287408233214,-657.3984431409303,13.216666666666667
794,-78.44786345461405,-253.17565471571916,-443.3898923793817,-657.1299290857677,13.233333333333333
795,-79.75216050796567,-252.00319307805066,-443.8385529189358,-656.8725530570192,13.25
796,-79.8160080121288,-251.65613303275737,-443.83758688370034,-656.5949852994977,13.266666666666667
797,-79.2278736719052,-253.39522295149402,-443.18590300079944,-656.0741981226082,13.283333333333333
798,-80.39887183230061,-253.4671425184382,-443.78542971947314,-657.4957463588802,13.3
799,-81.07321289064734,-252.97657147691854,-446.2982367841713,-659.1976774272164,13.316666666666666
800,-80.59329686862814,-252.63580794070808,-444.23114251369293,-659.0032627713906,13.333333333333334
801,-80.20963954687075,-253.7308607260673,-444.8336925691163,-659.3357634265853,13.35
802,-80.1841875152287,-253.1566736567605,-446.0900673718855,-657.1037732993631,13.366666666666667
803,-80.27917723949315,-252.89545992024946,-446.1437104307843,-659.2746557590756,13.383333333333333
804,-80.59832261451791,-253.60862996276032,-447.88666141905236,-658.4440518320331,13.4
805,-79.57920952094408,-254.60056228071483,-445.41674534929103,-661.2255598742621,13.416666666666666
806,-80.28049247811268,-253.90710149188894,-446.7236045075635,-659.2675795172191,13.433333333333334
807,-80.03023976050454,-253.43228928558685,-447.1239310998255,-659.1400385333067,13.45
808,-79.98090253787718,-252.1090709840252,-446.5750790854278,-660.0002546525542,13.466666666666667
809,-79.8518909671766,-254.7765929489353,-444.99200682907355,-659.995910439372,13.483333333333333
810,-80.46021726588108,-255.19906692280534,-448.020559783289,-660.9582482708014,13.5
811,-81.25003790529172,-253.3890494181699,-445.2529141559622,-660.0320916079896,13.516666666666667
812,-79.49919430273144,-254.05836428878916,-447.2929497232261,-659.3986829599627,13.533333333333333
813,-80.14487292626636,-256.778787525654,-447.8423374275862,-659.46743033719,13.55
814,-81.13893251054941,-255.38986538081687,-448.38503151698217,-663.8311865731894,13.566666666666666
815,-80.11264876797163,-255.63804684347522,-447.65486684143235,-660.1402875163604,13.583333333333334
816,-79.49727765072913,-254.70228177091204,-446.96391387280977,-661.5430298968514,13.6
817,-80.64049681955726,-254.4151071786488,-448.182487980455,-660.0980078366232,13.616666666666667
818,-80.26014319488536,-255.75995217018558,-447.3385364124797,-661.6878632994219,13.633333333333333
819,-80.39117967561762,-255.32854830099933,-451.6124900626602,-663.3074470097839,13.65
820,-79.68150395841943,-257.0545723416285,-448.22261651389687,-662.7663938890877,13.666666666666666
821,-80.93590260977255,-254.95147526394362,-449.0432017612243,-662.5281408696457,13.683333333333334
822,-80.32737283902527,-255.1208550473584,-447.5985024904906,-664.1624591700416,13.7
823,-80.17148736739028,-255.39952657388474,-450.8602400957671,-663.7346305611449,13.716666666666667
824,-80.88920091720165,-255.22920556172548,-448.5013054529061,-665.48713759387,13.733333333333333
825,-80.71799356974705,-255.21652717230788,-445.750209708566,-664.5429464819551,13.75
826,-80.11365489490487,-256.7721177343655,-449.7085519194149,-662.7162452480138,13.766666666666667
827,-80.82701788436525,-255.26134267297275,-447.2537089247673,-665.5875737465658,13.783333333333333
828,-81.64788278297827,-255.4017052600344,-451.39991343083057,-663.5962639512302,13.8
829,-80.91945505955691,-256.79267158910363,-449.1013109403253,-664.1779593198827,13.816666666666666
830,-80.48109251768537,-255.90510264601136,-447.17772086819235,-664.1643438022028,13.833333333333334
831,-79.89648479113305,-256.11579461360475,-449.76044863152885,-666.2641855110727,13.85
832,-79.90739272523501,-256.25032641731,-447.725563495519,-664.8452886916187,13.866666666666667
833,-81.24555370922971,-256.275111586397,-451.0859980086584,-666.5490805976773,13.883333333333333
834,-80.61848213933872,-257.1803284853171,-450.8996823992669,-663.8598952289497,13.9
835,-81.02731126211702,-257.65241327428475,-451.3601348754154,-666.5517681832822,13.916666666666666
836,-80.68695465584159,-255.43730323679475,-451.41209473040084,-664.8382317172477,13.933333333333334
837,-80.86641835746335,-257.8513192026016,-448.96811131012004,-667.9058100761914,13.95
838,-80.64812274221191,-256.6719220038161,-450.5125414223964,-665.7108422117565,13.966666666666667
839,-80.53878636800054,-257.2468474255364,-448.82803129843984,-667.3792087140819,13.983333333333333
840,-80.47991296168436,-255.29218744372395,-449.9910651953398,-667.8607534488699,14.0
841,-80.45165007358214,-257.6853342204639,-450.8339143776808,-664.8471117317304,14.016666666666667
842,-80.84298579917757,-257.7166945861952,-450.1133715667024,-669.5556781665779,14.033333333333333
843,-81.05605235296643,-257.9368460982687,-451.44592439618026,-668.267780486295,14.05
844,-80.53567832573896,-255.07459922912832,-451.0576224275007,-668.0152758014555,14.066666666666666
845,-81.25911893266343,-258.7464840959579,-452.75039943527753,-668.0711616224177,14.083333333333334
846,-81.47066752016657,-256.2793792064698,-452.01289603464573,-669.0186493951066,14.1
847,-80.64564613685816,-257.0108087520109,-450.5101346298281,-669.443490646735,14.116666666666667
848,-81.01876770091286,-257.61142997305234,-452.48038558831246,-666.2316221160654,14.133333333333333
849,-81.00060668698787,-256.1957767616915,-452.7684829077281,-668.8635165185716,14.15
850,-81.15651311313123,-255.75679759643603,-451.6307028084923,-666.9982322257359,14.166666666666666
851,-82.2217133036651,-258.42074752528174,-451.6074799834367,-668.0799919135776,14.183333333333334
852,-80.58289608347204,-257.7350429752833,-453.2317278731893,-671.2378345494388,14.2
853,-80.83509036107317,-258.30730224774794,-452.35868500110536,-667.7614575358662,14.216666666666667
854,-80.70358786433903,-259.23751202955015,-450.8912397413509,-669.4936414832534,14.233333333333333
855,-81.51039171454893,-258.68183502764464,-451.8711461528672,-669.0313415444041,14.25
856,-80.16514373853842,-258.2841635606877,-453.4035124829579,-670.8623876441942,14.266666666666667
857,-81.0473239909626,-258.5427509054706,-453.6771646700128,-669.9551141542745,14.283333333333333
858,-81.79855471502312,-257.8044677485687,-453.9984276238619,-669.4310792822934,14.3
859,-80.68977229685125,-258.74851896511404,-454.38954159691775,-672.2132315235456,14.316666666666666
860,-81.20431124036504,-258.1828660500572,-453.4441703373095,-671.0481387877945,14.333333333333334
861,-81.0135408851055,-258.27500847875064,-452.07027428188866,-669.1475646546386,14.35
862,-81.55972850167493,-256.25176602621127,-452.1707828269765,-671.0033522981934,14.366666666666667
863,-81.48034770170123,-258.3874176534162,-454.97218291821855,-672.4415367743703,14.383333333333333
864,-81.03445315299642,-257.62552167004065,-452.88808281470153,-672.0204767439579,14.4
865,-82.04339987166107,-258.17601469289735,-454.34550271061437,-672.2955544007459,14.416666666666666
866,-81.43939443278266,-257.1877877474512,-454.14098411228906,-671.3147853059959,14.433333333333334
867,-81.85470290652371,-260.2355606895402,-455.78416551755424,-669.9660129248406,14.45
868,-81.79003117524168,-257.64543572362584,-455.2551356893721,-671.4908398918068,14.466666666666667
869,-80.76842305987383,-258.75253708876613,-454.4281620716719,-673.06856025423,14.483333333333333
870,-80.68420709576127,-259.2052791382519,-456.27680412002553,-672.5062447805941,14.5
871,-81.19135014446626,-259.93431960529904,-454.4735457952833,-672.8442959968128,14.516666666666667
872,-80.94066680760979,-258.49811847777903,-456.24713113221924,-673.2362905612708,14.533333333333333
873,-81.82709419779827,-258.58318015720107,-454.6814856496412,-670.7977455064624,14.55
874,-81.90638383655619,-259.44762461541535,-457.9620389937218,-673.1210419331953,14.566666666666666
875,-81.28555405082275,-259.79573204627354,-454.5946533089094,-674.1573858352101,14.583333333333334
876,-81.06283950899511,-258.94033121777034,-455.4063877805366,-672.8366791296462,14.6
877,-81.78916974080643,-259.5199094734544,-455.4294264521394,-673.2189747276736,14.616666666666667
878,-81.42508161551577,-260.76294166659176,-455.8692299112837,-673.6444295470351,14.633333333333333
879,-82.39190592629944,-260.28368018448316,-455.15349137316423,-674.0935905634614,14.65
880,-82.41272077295314,-258.99756665638307,-453.4993893525614,-673.665787809642,14.666666666666666
881,-81.30110366359544,-260.8945461685116,-456.8903575178743,-672.3589171557542,14.683333333333334
882,-81.44595858152003,-260.009222912163,-455.8926671186679,-675.4480637302734,14.7
883,-81.34841719141683,-260.0235086217947,-457.87655208061415,-675.2860271108862,14.716666666666667
884,-81.87462658325346,-259.5385239781878,-454.93032808524333,-675.3802648401286,14.733333333333333
885,-81.70178535776273,-259.87397588175344,-456.55113180483977,-674.3208316306975,14.75
886,-82.14246368315796,-260.6641785361975,-455.0913354328257,-672.825489474204,14.766666666666667
887,-81.58408888019926,-261.3008304820705,-456.3848412353499,-677.4507387195948,14.783333333333333
888,-82.00892013684147,-259.5747170544925,-456.7633621261904,-673.5620546206785,14.8
889,-82.85269438895591,-259.8487199457141,-455.52258771428114,-674.4456807635528,14.816666666666666
890,-81.68054742118852,-258.8982676597156,-457.9269189254976,-673.662108558558,14.833333333333334
891,-81.93193772677738,-261.15101293781714,-455.9316144271503,-675.421306777032,14.85
892,-81.56286873993427,-261.15132840293626,-457.0452447970215,-673.8794705117722,14.866666666666667
893,-82.49694201764376,-260.93900582855036,-458.85011959715143,-677.7195084375873,14.883333333333333
894,-82.15126440542706,-260.32134157146356,-457.32424136970883,-674.5857171380753,14.9
895,-82.76745065932661,-260.372682453245,-457.9239261461792,-675.8486766525899,14.916666666666666
896,-81.07181613341491,-261.7190978610278,-457.233911304883,-675.2930707225493,14.933333333333334
897,-81.37687776775776,-259.4062038456637,-460.2374546261816,-675.0585892007718,14.95
898,-82.53370452948334,-261.58312830623606,-458.3644402474976,-675.8477105931743,14.966666666666667
899,-82.08616778165674,-260.37291675811457,-459.33960143195526,-678.0739587674922,14.983333333333333
900,-82.00996247715075,-259.70231013014444,-459.77614827999435,-680.3912874540813,15.0
901,-80.91773685949079,-260.76026381516584,-458.2802174995586,-677.0098240527622,15.016666666666667
902,-81.42561504606756,-261.75756770169284,-457.01011161951305,-676.739887241105,15.033333333333333
903,-81.4152299636237,-261.0142472669691,-457.88995010653343,-675.8325423740387,15.05
904,-82.32094798201042,-261.2254835602952,-459.20125242341203,-677.2332718931044,15.066666666666666
905,-81.93976296340941,-261.1162789661343,-460.6169684935429,-677.4122227399309,15.083333333333334
906,-82.34141774095511,-260.96821211721124,-459.5297842213538,-678.4749878523379,15.1
907,-82.01147595860195,-260.05756629319956,-458.47648688148865,-677.0351336228475,15.116666666666667
908,-81.84066198294316,-260.02546920379575,-458.6942728773943,-677.579290849273,15.133333333333333
909,-82.34747403925424,-261.5870639459268,-459.51327584636795,-676.697282496315,15.15
910,-82.6537600750674,-260.5672906840506,-460.21246692117097,-677.0285266988476,15.166666666666666
911,-82.86634697578316,-260.00497649088726,-457.4915511865172,-676.8636502635911,15.183333333333334
912,-82.60749700127595,-260.5211601645925,-457.90100802752494,-678.8247638169506,15.2
913,-82.70790079485637,-261.2680433420037,-456.70136034656156,-677.5875591183848,15.216666666666667
914,-82.83176568657021,-261.0657674886902,-460.06642585100127,-677.587466203966,15.233333333333333
915,-81.80066299463407,-261.3577983730444,-459.11075577490027,-679.453306845488,15.25
916,-82.7191221523623,-262.5495513641047,-460.9733438316157,-678.7144570895557,15.266666666666667
917,-82.02051534329397,-260.2354883747166,-459.0556198364076,-678.7032678621995,15.283333333333333
918,-81.5925932987217,-261.476397587184,-459.86157809354427,-678.5702825709789,15.3
919,-82.58205387386563,-260.76730723993586,-456.7734645802744,-678.6656086625327,15.316666666666666
920,-82.5628248345995,-262.23791680072145,-460.60362039445573,-679.3919722733923,15.333333333333334
921,-82.64255657791615,-261.44300244073946,-460.21606954716253,-679.541630159886,15.35
922,-83.55504361789107,-261.8811569521566,-459.7495188515156,-678.1291032874904,15.366666666666667
923,-82.43621973244417,-260.4352289805118,-459.3314355010154,-679.4973234233648,15.383333333333333
924,-82.37687668465306,-262.2434113390944,-460.13577926469924,-679.6804822656487,15.4
925,-82.05510315256342,-262.70740957714366,-460.0190424236745,-680.6408774806499,15.416666666666666
926,-82.19991812915669,-262.02676201585615,-460.1264148694891,-681.0222761212157,15.433333333333334
927,-82.40858043933443,-262.04538813691966,-457.84491367067005,-679.1443811931441,15.45
928,-81.88802471558058,-263.08870431094255,-459.86929301622723,-680.4727838757386,15.466666666666667
929,-82.99568817283169,-262.2120320627273,-462.1067466885934,-680.8925966082869,15.483333333333333
930,-82.82259533159514,-261.75322036101704,-460.4554663441346,-679.9718152587415,15.5
931,-81.95476320174718,-264.3026263439391,-460.58894725447726,-679.0748709205832,15.516666666666667
932,-81.86721372884031,-263.52452014397494,-460.09029670444056,-679.8244567332246,15.533333333333333
933,-83.52194468488705,-262.74804027777066,-462.86820470732323,-679.5374678336244,15.55
934,-82.37603143510806,-261.1239817646371,-460.05579844966945,-682.3561612148986,15.566666666666666
935,-83.80113236659453,-261.4439556583462,-460.0092859740073,-679.349989007565,15.583333333333334
936,-82.13400816159243,-262.92277282895213,-462.9407540432208,-681.8498317103932,15.6
937,-82.60624174095335,-262.46839773371255,-461.42985915057994,-681.9195086402718,15.616666666666667
938,-82.41410984830472,-262.84227044572737,-462.9130784482545,-681.0991046553036,15.633333333333333
939,-82.89505353887098,-262.21756104709493,-462.81692250460145,-680.9205364232579,15.65
940,-82.21920637539685,-262.6419528471805,-460.31545804131133,-681.2439837863311,15.666666666666666
941,-82.8312646549223,-263.5032034809035,-460.33393215761646,-682.5322148435096,15.683333333333334
942,-83.49904115956699,-263.5575572139011,-461.83592221009565,-681.4944164252137,15.7
943,-82.59793078543409,-263.71838666225995,-460.7043008135546,-681.4062048611992,15.716666666666667
944,-82.30568193033638,-262.1284634068965,-460.4273096496315,-682.9221893823975,15.733333333333333
945,-82.63760864490612,-262.81461043411895,-461.6173755594748,-682.2545673972521,15.75
946,-82.24890326362096,-263.12234434260984,-463.7920265355808,-684.3139138618117,15.766666666666667
947,-82.67261414165041,-264.0965100100072,-462.51984962996414,-682.5874243881617,15.783333333333333
948,-82.18789264816832,-262.63545655680343,-462.23216786484943,-680.1072590893132,15.8
949,-82.85250850659529,-263.38140997048015,-460.56148048478497,-685.8502167926853,15.816666666666666
950,-82.73659532179715,-263.8485427642543,-461.3695382032072,-684.3654275947512,15.833333333333334
951,-82.6114527424173,-262.59443018007676,-462.36995494432716,-683.5451251098942,15.85
952,-82.39935353083455,-263.2548917905362,-464.28427102701875,-684.1339178369525,15.866666666666667
953,-82.51394443967405,-262.118988282447,-461.94478961937324,-684.8766545466501,15.883333333333333
954,-82.37728582357066,-262.5172790651297,-464.4026128103288,-683.4854448767209,15.9
955,-82.15595237183821,-263.5064404607874,-461.2802597797222,-684.2804040953985,15.916666666666666
956,-82.97065676387027,-263.9584262824553,-462.6413609462809,-683.2363485337614,15.933333333333334
957,-83.15323433777789,-264.1347884741477,-462.48138158847354,-686.3624620819522,15.95
958,-83.20206871567117,-262.1740870519276,-462.11660632525746,-679.8654051267932,15.966666666666667
959,-82.95285974942084,-264.64881855304304,-463.65166574250105,-682.3608877033122,15.983333333333333
960,-82.43034284228384,-263.6656831471168,-462.0226938518095,-682.8922641117514,16.0
961,-83.23981467086969,-262.60922252249213,-461.9462823195921,-683.3031760215982,16.016666666666666
962,-83.10637660438455,-262.74101000021295,-463.7477573714299,-683.8738661661712,16.033333333333335
963,-83.49344049525959,-263.45109472338254,-462.92322135818114,-683.9112879224035,16.05
964,-82.45979969068914,-263.47038820344574,-464.0265766237284,-680.3638154631802,16.066666666666666
965,-82.16038384346183,-263.8812465856796,-464.21222268274295,-683.8871261278013,16.083333333333332
966,-83.02923595029685,-264.5183526215105,-462.4726552279251,-685.0795418395467,16.1
967,-82.93755992138729,-263.0603854237669,-463.81983055005753,-685.068258580447,16.116666666666667
968,-83.07660724216704,-264.3929343469395,-462.4757833880229,-683.520262340296,16.133333333333333
969,-82.6557868456571,-264.0533484585407,-465.7490705513857,-685.8872977830231,16.15
970,-83.66087150503031,-263.7035800326073,-460.8310880753813,-684.8244856267924,16.166666666666668
971,-83.47962360784197,-262.0749035109003,-463.3968892579012,-685.2985248195993,16.183333333333334
972,-84.04173461339867,-263.37435260084277,-464.1986710904562,-684.2167363463625,16.2
973,-83.23339700295108,-263.67810064854484,-464.95332079204337,-685.3766508055797,16.216666666666665
974,-83.36614370711817,-264.4773981141515,-463.7415222632875,-687.5455305412717,16.233333333333334
975,-83.0676652147487,-264.38238939712795,-465.74425472650887,-685.4282377439853,16.25
976,-82.76767983183981,-263.5403656746073,-463.7138847275761,-686.7068874203427,16.266666666666666
977,-82.88182465053318,-263.82333691357775,-464.348879179127,-684.7193764071192,16.283333333333335
978,-83.42617598193286,-263.0476242908438,-464.23641974475487,-685.3198030843778,16.3
979,-83.41806802334457,-262.3084722126587,-462.31377190976394,-686.3612699471666,16.316666666666666
980,-83.95377900637727,-263.78150111707805,-463.9006876739251,-685.482953699681,16.333333333333332
981,-83.3003401580995,-264.116219021509,-465.4563283851374,-687.2156523011536,16.35
982,-82.97015234396886,-264.58689931114867,-464.4692295101275,-687.2330876145561,16.366666666666667
983,-82.40986333609872,-263.98141948873695,-463.1962885979971,-687.0435699107649,16.383333333333333
984,-84.0693741899809,-264.06907421338633,-463.85283565954927,-687.9543096362925,16.4
985,-83.04320256074932,-262.962212908148,-461.9865411120857,-686.1498248479637,16.416666666666668
986,-83.63356850752967,-265.26162653441855,-463.82977963152223,-686.2089310516259,16.433333333333334
987,-83.5988698981104,-263.01381158577436,-464.3831183563202,-685.6088974305167,16.45
988,-82.94397769455622,-264.93318863051513,-462.57117293203504,-686.4944978780153,16.466666666666665
989,-83.43446871775241,-264.7689097974839,-463.5190846918473,-687.2741416209088,16.483333333333334
990,-83.09054860529082,-263.86716836270574,-465.40375762220805,-686.035373474769,16.5
991,-84.13631920510137,-265.045960300416,-463.1609171836645,-686.2427760838173,16.516666666666666
992,-84.11343837836365,-265.53988862503314,-464.993668508531,-688.3860628208892,16.533333333333335
993,-83.5431431634948,-263.12749290413336,-465.8772449466871,-687.420515807603,16.55
994,-83.5569327439107,-263.37284704067775,-464.47801054610085,-686.3979265062361,16.566666666666666
995,-83.89965156749604,-263.0930267608542,-462.7915347296559,-690.7823294042115,16.583333333333332
996,-82.96236754118515,-263.22216176349696,-465.016073842746,-688.5999567507209,16.6
997,-83.15247334115949,-264.6825450003899,-465.7016957116576,-685.635663999469,16.616666666666667
998,-83.5956662637974,-265.21195475551247,-464.15806033487814,-688.242643788155,16.633333333333333
999,-83.8238872457666,-263.37168657909507,-464.2325969817434,-689.2978325980444,16.65
1000,-84.15954934827207,-264.679442436142,-466.0761875809658,-688.3262373900232,16.666666666666668
1001,-83.58136674830963,-266.95605740744804,-466.14700642053276,-686.3509470063952,16.683333333333334
1002,-84.51089880825022,-265.6300294083095,-465.7647190350262,-688.8587495686513,16.7
1003,-82.69813415913792,-263.9619893224204,-463.91079628214754,-687.1403492268744,16.716666666666665
1004,-83.439520159142,-264.5779498151108,-464.19050536780634,-688.1080309697164,16.733333333333334
1005,-83.94189576320248,-263.9128189907353,-464.562137478353,-688.0144741914029,16.75
1006,-82.94068507542502,-264.6142471662798,-466.07750892271895,-687.4403806318503,16.766666666666666
1007,-83.06562807011203,-265.5934627602003,-465.0854040773513,-688.3127181776531,16.783333333333335
1008,-82.77956393079698,-265.95062600529644,-466.20787240429746,-687.910419281474,16.8
1009,-83.25271216268574,-265.3229798155541,-465.94122297491236,-687.3460922556072,16.816666666666666
1010,-84.20809379852626,-265.2201163318616,-465.28269286255073,-686.8898534067645,16.833333333333332
1011,-83.50188476114916,-264.98661060993004,-465.9072872734275,-691.0153921248539,16.85
1012,-82.55483910433952,-265.20334303527034,-464.65203249702734,-688.3840494716537,16.866666666666667
1013,-84.12569516156117,-264.06697324366223,-465.6597416242481,-690.3335971661236,16.883333333333333
1014,-83.83048411206302,-264.31081779415587,-466.2185923390401,-686.5579037722846,16.9
1015,-83.30115787937234,-264.6048963552293,-465.44374514771874,-689.5015180627955,16.916666666666668
1016,-83.60332553722266,-264.2773995138092,-466.7156895174423,-686.5319813391134,16.933333333333334
1017,-82.6247320415642,-264.5525767529492,-466.09489542916435,-688.289476180818,16.95
1018,-83.84279967132399,-264.1809736184788,-465.620778436679,-689.1757361412903,16.966666666666665
1019,-83.43225045826156,-264.7660084675117,-465.9778588408263,-691.1674416162252,16.983333333333334
1020,-82.73614159432243,-266.18183793762535,-467.4078834841912,-687.276471257074,17.0
1021,-84.0615156977009,-264.19552875469793,-467.7337640910506,-690.2178133527905,17.016666666666666
1022,-83.92302240630328,-264.65542331917084,-466.94566284187795,-690.8220014748664,17.033333333333335
1023,-83.7748971674452,-265.0905406282292,-467.81186488612417,-690.357511185386,17.05
1024,-82.75225713433865,-263.88099083376517,-468.2942033089749,-689.8996011811978,17.066666666666666
1025,-83.91815405642424,-266.4532962320932,-466.3026929787637,-690.1908121147706,17.083333333333332
1026,-84.57702798049252,-265.71719449910125,-466.7432699716198,-689.3283771336493,17.1
1027,-82.98346955072574,-265.14139581323184,-466.4255361384511,-690.2878119545812,17.116666666666667
1028,-83.16025151347435,-265.0146119526,-468.65228134463774,-691.9527400649542,17.133333333333333
1029,-83.13262149113088,-265.89000188664903,-468.6177312492135,-688.8168547260594,17.15
1030,-83.84278032455032,-265.57292887380345,-465.55798601236705,-689.8938463690552,17.166666666666668
1031,-83.18553307310205,-264.8829461438821,-466.80355337691367,-688.7338497277608,17.183333333333334
1032,-83.96773233408604,-265.6351107289704,-466.22969255963847,-690.5798052091199,17.2
1033,-83.37559920188068,-265.017580409785,-466.6363426468774,-690.1156661335327,17.216666666666665
1034,-84.75594563157081,-265.34391123470533,-468.42535855850986,-689.8344307294743,17.233333333333334
1035,-84.32759079550345,-265.92698367894354,-467.7017436952628,-689.3320910916252,17.25
1036,-83.67204459073992,-264.2378856930987,-465.82084380230486,-690.0107360561409,17.266666666666666
1037,-83.34784011235232,-265.71783861397876,-467.511047593055,-689.6771275455193,17.283333333333335
1038,-83.55278775641962,-265.2713400623719,-465.66854977511,-689.39400563898,17.3
1039,-83.91926939959079,-265.5334275169714,-465.5950520469164,-690.3898221368416,17.316666666666666
1040,-84.13582085986395,-266.00410068469944,-467.40378997915263,-689.8031339553977,17.333333333333332
1041,-82.9521067429003,-266.4946856612573,-467.7364222544586,-692.7994224740308,17.35
1042,-83.84690162495542,-265.57571096120705,-466.0974300277146,-689.5402497487721,17.366666666666667
1043,-83.39041765632956,-265.5670543135542,-467.8890132442261,-690.0365651589871,17.383333333333333
1044,-83.14156617467414,-265.8976430104898,-467.98226570729946,-689.6960620700837,17.4
1045,-83.90981357172609,-266.2558811090325,-467.6693799776318,-691.9183887798482,17.416666666666668
1046,-84.01867783400573,-265.627196409986,-467.13706182687963,-689.3757021190427,17.433333333333334
1047,-83.73713668701293,-267.43626506429086,-466.8789680118706,-691.8661856205426,17.45
1048,-83.00478616445517,-266.4458802093966,-467.20677574135067,-691.860744801948,17.466666666666665
1049,-83.85354682453377,-267.1562313085921,-465.93989133415823,-690.0240699383545,17.483333333333334
1050,-83.92447864356147,-265.59360987138155,-466.8627148078108,-689.5890393458808,17.5
1051,-82.92489159381059,-265.32639942120034,-468.6187010869783,-689.2314938104746,17.516666666666666
1052,-84.26902597629585,-265.72408641197285,-466.03304622390567,-689.136966252444,17.533333333333335
1053,-83.6210123930683,-264.9861661092305,-467.32887456534087,-690.4333607062686,17.55
1054,-84.92023213950225,-266.1425369243475,-469.7349294349829,-691.338554985281,17.566666666666666
1055,-83.76526489143066,-265.51248562352123,-466.3029026622038,-691.5894358528869,17.583333333333332
1056,-83.48163845712648,-266.32455046632924,-466.7550947703509,-692.75545269036,17.6
1057,-83.71042087266038,-265.48221806592085,-468.0768447884991,-691.1771701290339,17.616666666666667
1058,-83.89155884441091,-266.0671493328918,-467.8627971125173,-690.800357549179,17.633333333333333
1059,-83.98311133923018,-266.50009441898476,-469.4826008230365,-689.3742264485373,17.65
1060,-83.39219794117292,-266.3824786049493,-467.9296647002149,-692.7970579395887,17.666666666666668
1061,-84.47383247494575,-265.2968751173318,-469.5542999953661,-690.9069025859559,17.683333333333334
1062,-84.27517511905447,-267.3536426037707,-468.9541646816227,-693.7200691609208,17.7
1063,-83.84198487161783,-265.358043921243,-467.7653209650519,-690.9141557389925,17.716666666666665
1064,-83.67768520412237,-266.8841741128149,-469.2604815417156,-692.4414503290222,17.733333333333334
1065,-84.36932638913204,-265.0293155155644,-467.97761332368674,-692.5874630074326,17.75
1066,-83.63040409222394,-267.533107413656,-469.23114934962746,-691.7595282720828,17.766666666666666
1067,-84.13736191310996,-266.61595204730423,-468.48159889929934,-690.8135677736793,17.783333333333335
1068,-84.56408406697216,-266.5117127355129,-469.97174839302176,-691.8049007848821,17.8
1069,-83.99903685680587,-267.2960700607586,-468.557656703363,-690.9885787341858,17.816666666666666
1070,-84.12852540426633,-267.1983063303162,-468.21780119154374,-693.4686463697755,17.833333333333332
1071,-83.20762366740495,-266.8874346139603,-470.28167289699945,-693.1801139225418,17.85
1072,-84.10945266450881,-264.82695032057495,-469.0606568028895,-691.2767316727629,17.866666666666667
1073,-83.35533995833637,-266.05180888398263,-470.1224376309631,-693.7954384039934,17.883333333333333
1074,-83.65744711895559,-267.03189621727125,-467.54980034135536,-695.2785718353003,17.9
1075,-84.24688215632649,-266.53247121541153,-469.1330716384887,-692.8010087887845,17.916666666666668
1076,-83.68626978788905,-267.6990894042928,-467.9528523106736,-692.234562474397,17.933333333333334
1077,-83.93995247771579,-266.7666334859958,-468.02976357512676,-692.8067189646091,17.95
1078,-83.85534433157754,-267.6299127818936,-467.9665512112149,-693.1396008183227,17.966666666666665
1079,-84.95805266563293,-266.6076092373589,-468.531642681561,-693.7227177191996,17.983333333333334
1080,-83.7036619054383,-266.3962441914185,-468.3206091321486,-690.5412958043181,18.0
1081,-83.27386540652503,-265.4866219059954,-471.58841481711823,-693.0295096321399,18.016666666666666
1082,-83.95266790078207,-266.99860770870293,-468.1693039175763,-692.3043641618882,18.033333333333335
1083,-84.51215296611623,-267.36605794435656,-468.2578022561836,-693.5340175179712,18.05
1084,-84.9700526706301,-267.47760415555047,-469.9501536692275,-691.5235099334747,18.066666666666666
1085,-84.25373705965302,-265.90804699400303,-467.72173660230555,-691.402504323054,18.083333333333332
1086,-84.11868146234872,-267.65950602391257,-469.2109418366609,-690.0294760933808,18.1
1087,-84.16362822660577,-267.61483110864975,-467.7708768308485,-691.4405537744111,18.116666666666667
1088,-83.97450929476717,-265.87762280901234,-469.6625535582998,-690.8877187728524,18.133333333333333
1089,-84.16465831904405,-267.1731091536461,-469.5610180575176,-692.2351601576485,18.15
1090,-83.24190548199512,-266.45186796151154,-468.76182071090653,-691.531277848018,18.166666666666668
1091,-84.51060582710744,-266.24988691109695,-468.24228859587396,-693.1450173839936,18.183333333333334
1092,-84.08678123428675,-266.128044342867,-469.0072148331485,-691.1456662312477,18.2
1093,-84.7998119673351,-266.2814641485701,-469.3805884761395,-692.5930455881793,18.216666666666665
1094,-83.47608278213372,-266.34527178171135,-467.77307439685643,-694.2597190638343,18.233333333333334
1095,-83.51112984538135,-267.9100504166297,-468.2395272439397,-692.9860367610265,18.25
1096,-83.61081161938279,-265.87713564462706,-471.76166029317886,-692.6941403230804,18.266666666666666
1097,-84.85978187455541,-268.56300257262114,-470.39593209603623,-692.8945444184234,18.283333333333335
1098,-84.23297814305246,-267.2036286666867,-470.3137202533681,-691.837472324716,18.3
1099,-84.1175649202415,-268.3639420579833,-469.6512205757609,-692.2925404191494,18.316666666666666
1100,-83.73698136712906,-268.0655849861974,-467.9339357356914,-695.8163342611024,18.333333333333332
1101,-84.25968131053845,-265.679799410252,-470.4607878908076,-690.5908036237252,18.35
1102,-83.56197487315764,-267.06477107554036,-471.7544970405091,-693.9030337826528,18.366666666666667
1103,-83.33032961416616,-266.8866355856371,-470.3473260914664,-691.2161922301317,18.383333333333333
1104,-84.49802519688609,-265.49716960428435,-469.1300200661262,-695.4353125353487,18.4
1105,-84.22527831022394,-266.91951985793094,-468.18855405350126,-693.9294986925607,18.416666666666668
1106,-84.65485101324714,-267.6537413156361,-468.1733939201063,-692.4701622640075,18.433333333333334
1107,-84.26635462394088,-267.1324175486832,-470.74630897985986,-692.617415215288,18.45
1108,-84.2886942499794,-267.6446439074332,-469.1242227274361,-695.0082515563125,18.466666666666665
1109,-84.51262431773965,-267.50198908723405,-469.48342303638185,-694.6473747295349,18.483333333333334
1110,-84.07309257764823,-267.1164833945268,-468.0578093911165,-696.1269647081775,18.5
1111,-84.80514052897577,-266.7189360564001,-471.17863318144026,-695.0631789876455,18.516666666666666
1112,-84.97353751418275,-266.38945163567973,-471.36249982759574,-694.6703725604991,18.533333333333335
1113,-84.27696839301416,-269.01789259055613,-468.42592928494577,-694.9816226975788,18.55
1114,-83.4785328900659,-267.03044486700657,-471.65235294923025,-693.6442769382767,18.566666666666666
1115,-83.99581791943217,-267.07983336053786,-471.3148542222989,-695.4098945562678,18.583333333333332
1116,-83.06194609723963,-266.88430825138136,-470.24352345992975,-694.1773802834983,18.6
1117,-84.08170190402849,-266.24796203707854,-469.7500013816389,-697.9924911210188,18.616666666666667
1118,-84.62457561249602,-265.97676931406244,-468.8173623246547,-695.003746182996,18.633333333333333
1119,-84.1758078276203,-266.8417104146535,-469.77321867411246,-695.5562384192914,18.65
1120,-84.95472062718154,-267.87332693345945,-471.20986812782655,-693.7120478150656,18.666666666666668
1121,-83.97805695425566,-266.9269697803359,-471.03832812490083,-694.6828947875209,18.683333333333334
1122,-83.73526406808206,-267.2262758400517,-470.0499426352673,-694.8846894654095,18.7
1123,-83.98662126278877,-266.51124547958227,-469.46264838340846,-695.4693348345465,18.716666666666665
1124,-84.6901461500153,-266.7428085864447,-470.2688908939879,-696.0405117850614,18.733333333333334
1125,-83.70141060639277,-268.2903181591203,-472.50690146924796,-694.4278002399559,18.75
1126,-84.24521995685507,-267.4780568911879,-470.73069612441515,-693.7520100777209,18.766666666666666
1127,-84.51328206288942,-268.24926811310803,-469.8016831634472,-697.4066965879446,18.783333333333335
1128,-83.44690572494777,-267.44439903066854,-469.9184386799656,-695.4576328005164,18.8
1129,-84.47807405547061,-268.07313289844535,-470.60737523503104,-693.4103444751192,18.816666666666666
1130,-84.73931701233536,-268.52304183168013,-470.87900049358535,-692.6750171673592,18.833333333333332
1131,-84.02969872801404,-267.11430040790094,-469.5032520149157,-692.300588568056,18.85
1132,-83.69973893802532,-267.7480034797398,-471.27623037657577,-693.7908123412095,18.866666666666667
1133,-85.90970074860681,-269.25660628512617,-472.0278261200775,-693.8486684589459,18.883333333333333
1134,-83.7629489080944,-267.56541734613165,-468.99082432895176,-696.6995939953533,18.9
1135,-84.41265983141747,-266.468064693396,-469.1588459968631,-692.6914151797878,18.916666666666668
1136,-83.43605235110014,-268.5459046278301,-470.946642320315,-696.0999866858346,18.933333333333334
1137,-85.12560942083823,-268.57809514709,-470.20273172687376,-696.5254259628279,18.95
1138,-84.59385820265297,-268.1279914441644,-471.6836686472576,-694.7824214777698,18.966666666666665
1139,-84.39534320363155,-267.54927694454415,-470.4254810682881,-693.1086764816149,18.983333333333334
1140,-84.54235760455896,-267.4821957927094,-470.9655991429789,-692.7227539531125,19.0
1141,-84.0353758421378,-267.23884079016756,-470.00217460857453,-694.876163456034,19.016666666666666
1142,-83.96433219478368,-267.47227484555384,-469.40755785439643,-696.7157173135304,19.033333333333335
1143,-85.68723108600297,-267.5482299775535,-472.65350069534145,-693.876152163108,19.05
1144,-84.56113278057697,-268.1048150369895,-472.5520494519843,-694.1069036202545,19.066666666666666
1145,-84.7818646667755,-267.81940277277647,-472.6821552823853,-695.8290914868895,19.083333333333332
1146,-84.7198849186317,-266.7196656907799,-469.4883578540188,-694.5578347407434,19.1
1147,-84.13911820547965,-267.5297285723569,-471.58523929565615,-694.9479787981712,19.116666666666667
1148,-84.26377042824392,-268.43198742017137,-470.01709667705467,-695.219862989855,19.133333333333333
1149,-83.86841910761734,-268.7052573797653,-470.8987487130903,-696.9925730410727,19.15
1150,-84.53418037219913,-267.41424025870657,-469.05966248724684,-695.3525835780662,19.166666666666668
1151,-84.3080093731218,-267.5536336002875,-472.9568279699545,-693.5209457451838,19.183333333333334
1152,-84.24792425693951,-268.29557292975176,-471.252522469851,-696.2672533510761,19.2
1153,-83.76195854284649,-268.37162487084487,-469.61199332797514,-695.8414110613761,19.216666666666665
1154,-83.97018316589724,-267.61492807839153,-471.1632102526503,-694.2972059681408,19.233333333333334
1155,-83.76759251566973,-266.70578790336873,-471.288923512269,-693.2155296705396,19.25
1156,-84.57606965635836,-267.8316694657016,-470.83651744664246,-696.5142649871655,19.266666666666666
1157,-84.83233282415064,-268.81092332686626,-469.5828368739906,-696.7955522259899,19.283333333333335
1158,-84.22066660021784,-268.56995254534996,-469.17065766533136,-695.5079684103846,19.3
1159,-84.48415423332095,-267.12657867462235,-470.0682264149636,-693.2275572043698,19.316666666666666
1160,-84.17919590278868,-267.37565621321875,-469.1714827012504,-695.804710883135,19.333333333333332
1161,-84.77416311884281,-269.3289072699395,-471.3611293022938,-696.1400384910941,19.35
1162,-85.20626465493025,-268.5077746620922,-470.67090891659666,-695.5538599314252,19.366666666666667
1163,-85.07362390827217,-267.0533204390867,-469.6953933599093,-693.6486047170752,19.383333333333333
1164,-84.92155164603739,-267.81351774845143,-472.1022562290089,-697.1232326783745,19.4
1165,-84.92458305662791,-268.0773376556483,-471.81501309703293,-694.5510328810637,19.416666666666668
1166,-84.79355415523537,-268.51832076994623,-471.4548275382743,-696.0726911860065,19.433333333333334
1167,-84.16206917229403,-268.7066403995416,-472.039137131535,-694.5659672872376,19.45
1168,-85.14298969649644,-269.0656286471431,-471.01109219302543,-696.3974432137501,19.466666666666665
1169,-84.73595508326225,-268.3025041953817,-470.15160243531534,-695.1074249076992,19.483333333333334
1170,-83.81757959699122,-268.4225608209554,-472.30878298915326,-696.1820468884384,19.5
1171,-84.74522076618918,-267.6512641472964,-471.4776568599215,-696.953327768931,19.516666666666666
1172,-84.7227942221245,-268.23180976988243,-470.99773012611917,-698.1283401499104,19.533333333333335
1173,-84.01274532254054,-267.1238399901598,-471.22981539789595,-695.7096559799173,19.55
1174,-85.21286342584065,-266.52666770024535,-472.31978811837547,-695.1944886249831,19.566666666666666
1175,-84.0362699899388,-267.4479389822755,-470.6728198329385,-693.9490897224063,19.583333333333332
1176,-84.57715491321359,-266.89377237771583,-470.4088413882085,-696.2385314997982,19.6
1177,-84.02248949560146,-268.62862775511644,-471.2020548031995,-696.7041839033225,19.616666666666667
1178,-84.63153222110888,-269.68694471377523,-471.6831528348435,-695.9296263561661,19.633333333333333
1179,-83.66834629825303,-268.0026761386448,-471.1362788941687,-694.7922129228258,19.65
1180,-83.96780282950833,-268.26149847339383,-472.3692767121117,-694.7721859902691,19.666666666666668
1181,-84.47342017725306,-268.226124032593,-471.635674319717,-698.1947691137829,19.683333333333334
1182,-85.58484274493749,-268.37355378175073,-469.7060453897033,-700.4601223065881,19.7
1183,-83.81717236289498,-269.4919264654428,-471.25766739357005,-694.4720765939378,19.716666666666665
1184,-84.30005651392445,-267.87769960938056,-470.3329941794872,-698.9297919870563,19.733333333333334
1185,-83.75900409999898,-267.5646958744071,-471.1429059158085,-696.0757150378449,19.75
1186,-84.560081166909,-268.23983181694445,-471.0227621736528,-696.8114666571671,19.766666666666666
1187,-85.26709948559552,-268.94374691142343,-470.0117830342707,-696.8211469292221,19.783333333333335
1188,-84.59448525984509,-267.6259011822758,-471.8629737235579,-696.3452516117057,19.8
1189,-84.0345502195337,-269.98895673866065,-469.7075161727026,-699.1624270064159,19.816666666666666
1190,-84.09586644132712,-268.3331271504806,-472.45943425074864,-696.4620527526845,19.833333333333332
1191,-85.22102389090182,-268.3055739800088,-470.8519293187225,-693.2935544610332,19.85
1192,-84.68836380854209,-268.18031719245266,-469.3160046380308,-697.4354081268169,19.866666666666667
1193,-84.73837601924767,-269.1980974705867,-469.8785572189,-698.6505274125913,19.883333333333333
1194,-84.07136490172437,-267.57842476146726,-472.7382879645895,-698.8818643086685,19.9
1195,-83.75236031171791,-268.51944364701933,-471.95513402551046,-697.7660863894107,19.916666666666668
1196,-84.47110647567692,-269.9942593372912,-469.86290532580625,-697.3488709642105,19.933333333333334
1197,-84.3254004551144,-266.592860410856,-471.20288685324493,-698.0564471689019,19.95
1198,-85.09277284999067,-267.1703695734373,-472.83520437858795,-700.1236527809358,19.966666666666665
1199,-84.17709772495493,-268.064740040958,-470.07642980114133,-693.7650246171138,19.983333333333334
1200,-84.66751312572737,-267.4070303926105,-469.9162481131023,-693.3534588471581,20.0
1201,-83.40086604335056,-268.01619864495547,-469.3694560213593,-692.6488676241028,20.016666666666666
1202,-83.71193803773329,-267.9747391910246,-467.2947611903841,-690.5942943980474,20.033333333333335
1203,-83.60101678997543,-266.4776418021189,-466.404263745295,-686.7533323542516,20.05
1204,-82.95884428160556,-265.911094854809,-465.97317500078776,-687.3477461911275,20.066666666666666
1205,-83.12668040746813,-263.73381762657846,-464.61999393479124,-684.9839405225221,20.083333333333332
1206,-83.04662670766749,-263.2038416260539,-463.47559105439416,-682.7500063167822,20.1
1207,-82.9754791425679,-263.52593418926716,-462.5348018758298,-683.3843784979022,20.116666666666667
1208,-82.63484214007815,-263.11017074349763,-461.45527529865365,-681.3742765668227,20.133333333333333
1209,-82.67326900690144,-262.5099054903511,-460.4242347785039,-680.0982612807036,20.15
1210,-82.65998829920154,-261.58665057920024,-459.3689358595513,-676.6839264876916,20.166666666666668
1211,-81.90439649536876,-261.3272495862978,-457.66696776000305,-677.9889687693067,20.183333333333334
1212,-81.71866961362261,-260.2264045223396,-455.79646892983834,-675.0255348963459,20.2
1213,-81.67744003428886,-260.60863311188535,-456.9365255798622,-673.5920925515601,20.216666666666665
1214,-82.00804939034613,-258.9479469169615,-455.4910846146903,-672.0956895493887,20.233333333333334
1215,-80.60803156181444,-259.23205014071516,-455.6403496427016,-670.6562649982408,20.25
1216,-81.19861686661653,-257.9568116065297,-453.2839186840815,-668.6451988709947,20.266666666666666
1217,-80.48400265424475,-257.58813442975224,-453.4027424656894,-669.6505596628392,20.283333333333335
1218,-81.44897313985855,-257.5244974075775,-453.0012376285907,-667.3829751462156,20.3
1219,-80.38874966015948,-256.2102489982415,-451.45862511243547,-662.9508557198278,20.316666666666666
1220,-80.3795122193868,-257.4709717314316,-449.82914649069886,-663.9864371507032,20.333333333333332
1221,-80.8132204697791,-256.1841415054148,-448.8684775098902,-662.9637112663028,20.35
1222,-79.76111504471129,-255.3388162396444,-448.08802875853,-662.3552006297855,20.366666666666667
1223,-79.5464571050764,-255.1553214498157,-447.47284832744515,-660.7457029540409,20.383333333333333
1224,-79.86169614380022,-254.6545545177319,-448.1225113424863,-658.4297530437948,20.4
1225,-79.95867604967486,-254.156308571443,-445.71186132661927,-657.0812071450584,20.416666666666668
1226,-79.76743870013597,-253.8064834566282,-445.65740744482935,-656.3540656808525,20.433333333333334
1227,-79.10212936843409,-253.5738518926602,-444.6030121688762,-655.8524843111845,20.45
1228,-79.46788773505865,-252.35679111643918,-443.55365153754275,-655.45035965204,20.466666666666665
1229,-79.53926954575456,-253.35593305403324,-443.4810755456895,-653.5688416136243,20.483333333333334
1230,-78.85682165230445,-251.64272350875703,-442.166581281064,-653.2438328816061,20.5
1231,-77.98301585752608,-251.81356820799417,-441.4135066105705,-652.5612865836957,20.516666666666666
1232,-79.46941733334604,-251.77150618533224,-441.21246062044014,-650.5535882691161,20.533333333333335
1233,-79.22610868810781,-252.44264789158814,-440.880379382876,-648.5004146156136,20.55
1234,-79.02928681543156,-251.2330120405354,-439.39100715505543,-648.6907547308889,20.566666666666666
1235,-79.00096607135438,-250.89517830301816,-439.3380696120023,-648.1326833031559,20.583333333333332
1236,-78.38339614164728,-251.05416385560017,-438.4886155995102,-647.6704582805512,20.6
1237,-77.20087756336414,-249.5840308246079,-436.37347129371267,-645.2136239415856,20.616666666666667
1238,-77.63426629980253,-249.41131968905057,-437.0913049138828,-643.6816844248794,20.633333333333333
1239,-78.62550222736682,-248.53410318185294,-435.9563843429797,-645.0042076533925,20.65
1240,-77.83017357994827,-247.31411403680747,-434.8314316338219,-641.2207809977465,20.666666666666668
1241,-77.81633664706268,-249.16744218752692,-434.014058097825,-642.8524571537649,20.683333333333334
1242,-78.13064988503668,-248.265290721445,-434.6642199639207,-640.8797951726096,20.7
1243,-77.85267901413829,-247.9778064391865,-435.57274069098867,-639.9002310334973,20.716666666666665
1244,-77.51213141821638,-246.25646184082342,-434.43061863546325,-638.2123082398687,20.733333333333334
1245,-77.87783836028491,-247.28447998031322,-431.25294637973695,-638.5117561320887,20.75
1246,-76.87933630114772,-246.25262263253222,-432.9104698988332,-637.0386136854644,20.766666666666666
1247,-76.62137074790161,-246.19545563403875,-432.75981833856616,-636.9328870172573,20.783333333333335
1248,-77.48026615966666,-246.16901888802388,-431.83486130648987,-636.5659948940331,20.8
1249,-76.93170779423504,-246.0323936640237,-431.39855852304566,-635.1204389704645,20.816666666666666
1250,-77.00921711026812,-245.75278095182327,-429.79686142483007,-635.2062244390994,20.833333333333332
1251,-76.51700995132254,-245.40429513783982,-429.47361023094,-632.0941296303795,20.85
1252,-76.13521779760691,-244.46587060466408,-427.4360309728324,-632.7866825961416,20.866666666666667
1253,-76.87295765252661,-243.99116125618085,-428.2764560732697,-632.5429464399899,20.883333333333333
1254,-77.19453164997346,-243.66476984613413,-428.9676267444807,-630.02695864179,20.9
1255,-76.79056072062059,-242.94603088396457,-426.86459128836043,-631.9493096946654,20.916666666666668
1256,-76.76150874546079,-243.59172118992848,-427.07080206141944,-630.877490211416,20.933333333333334
1257,-77.11012899186112,-242.96061828779946,-427.1755438676233,-630.8010392147405,20.95
1258,-76.76532503051475,-242.6600589574807,-426.43949794201086,-627.9936715614012,20.966666666666665
1259,-76.06370703271254,-242.7107354978317,-426.4504454364115,-628.4464541666913,20.983333333333334
1260,-75.45466390003969,-242.22114943278788,-424.4448136907808,-628.0271755909915,21.0
1261,-76.4799024662042,-241.864874995572,-424.309669350702,-625.773424172464,21.016666666666666
1262,-75.4911120521696,-242.07520470665946,-425.6408110592456,-627.4363971652908,21.033333333333335
1263,-76.31932096822847,-241.8588770464025,-424.73187009913676,-626.0840745208703,21.05
1264,-75.92582287522612,-242.81067161654278,-422.75724152445383,-625.8205050176646,21.066666666666666
1265,-75.65495290865323,-242.14873024770685,-424.48539733537035,-624.8169769174925,21.083333333333332
1266,-76.60559741761406,-241.66108543925552,-422.88108050211775,-624.5032028095177,21.1
1267,-75.13527457860197,-241.52361469769258,-422.69174369781047,-623.6667128957438,21.116666666666667
1268,-75.44047884852856,-239.90509757726588,-422.38636054753425,-623.6198367015242,21.133333333333333
1269,-75.49067759246455,-241.77509777819313,-421.55480053653264,-623.1055781190186,21.15
1270,-75.11655097802559,-240.15427965645563,-421.7323178429353,-620.6992247822626,21.166666666666668
1271,-75.24456758430918,-240.04642668697096,-420.6415540323278,-621.8800959408404,21.183333333333334
1272,-75.8168415528131,-239.1975599128433,-421.0529177199044,-623.319279478319,21.2
1273,-75.34478122330958,-239.68051816629156,-420.54453280652956,-620.1878272175693,21.216666666666665
1274,-75.08836378403976,-238.87714363990705,-419.53058171111877,-621.4422104259543,21.233333333333334
1275,-74.58496806036278,-238.84674954787292,-420.3354906948302,-620.1514900288419,21.25
1276,-75.46454481706266,-238.40552686890354,-419.57429995779614,-618.8214634172275,21.266666666666666
1277,-74.99712566915638,-239.44570634296,-420.8307436946866,-618.8221664958874,21.283333333333335
1278,-74.62341388328868,-239.2734257716055,-418.0951560911444,-616.0627904183772,21.3
1279,-75.2567410409423,-238.68660732956698,-417.6659967506253,-618.9441672829599,21.316666666666666
1280,-75.28918719059831,-239.29933743726897,-419.3236431295368,-617.7499914806853,21.333333333333332
1281,-74.37138601310498,-237.9396234102061,-418.67819774973674,-617.0314658123211,21.35
1282,-75.44137150648406,-237.94581603162166,-417.8869652269175,-617.022253172943,21.366666666666667
1283,-74.37366676493343,-238.74784779078496,-416.98984581595795,-614.4509642120842,21.383333333333333
1284,-74.83005086161592,-237.70312810790355,-416.950675185411,-617.0529307654681,21.4
1285,-73.55741441175783,-237.0904693472537,-416.8162225839138,-614.8886084432855,21.416666666666668
1286,-74.22525291193726,-236.27104050281434,-415.7665534532483,-612.7630712422396,21.433333333333334
1287,-74.43961425172286,-237.34452642866782,-416.96535828935185,-613.3490234494868,21.45
1288,-74.0265053786823,-237.4505140207206,-415.1613442179831,-613.2032460406336,21.466666666666665
1289,-74.8986554607095,-236.87079664015482,-416.4108687190119,-612.107315708685,21.483333333333334
1290,-74.08312703262841,-236.9490619325855,-416.1341672974075,-613.3284336645422,21.5
1291,-73.8079619353267,-237.48028443428987,-415.3222335861595,-612.0259964124851,21.516666666666666
1292,-74.59894903580465,-236.14035955566771,-414.57434125914887,-612.3721729544762,21.533333333333335
1293,-74.84783257145497,-235.63000834675967,-414.2698325473537,-611.4819740457559,21.55
1294,-74.57791032680883,-236.11441760635384,-413.8867267076963,-612.3185549701222,21.566666666666666
1295,-73.4711235265252,-236.21044634484812,-414.5608387429698,-611.2303062027764,21.583333333333332
1296,-73.8803929302419,-235.1583348039427,-413.12761134261495,-610.0811671115806,21.6
1297,-74.02909271952537,-234.91103692497228,-413.37560242110436,-609.2802737092933,21.616666666666667
1298,-73.9103860464333,-235.58795644793472,-414.07298892172184,-611.2292977694589,21.633333333333333
1299,-73.98358493895304,-235.2542751963384,-414.28476799522963,-609.0634617653991,21.65
1300,-73.62873489392592,-234.12372591740112,-412.4042634001264,-609.6401862992385,21.666666666666668
1301,-73.89425407321737,-235.24285834996266,-414.24578646166896,-610.0885836785181,21.683333333333334
1302,-74.43390819047563,-236.13295047528837,-411.9523855858559,-606.8629452955946,21.7
1303,-74.31981633327379,-234.79026850026457,-413.3113614253559,-607.2958421479029,21.716666666666665
1304,-73.56106766395163,-234.2346912376964,-411.3046543949168,-608.3656533240893,21.733333333333334
1305,-74.54692281389435,-234.65276381970037,-411.2680942213729,-607.7697680659306,21.75
1306,-74.28680968037138,-235.45730808378963,-412.1858405956313,-607.457008420711,21.766666666666666
1307,-73.87725465672874,-233.58092218305597,-411.9074455347187,-605.1489009461229,21.783333333333335
1308,-73.89786959958413,-234.4461791686363,-409.84549114532507,-608.330557273247,21.8
1309,-73.40559927242985,-234.98530438413636,-410.4536738002242,-605.9893286153375,21.816666666666666
1310,-73.40859966763502,-235.1851986442968,-411.80452012746997,-606.1113438735882,21.833333333333332
1311,-73.4982306995579,-235.30487589249194,-411.3468037335139,-606.3949960279591,21.85
1312,-74.4169627209866,-234.11292232186074,-409.90369068241034,-605.5196608058922,21.866666666666667
1313,-73.53936367547955,-233.9466218104123,-409.69525155055635,-605.9375862329271,21.883333333333333
1314,-72.8987217075002,-233.5191979472594,-410.069037989224,-604.7128657718721,21.9
1315,-74.20481196774946,-234.26227455969732,-409.0938474033331,-602.5470286755495,21.916666666666668
1316,-73.28100277090245,-231.52534336988825,-409.89865401577265,-604.7079862457897,21.933333333333334
1317,-73.5363367936279,-233.66938646955785,-410.097706823539,-605.462047357678,21.95
1318,-73.5623038488061,-232.265395701016,-409.5726236741453,-603.8878947291795,21.966666666666665
1319,-72.72538966027318,-233.10877116122543,-409.05722074630273,-603.8388232581884,21.983333333333334
1320,-73.36081105156873,-233.62528443772715,-409.3277610252147,-604.4047646247907,22.0
1321,-72.63272853739825,-233.1647775667048,-408.7921337291458,-604.2033865742646,22.016666666666666
1322,-73.19571114026697,-233.5264057556817,-410.1161060953571,-603.0071282363175,22.033333333333335
1323,-73.20100976825256,-232.61759612272334,-407.4259586762604,-603.6575256882986,22.05
1324,-73.17142985650636,-233.64390305147973,-409.33798227829215,-601.4881454137322,22.066666666666666
1325,-73.10434948655723,-233.23977988261728,-408.51258667093225,-600.4872245702819,22.083333333333332
1326,-72.57600861486078,-232.6804842386433,-408.5457674115299,-604.0880423590227,22.1
1327,-73.38713250306269,-233.49090912983957,-407.95711993163326,-602.9188973394074,22.116666666666667
1328,-73.0373058905097,-233.5464177122778,-408.32929361313205,-603.609253551515,22.133333333333333
1329,-72.01899794554991,-232.8635065517878,-407.8999889903864,-601.4505583179663,22.15
1330,-73.31035908643678,-231.96332784051157,-406.89264563197247,-600.7031516457045,22.166666666666668
1331,-72.94051529556089,-231.82226571886628,-407.6753047317283,-601.812037819133,22.183333333333334
1332,-72.42130989368444,-232.20189386827468,-406.727594349085,-600.7343083539163,22.2
1333,-72.98141315681067,-231.29964425369096,-406.6325945477126,-599.9344494209042,22.216666666666665
1334,-73.20634165090144,-233.20396151052998,-406.2704522991723,-600.2357736973229,22.233333333333334
1335,-72.62633271460489,-230.91149264004542,-408.0274601432541,-600.7137506238607,22.25
1336,-72.70792657597144,-230.98165412446247,-406.94577723395724,-599.921097665933,22.266666666666666
1337,-72.63211600667023,-233.40169078983266,-405.8813224052463,-601.8426019132946,22.283333333333335
1338,-72.80704307853979,-231.6017178948179,-405.67577598100627,-600.9442101192298,22.3
1339,-72.20301870171183,-230.58735182924966,-407.35009284063875,-601.4461097218591,22.316666666666666
1340,-72.92732284327258,-229.7932535275678,-408.41251896734576,-598.8712449925099,22.333333333333332
1341,-72.53037649293692,-232.39746992478842,-405.99987951801205,-598.5494618500408,22.35
1342,-73.24558470573469,-231.75673323086085,-406.1189516489902,-599.7007222833394,22.366666666666667
1343,-73.40739041520716,-231.82427823307725,-406.49090745592065,-597.9655081609587,22.383333333333333
1344,-72.44895303742501,-231.20244830381463,-406.0937747929842,-600.0243495925812,22.4
1345,-73.08533437438683,-230.29351165628387,-404.9974499722544,-597.5836385486982,22.416666666666668
1346,-71.77722878533697,-231.4743144360022,-406.3798258373879,-599.3009045291006,22.433333333333334
1347,-72.52918666658769,-230.8353878915834,-405.49355702446917,-598.8655516866811,22.45
1348,-72.69309597681084,-232.23517096218328,-405.78173630522974,-596.4104628758665,22.466666666666665
1349,-72.47387607595009,-231.56092936026312,-405.818950593986,-596.543346052439,22.483333333333334
1350,-72.51969637593785,-231.6876695268919,-403.5866870257924,-597.8343003812012,22.5
1351,-72.25829492378423,-230.82751752266608,-405.39845027374776,-597.2318367420046,22.516666666666666
1352,-72.38542678196178,-230.84185330471482,-405.5335567961318,-597.4268929198732,22.533333333333335
1353,-71.8042166401407,-231.02968016536835,-405.37072619666316,-596.0526549008785,22.55
1354,-72.4423193757066,-229.87632091598152,-404.8849310439216,-599.0886230176844,22.566666666666666
1355,-72.60644641592543,-231.69923744732546,-406.0314938803006,-597.9636667741199,22.583333333333332
1356,-72.14156165327283,-232.0621883422689,-405.8418958703681,-597.5200623982403,22.6
1357,-72.19014212773205,-230.52939249454553,-404.53100805636,-596.5446451956418,22.616666666666667
1358,-72.71021478811092,-229.6919184876054,-405.56894612320144,-597.1531547492269,22.633333333333333
1359,-72.5343168128472,-231.01194952470357,-403.7645473563153,-596.1705874875174,22.65
1360,-73.0373609820359,-230.11196117217844,-404.60849527417736,-597.9891421105019,22.666666666666668
1361,-72.9815421891422,-229.6155131255432,-405.35021558175265,-596.0280117603365,22.683333333333334
1362,-72.8990827662801,-229.7283406492211,-402.4393046135428,-595.337599884495,22.7
1363,-72.14838930251416,-229.72556697363635,-403.25752026610826,-597.6214408800796,22.716666666666665
1364,-72.24708069771296,-230.7302287430241,-403.81039540755,-595.368992793773,22.733333333333334
1365,-72.80604248908111,-229.8586251685388,-403.1920024092368,-594.7838754649621,22.75
1366,-72.48911588238055,-230.66811095488293,-405.3630997397142,-595.8352638452614,22.766666666666666
1367,-72.09536355390216,-230.8215657050522,-403.24855296991103,-597.109857055669,22.783333333333335
1368,-72.4692860793625,-230.4401431815857,-402.4846256769199,-595.7438800407905,22.8
1369,-71.85669205670578,-230.57870633892244,-404.51014066730403,-593.9339414190056,22.816666666666666
1370,-72.56721751998285,-230.88864922366602,-404.0038297371373,-594.4821186095477,22.833333333333332
1371,-72.58074616053948,-230.2931578695017,-402.8931289866634,-596.5350050490191,22.85
1372,-72.05527233738039,-229.33894750500613,-404.8824083706287,-595.3075733734044,22.866666666666667
1373,-72.42208868396497,-231.16921656225708,-403.0556708134813,-597.3947668430852,22.883333333333333
1374,-73.05757600073203,-229.97408917621271,-401.77686174997604,-595.0530501496412,22.9
1375,-72.9140641459518,-229.9612302050179,-403.71966317873876,-594.3668580839435,22.916666666666668
1376,-72.1564413316528,-231.06298329254838,-404.3540381942233,-597.3812153757992,22.933333333333334
1377,-72.23278674089401,-229.98701171796927,-402.3131283927443,-595.0839625981845,22.95
1378,-72.23816579811476,-229.89461807421458,-403.02987187934764,-596.2775769560815,22.966666666666665
1379,-72.19147999361306,-229.4672911944824,-402.252305000799,-593.6081222321651,22.983333333333334
1380,-72.44613970891118,-230.73756489241381,-402.757048284437,-595.1625385499274,23.0
1381,-72.1031284613602,-230.0558219647917,-403.2641134903057,-596.6498409608253,23.016666666666666
1382,-71.28399495959063,-230.03835023486087,-402.3318455528648,-593.8347749788454,23.033333333333335
1383,-71.76187760930056,-230.39255895181552,-402.7669551625993,-596.4826649764634,23.05
1384,-72.15936562443115,-229.51441492243856,-403.0178898450728,-595.5161160526181,23.066666666666666
1385,-72.04250436674748,-231.21106917693677,-403.293455888895,-593.4308396183293,23.083333333333332
1386,-71.81169474492013,-228.55515483087927,-401.38478802349834,-593.5560003819486,23.1
1387,-71.67689727735305,-229.94361767980834,-402.64535845052524,-595.7480038232038,23.116666666666667
1388,-72.11038243300565,-231.00589428278317,-402.9192521123471,-594.6744429961988,23.133333333333333
1389,-72.03097351580931,-228.77277516655073,-402.78326043520707,-594.4349409335837,23.15
1390,-71.87221720285825,-230.69818917553,-402.66050882696896,-594.7699273532468,23.166666666666668
1391,-72.34267229857753,-228.8149302121429,-402.23304761602026,-592.3935692841231,23.183333333333334
1392,-72.22315005198584,-230.3641883921244,-402.1093133348165,-593.6200300942098,23.2
1393,-72.45912437994785,-229.08537104532797,-402.65323920269407,-594.6253242496709,23.216666666666665
1394,-71.64565461838644,-229.6950109638298,-402.0381248023925,-592.8545462917649,23.233333333333334
1395,-72.05759560704298,-228.80308554546772,-402.019935391771,-593.6854130806887,23.25
1396,-72.21697902154186,-229.94173449446686,-401.00105250421836,-594.4317585922013,23.266666666666666
1397,-71.99248837129045,-230.04433725722265,-401.2200704086008,-594.9285241939926,23.283333333333335
1398,-71.37407798982501,-229.42174677764663,-403.40644184190097,-592.8880898914803,23.3
1399,-71.81967851793507,-229.274392458603,-401.02904012789685,-592.7779810107767,23.316666666666666
1400,-72.13668940797307,-229.10275112600252,-402.2804769772825,-592.4763114980695,23.333333333333332
1401,-72.0355009401315,-229.31960383708054,-400.88363557957706,-593.5323400366183,23.35
1402,-71.80990152894196,-228.9446499061183,-403.3758735135833,-594.2684193958918,23.366666666666667
1403,-72.45665654734348,-229.5298188999414,-402.8618550795992,-592.6125970888022,23.383333333333333
1404,-72.2850786210491,-228.3019906588185,-401.3867549782598,-594.0869346364806,23.4
1405,-72.50685608932083,-229.06320233646957,-401.1474056822948,-591.7039233174171,23.416666666666668
1406,-72.57849799463159,-227.51455241928377,-401.52378031974604,-592.0457323654515,23.433333333333334
1407,-71.65291826793744,-228.73375540809803,-399.8871914301782,-593.3311988869795,23.45
1408,-71.71890397973223,-228.71631992611103,-402.0292364466695,-594.3399545631933,23.466666666666665
1409,-72.3242929291556,-228.1216150491425,-402.4942857297178,-590.9278866209252,23.483333333333334
1410,-71.85892273134031,-229.82310817888123,-399.5485180544383,-592.8763454519882,23.5
1411,-72.66797650059291,-229.49580450411526,-401.459337198296,-592.7747430565687,23.516666666666666
1412,-72.360639725542,-228.85299019765588,-402.78111577394293,-593.0131583118828,23.533333333333335
1413,-71.93551680375596,-229.42397693541133,-400.88374678476043,-592.5719631062063,23.55
1414,-71.86152147502177,-229.18232719541908,-401.3235891051777,-592.9024445361654,23.566666666666666
1415,-71.91479394835872,-228.93892433936622,-401.8886363618344,-591.4539025065799,23.583333333333332
1416,-71.57551687463865,-228.45560593662532,-402.9478657881871,-591.163172353374,23.6
1417,-72.44407560578475,-229.32667043848284,-402.65017272347524,-594.6755802724512,23.616666666666667
1418,-71.77178893957904,-228.6558092605041,-404.2932455649105,-592.5865415518311,23.633333333333333
1419,-71.30328314635517,-229.5548185704429,-402.1726323178527,-593.5040572167151,23.65
1420,-71.65457068202025,-228.72998654812645,-402.3045748799955,-591.4632867684735,23.666666666666668
1421,-71.83985819425638,-229.27913446011306,-400.24341529824727,-591.0517368184056,23.683333333333334
1422,-71.82224890086073,-229.7935775284682,-402.77886582188034,-590.974715610516,23.7
1423,-71.95289009458199,-228.64964437542196,-401.2058505882011,-592.6777535550522,23.716666666666665
1424,-71.50650056021763,-229.34362844491145,-400.46341648320566,-591.5809722416041,23.733333333333334
1425,-71.49488385235476,-228.01126848267955,-401.2401271105157,-594.2404837457901,23.75
1426,-71.9764566317665,-228.15825826377656,-401.4107142177169,-593.2055299411325,23.766666666666666
1427,-71.5117263589274,-228.20092294647532,-400.34804325751867,-590.9415626041041,23.783333333333335
1428,-71.70909587339573,-228.19313205345614,-403.20955623301506,-591.5846767790454,23.8
1429,-72.26601079901553,-229.71896434248626,-399.9848056212908,-592.0453578338687,23.816666666666666
1430,-72.4389810385165,-229.30911273737195,-400.633410601969,-590.5543708968728,23.833333333333332
1431,-72.04553223185212,-228.7414902416811,-401.5700028691967,-591.2439819345442,23.85
1432,-71.74967156849365,-228.45953452488428,-400.2306893721448,-589.4485150313907,23.866666666666667
1433,-71.95107520686375,-228.81516421792236,-401.7687128332196,-591.1060917445961,23.883333333333333
1434,-71.69218337710528,-227.70289211866344,-401.2704825337654,-592.2021408231013,23.9
1435,-71.31292659141506,-229.1186884873805,-400.81894589045663,-592.6685963808895,23.916666666666668
1436,-71.76200649424834,-229.02556213559055,-400.33205186763576,-590.9301424066851,23.933333333333334
1437,-71.24426940291391,-227.62533624565813,-399.7348011793257,-592.0768923307917,23.95
1438,-71.64630641571553,-228.27397236191035,-398.80218928642023,-593.26764962175,23.966666666666665
1439,-71.3125171749179,-228.86073316138237,-401.7952833906134,-590.0130079169261,23.983333333333334
1440,-71.63138127999083,-228.05930947646468,-398.4234109985709,-592.1865260147187,24.0
1441,-71.79172611199941,-228.53226141780678,-402.60190350323484,-591.4048533627339,24.016666666666666
1442,-72.37471452934479,-228.41457774542656,-401.332506985384,-591.7667676951409,24.033333333333335
1443,-71.78914243282344,-228.54877713634454,-401.14425129754585,-592.6183580310206,24.05
1444,-71.3432454231382,-228.64566032907356,-401.52393288607476,-591.9254426286183,24.066666666666666
1445,-71.78681566840045,-229.3371368417732,-400.1405063077778,-590.9759054484833,24.083333333333332
1446,-72.11176289226938,-228.29209260649054,-400.9069581933574,-591.5099638066181,24.1
1447,-72.10489005561467,-228.66019762087836,-400.27095579013786,-592.4252784831659,24.116666666666667
1448,-71.0906030875945,-227.73893941925155,-400.38027617749003,-591.7312656659155,24.133333333333333
1449,-71.96325581203948,-228.30449799278992,-400.17570731755205,-592.4317124006285,24.15
1450,-71.0819235935976,-227.44939604420873,-400.3008237187745,-592.8869381992034,24.166666666666668
1451,-71.86591393935898,-227.95578609852052,-401.974286403293,-593.1913340234814,24.183333333333334
1452,-72.0275132395118,-230.4372893683896,-400.511305665533,-591.9115815358288,24.2
1453,-71.87658371104861,-227.88636533366102,-401.7005645665348,-590.8868665795313,24.216666666666665
1454,-72.06534055204335,-227.8362185641859,-400.5609839599164,-590.1673107818568,24.233333333333334
1455,-71.33638721701355,-228.14124906920958,-400.44939402627745,-590.9320465777674,24.25
1456,-71.1431716611329,-228.27897799897931,-400.8972186948268,-590.0066006106117,24.266666666666666
1457,-71.39884841242007,-230.11835010550467,-398.9844014596322,-590.6089144229028,24.283333333333335
1458,-72.41867898614248,-227.83485605244135,-401.27897496165144,-590.7281591496651,24.3
1459,-71.62802047203516,-228.08636449584603,-401.2042386764694,-593.7441907224322,24.316666666666666
1460,-71.46119522643444,-228.7879087088151,-400.88386027915635,-590.2079728016435,24.333333333333332
1461,-72.52331325962348,-228.67079661119635,-399.6033137721539,-590.5803719867561,24.35
1462,-70.92115560188907,-228.5597301794397,-400.88951102373704,-590.5922518730054,24.366666666666667
1463,-71.6016879292461,-229.31034634106692,-399.1168208999436,-590.2373069261487,24.383333333333333
1464,-71.31017817155072,-229.41741174269416,-401.0041148817482,-589.9385746382726,24.4
1465,-71.40385362042919,-228.39891470274978,-399.557536895841,-591.5595297717131,24.416666666666668
1466,-71.70502448942356,-228.44135749844685,-399.276720351097,-591.1922790539514,24.433333333333334
1467,-71.71537801266702,-229.21771501608436,-401.1976307917913,-590.8943692403428,24.45
1468,-71.94315013194388,-227.30231022740665,-400.3802912188882,-591.9466096072857,24.466666666666665
1469,-72.02942646660394,-227.9557952399678,-399.5938516477868,-590.3714339628054,24.483333333333334
1470,-71.49992796582131,-227.91791919876974,-400.3974882323281,-590.025265791716,24.5
1471,-71.37618278077274,-229.34943984037236,-399.8470648106598,-590.3093969717445,24.516666666666666
1472,-71.31237891176879,-228.82967520360714,-400.1058870469403,-590.1997377386011,24.533333333333335
1473,-71.61077513000122,-228.16045367365513,-398.7936787436516,-589.0465576386139,24.55
1474,-72.20505850014938,-228.5819298568779,-398.1812356360052,-591.1654771092747,24.566666666666666
1475,-71.49901693611386,-227.11754969662,-399.389186224507,-590.0134564655507,24.583333333333332
1476,-72.03114925295556,-228.7847214786578,-399.54537227256327,-591.4446319526726,24.6
1477,-71.56100480479382,-228.4648463831739,-400.9424771043814,-592.3995313384985,24.616666666666667
1478,-72.21532295033899,-228.25854886083343,-401.17441123800467,-591.8636089653583,24.633333333333333
1479,-70.78268742608361,-228.58188695115518,-401.869811549258,-590.1325595816534,24.65
1480,-71.11729959672157,-227.69295140100192,-399.73406088576473,-589.305060049439,24.666666666666668
1481,-71.3461631929749,-227.77018240990168,-401.4578272210715,-591.1561281535526,24.683333333333334
1482,-71.52740645457882,-228.50973742520395,-399.39391823813406,-590.0634681799792,24.7
1483,-72.08648621643287,-228.64477008841175,-400.49611589970357,-591.0072881564531,24.716666666666665
1484,-71.8607401170061,-228.07973616105718,-399.19951723244884,-591.4288036897523,24.733333333333334
1485,-71.39790575594517,-227.16653072299414,-400.71673426824475,-590.3008680481485,24.75
1486,-72.07446215613433,-228.97154707101785,-399.54046455431813,-588.8392698707924,24.766666666666666
1487,-71.90154526849501,-229.23759593257213,-401.47928793014506,-590.4408815460935,24.783333333333335
1488,-71.62743975325579,-228.18414480998948,-400.8207996832157,-590.8202108640922,24.8
1489,-71.93419321552088,-229.05176244636732,-399.6399625344173,-590.3521346517105,24.816666666666666
1490,-71.32128399182767,-228.08301473046058,-397.8266220683308,-589.6683153318368,24.833333333333332
1491,-71.56264861583857,-228.10913899143569,-399.4234014208594,-590.8330406234838,24.85
1492,-71.68251057983467,-228.08728231659208,-400.92109898049523,-589.7060072686642,24.866666666666667
1493,-71.64107505626468,-228.35650057638856,-399.85654775790937,-589.9466457167993,24.883333333333333
1494,-71.06984696936581,-227.1183483652765,-401.3585250259737,-589.7125782130722,24.9
1495,-71.78648564975701,-228.49227441151893,-400.170034518697,-588.98635831355,24.916666666666668
1496,-71.92111909768389,-228.9386471761785,-399.72598751536793,-588.4819815285456,24.933333333333334
1497,-70.73368933646005,-228.69868968944903,-400.619728035222,-590.4871461472899,24.95
1498,-71.3634046570966,-229.56372674654455,-400.867422075397,-590.3659273228418,24.966666666666665
1499,-71.25814550997809,-229.11917924045287,-400.1064815048363,-590.7859479108846,24.983333333333334
1500,-71.14999301477373,-230.23034543644494,-399.35198229680884,-592.0357246314813,25.0
1501,-71.6057684279643,-228.6073808614973,-400.338680175645,-593.3786013871344,25.016666666666666
1502,-72.29766662064907,-231.1704602847001,-405.087814891038,-594.8480706279062,25.033333333333335
1503,-72.45603385986601,-231.39063472574904,-405.2254234114625,-596.0709500428268,25.05
1504,-71.73595937553588,-233.5481536521434,-406.2487846169776,-602.4747085442053,25.066666666666666
1505,-72.5294737536596,-233.06221029645988,-408.9625602692393,-603.0407224448713,25.083333333333332
1506,-73.17630745564084,-234.74575313703855,-409.3607471219279,-604.7463137724095,25.1
1507,-73.31460547836593,-234.41781899782848,-409.4046637361217,-606.9531198504725,25.116666666666667
1508,-73.35352350966545,-236.4320445729279,-412.6474018950511,-607.6331861881414,25.133333333333333
1509,-73.34794046841412,-237.94078603739553,-414.1939307002767,-612.5672577061373,25.15
1510,-73.5558891442638,-238.77418024171612,-415.5025405802591,-613.7798914659198,25.166666666666668
1511,-74.05215729311654,-237.74264944331236,-415.77654468141327,-615.5894112325799,25.183333333333334
1512,-74.421372959192,-238.20323319625246,-418.1191362603505,-616.8475467441099,25.2
1513,-74.44110622822156,-240.6741788479156,-419.38190985454503,-619.2569129645609,25.216666666666665
1514,-74.60860756307184,-240.83758914947518,-419.5596277517105,-621.1994594464171,25.233333333333334
1515,-74.86999468539275,-241.7654113411787,-421.6203763857752,-623.5909367927918,25.25
1516,-75.38341282127698,-242.5166045932992,-422.7394221945148,-624.0350571018455,25.266666666666666
1517,-75.96271955012635,-242.28203203923147,-424.21503741313103,-625.4069443095178,25.283333333333335
1518,-76.29458949877571,-242.54224315129986,-425.61278453040364,-628.1476049785575,25.3
1519,-75.95966792237101,-244.85283923661615,-427.96864009715136,-630.8814980764563,25.316666666666666
1520,-75.986028524942,-244.27376035276754,-429.0201394579235,-632.3120381476127,25.333333333333332
1521,-76.25308377660431,-245.6475048738114,-428.9417648758456,-632.3573727160723,25.35
1522,-76.43814541499783,-245.29939032227998,-427.39491406411946,-633.0438801626544,25.366666666666667
1523,-76.75760510715851,-246.26977155776348,-431.57169774256073,-636.6215826962739,25.383333333333333
1524,-77.18818165261592,-246.07694616471375,-431.2580689802789,-637.9084599557542,25.4
1525,-77.84894594310776,-248.54987346148795,-433.5709827176262,-640.918563607511,25.416666666666668
1526,-77.90529432712714,-247.98630157660432,-434.6295716656855,-639.7863482752829,25.433333333333334
1527,-77.69773464568658,-248.42612113869387,-435.4970329425164,-643.5231318812442,25.45
1528,-77.65128197012237,-249.41052824151637,-437.38306619983143,-644.6033154539192,25.466666666666665
1529,-78.75072674004511,-250.0078127783658,-435.9827273885271,-645.3801432989384,25.483333333333334
1530,-77.59234190237284,-249.84924423931488,-438.19562867814375,-647.1349633382024,25.5
1531,-78.42640254738035,-250.53495439540373,-437.5422031519134,-649.3512181119779,25.516666666666666
1532,-77.88705365959936,-251.46716015066008,-439.2155040168035,-648.1566768464306,25.533333333333335
1533,-78.4258533697501,-252.09503468841507,-440.6660933030404,-653.3409192252192,25.55
1534,-78.48082179372605,-252.40277166174982,-441.09536613010516,-651.3354105038411,25.566666666666666
1535,-79.1945337659452,-252.8084365546296,-443.14490818235,-652.6993124269837,25.583333333333332
1536,-79.11286832772635,-254.145113099411,-442.2447001546796,-653.0688630559486,25.6
1537,-79.11953713784112,-254.85682022973822,-443.5635797132344,-656.1566456931722,25.616666666666667
1538,-78.97209263780441,-255.39289788891628,-444.3978244440171,-658.3039933871737,25.633333333333333
1539,-79.65406919851195,-256.2658096329039,-447.66926336333296,-656.7377705973131,25.65
1540,-78.94021192222611,-254.7212343829017,-447.5914019408788,-659.423143607147,25.666666666666668
1541,-80.0776316749685,-256.1160808390978,-448.5497072947297,-659.6410956567756,25.683333333333334
1542,-79.715450199964,-256.93886931968837,-447.4450822067466,-661.1284734610017,25.7
1543,-79.8286951736018,-256.40938849079834,-448.89565125199107,-661.5264418937229,25.716666666666665
1544,-79.64009767559456,-256.94600479223607,-449.48528014274547,-665.5888457164722,25.733333333333334
1545,-80.4554764352994,-257.6226923211059,-449.30380387274425,-664.5378986540176,25.75
1546,-80.4876600602372,-256.99053746968644,-450.33353505630737,-667.2753644804433,25.766666666666666
1547,-80.498615914744,-256.8113604577662,-452.3267603368497,-664.614426173162,25.783333333333335
1548,-80.84088203098237,-257.68479403257874,-451.8304789042273,-665.7193002585755,25.8
1549,-80.9623208536151,-258.75932627093147,-453.3925719082146,-669.2303095130757,25.816666666666666
1550,-80.88330241352094,-259.62263168188406,-453.76250423159405,-669.6495210990064,25.833333333333332
1551,-80.54651714574325,-259.3159452530039,-453.40057768140184,-670.3962014222882,25.85
1552,-80.78379404922507,-259.1967283821874,-454.68629130471874,-670.4149624568037,25.866666666666667
1553,-81.03881851651835,-259.4277682231198,-454.7442096556427,-670.3790694616931,25.883333333333333
1554,-81.56521512927499,-259.16191136333447,-455.4127008063349,-672.4730764804555,25.9
1555,-81.79046566092183,-259.11155281192043,-455.3252189964912,-672.3535603698766,25.916666666666668
1556,-81.98311125562232,-261.9459613777501,-455.13836093084353,-672.9559931947664,25.933333333333334
1557,-81.66333075098711,-260.82773324440996,-457.3697468443979,-676.4437337613397,25.95
1558,-81.45913004871588,-261.97519360600705,-457.950629024459,-675.971691215366,25.966666666666665
1559,-81.916990467927,-263.1851108220467,-458.387020733352,-678.1703237825132,25.983333333333334
1560,-81.36281512681481,-263.35822485042013,-460.12364784902707,-679.2712111220916,26.0
1561,-81.71350059938902,-262.695582210859,-459.07180168049763,-678.7111555455441,26.016666666666666
1562,-81.54714533488757,-263.66962606380037,-459.207113165015,-678.8606056724341,26.033333333333335
1563,-82.33791781320211,-263.4551959630375,-460.8439803983759,-679.298045474634,26.05
1564,-82.58513112098684,-262.88583993882355,-462.0575571425416,-680.813839508891,26.066666666666666
1565,-82.6332900890005,-263.80577523989194,-460.300803635216,-681.1474150640713,26.083333333333332
1566,-82.89380553111597,-263.9418938080279,-461.0895427557591,-681.4055702878516,26.1
1567,-82.78710778010759,-264.15937532236853,-461.98630030711183,-682.3309802351457,26.116666666666667
1568,-82.4112955835434,-263.2043750661733,-462.21806697952314,-683.2144276082797,26.133333333333333
1569,-82.61503051114106,-265.374350797869,-462.477824482254,-683.0702915571981,26.15
1570,-83.0549277423321,-264.7832707389222,-463.95806069587775,-685.7185291646698,26.166666666666668
1571,-82.55501054468351,-264.6515199984614,-462.52750921370824,-684.6040465472796,26.183333333333334
1572,-83.33750416627413,-264.6840527157114,-463.4712722987535,-687.6011755626428,26.2
1573,-83.187167490254,-265.17988318516115,-465.35745042664405,-685.9622295871467,26.216666666666665
1574,-82.5819566508619,-265.31465614703507,-465.60138717192547,-686.2563439170093,26.233333333333334
1575,-82.52790237578512,-266.23173623908707,-464.4921190504519,-686.7426767259755,26.25
1576,-82.86772168301606,-266.03781977704034,-465.8016293901642,-689.800983500844,26.266666666666666
1577,-82.65635842156745,-266.69180277335926,-467.6467226682116,-688.2585940024567,26.283333333333335
1578,-82.9781650312714,-267.1320349740758,-466.9195002745414,-690.0749877968594,26.3
1579,-83.59867930290075,-266.0540046942223,-465.6374969483247,-690.3113156730947,26.316666666666666
1580,-83.47387213660471,-266.9305755346519,-467.5869659188893,-688.3452495235397,26.333333333333332
1581,-82.80274514638924,-267.2045456942452,-467.637312977412,-690.5589903489386,26.35
1582,-83.99587121582117,-266.67226575161027,-467.2339634370064,-689.6185339214128,26.366666666666667
1583,-83.11107049122809,-268.33721471221907,-467.50238745170384,-691.5702391398174,26.383333333333333
1584,-83.22072482315642,-266.86031760370685,-469.8980296981324,-692.1213294315767,26.4
1585,-84.10769523723332,-268.39438848638486,-469.18902862696336,-690.689951202031,26.416666666666668
1586,-82.89250852510057,-269.1304199661024,-469.2051580439759,-693.791736789112,26.433333333333334
1587,-83.96498984972467,-268.3955517135413,-469.14567765427876,-692.4943647804416,26.45
1588,-83.3746592427836,-268.7580028869036,-469.7660498104031,-693.364533464754,26.466666666666665
1589,-84.70680312129166,-268.8082429843133,-468.16562110420256,-692.4630355518017,26.483333333333334
1590,-83.70543950734688,-269.0885824848427,-471.48924681159855,-696.203257293562,26.5
1591,-83.1141455225748,-269.1863050119906,-471.3410490685818,-698.0699846093542,26.516666666666666
1592,-83.73578487006769,-270.90899718082716,-470.1740954221845,-697.1348063815882,26.533333333333335
1593,-83.69758057677741,-270.22816198281674,-472.7941373313365,-694.9779687276432,26.55
1594,-83.68383496404459,-268.8043042292055,-472.91664262938,-694.4594660767566,26.566666666666666
1595,-83.51949887188727,-269.5905625632628,-471.56727832765785,-696.1047278301046,26.583333333333332
1596,-84.42589677509946,-268.68229872831057,-470.59099619842016,-696.7435792995622,26.6
1597,-84.1932791736729,-270.38724681150404,-472.05575338972284,-697.3006399959527,26.616666666666667
1598,-83.7030032475862,-270.27710881810253,-472.78637912286797,-696.9704877809962,26.633333333333333
1599,-84.7401089641316,-270.2747549524562,-471.64210367607683,-697.0707531763505,26.65
1600,-83.96016287453752,-269.7102422590236,-471.9056743236612,-697.8686390862179,26.666666666666668
1601,-84.56603332710087,-269.8582038662178,-472.7886593499398,-699.7876805334497,26.683333333333334
1602,-84.6523362654967,-270.1116196388933,-474.3697421677936,-698.1223959079475,26.7
1603,-84.43885162111647,-270.960741846735,-472.57124556473246,-699.8861709919115,26.716666666666665
1604,-84.99377240133416,-270.69252887583406,-475.03934387804713,-698.3574504890287,26.733333333333334
1605,-84.34388225465041,-270.3524161021548,-474.76680232688324,-698.4541728262121,26.75
1606,-83.7398317353612,-270.9791448829824,-472.8367827464962,-699.3225041110134,26.766666666666666
1607,-84.2289810552809,-270.4362241207724,-476.5034518089965,-699.9353582604153,26.783333333333335
1608,-84.96102585547197,-271.0557391554638,-474.16531838229173,-699.9727752936819,26.8
1609,-84.34857013536539,-271.25284090381257,-473.84202621771794,-702.0343643738803,26.816666666666666
1610,-84.43443636823764,-271.19906283340777,-474.9229639093529,-700.5421390259771,26.833333333333332
1611,-84.87787714091193,-273.6934686472634,-476.80365977431063,-701.1207650505452,26.85
1612,-84.20105359642503,-270.9496153639477,-474.97454242623985,-702.2755169030451,26.866666666666667
1613,-84.96551149254785,-273.50759757587645,-473.9476761293855,-702.1915593335501,26.883333333333333
1614,-84.49512325913417,-272.2406003812872,-474.44012222191213,-702.602957502764,26.9
1615,-85.18870252690084,-271.6750325714617,-476.92959632501083,-703.3810516457069,26.916666666666668
1616,-85.20812890239915,-271.7607375587325,-476.4458097115971,-704.261660295162,26.933333333333334
1617,-85.19605812324883,-271.4626908210691,-475.9622078150459,-703.1644095530297,26.95
1618,-84.87818910330047,-273.9476140686501,-475.5448820979438,-703.3419151856984,26.966666666666665
1619,-85.50613926285564,-271.6319153912189,-476.11664802845394,-703.7547636174564,26.983333333333334
1620,-85.25640501572359,-273.4383039396615,-477.03648729725035,-705.2461676353521,27.0
1621,-85.77472858447601,-272.46681158314186,-477.98183299183495,-702.3719551113195,27.016666666666666
1622,-84.69919841837817,-272.1324211137125,-476.02790126398713,-704.4856401228905,27.033333333333335
1623,-84.72849691111158,-272.38167252985204,-476.1729435755454,-703.1742589938217,27.05
1624,-85.33213643593604,-272.61512789200475,-477.8839798505282,-705.6667889666389,27.066666666666666
1625,-85.01915305052661,-272.17341805852544,-477.2163410281837,-705.7259435386036,27.083333333333332
1626,-85.06227874876473,-273.1984476336001,-477.0339885685696,-704.7865155089111,27.1
1627,-84.37432811674041,-271.72948007887555,-477.61314799713085,-704.8708680803682,27.116666666666667
1628,-85.3238120755369,-272.71585896731995,-476.8738261003957,-702.8604716554888,27.133333333333333
1629,-85.16328856680708,-273.76543316825894,-479.14653614307883,-706.4631135718275,27.15
1630,-85.09917329588066,-273.2663817086643,-477.7480293325111,-705.9391008021286,27.166666666666668
1631,-85.25916405970885,-273.567298449776,-479.5315750840384,-706.3049361036997,27.183333333333334
1632,-85.13873113129512,-273.20965899411215,-477.6059949595281,-704.9545481160734,27.2
1633,-85.17614969481362,-274.08035243054763,-478.9896523010051,-704.3153299435623,27.216666666666665
1634,-84.80475785368417,-274.6924148551321,-477.414554109983,-705.224652431946,27.233333333333334
1635,-85.34260446782332,-272.73802697230235,-480.33471676472425,-705.6741364819222,27.25
1636,-84.96583684313774,-272.1647997566459,-478.2171605356307,-705.2494625405391,27.266666666666666
1637,-85.44338890534019,-273.99773622541784,-477.62459276593563,-709.2122548126023,27.283333333333335
1638,-84.93416445190317,-273.5781350465209,-478.47603323309147,-706.9500998888597,27.3
1639,-85.35972937733548,-274.55575927926714,-477.4712192808918,-708.1708152578017,27.316666666666666
1640,-84.45014954903662,-273.1862133713776,-479.6770433174828,-705.2175113461257,27.333333333333332
1641,-85.67071014546322,-273.63856903517683,-480.29274816419456,-708.2509702487325,27.35
1642,-85.08370227903114,-274.23441198826066,-478.12626239069203,-706.1377936629425,27.366666666666667
1643,-84.84887559874487,-273.9262707423495,-478.81121259067095,-708.1085510074836,27.383333333333333
1644,-84.7056230226112,-273.4654777493412,-478.28237691539425,-706.8103941811338,27.4
1645,-86.84334494256544,-273.74798299095687,-479.2005478523384,-706.8652726714733,27.416666666666668
1646,-85.19290683951269,-273.9460330926405,-478.49622137983516,-708.3927264500644,27.433333333333334
1647,-85.67110410098066,-274.7802808506713,-481.79876501468584,-709.0359296380832,27.45
1648,-85.58675400699508,-275.30162377856146,-479.2950908115573,-709.5581033051341,27.466666666666665
1649,-84.86989123718243,-274.3273473028875,-480.0655171283799,-708.4845877309539,27.483333333333334
1650,-84.92814409187775,-274.56073292910924,-479.52164395884915,-708.2623056455802,27.5
1651,-85.47629444636513,-274.08239172535195,-481.0144387163501,-707.6489519977467,27.516666666666666
1652,-85.71994827561797,-275.144342186766,-480.6591411831837,-708.8074763252687,27.533333333333335
1653,-85.5554872385473,-275.24800923795,-479.944136343735,-708.7899275276682,27.55
1654,-85.00404236236555,-275.4295738117725,-479.8859128098824,-708.3344942424359,27.566666666666666
1655,-85.5417699280085,-274.5364326706851,-481.9254717990978,-709.8594770185937,27.583333333333332
1656,-86.62030261302979,-275.22536943515104,-481.3099528664814,-709.7636960629285,27.6
1657,-86.04862028226405,-273.9634363968877,-482.70422038522725,-710.735856059572,27.616666666666667
1658,-85.2636476558563,-274.95852788878943,-481.4818658730546,-709.2778265904586,27.633333333333333
1659,-85.68423973770643,-274.7872192353376,-480.4526569636221,-709.4930053130747,27.65
1660,-86.20325698240067,-274.24843424051306,-480.56269666193225,-708.7633526688101,27.666666666666668
1661,-86.42702393760229,-274.3682128123394,-481.25121869454864,-710.7885688632416,27.683333333333334
1662,-85.67854507998089,-274.6568518274594,-480.9113982025086,-708.8155188003102,27.7
1663,-84.85036404509387,-273.9066976073675,-480.9497388198391,-711.5685944568351,27.716666666666665
1664,-85.20865788972903,-275.1993378086955,-482.3484517440095,-709.8160589296655,27.733333333333334
1665,-85.82101882030052,-275.34920263683426,-481.3624210147984,-708.8202656650509,27.75
1666,-85.67322020058506,-274.2467432304077,-481.52477894662775,-709.193374098914,27.766666666666666
1667,-85.99303416517878,-274.7859261702938,-481.14885065153635,-709.8945540274016,27.783333333333335
1668,-85.92877551354276,-275.58256717315476,-480.11537560879145,-710.3428864742338,27.8
1669,-85.47128898263722,-275.5893601915677,-480.9933183303425,-710.5923988017104,27.816666666666666
1670,-85.22245639780468,-275.7529662128505,-481.85729156231514,-709.8381330866481,27.833333333333332
1671,-86.09305322259237,-275.6379937537235,-480.320179160972,-710.2054470646381,27.85
1672,-86.01110711722245,-274.35442020595855,-479.9084213413009,-710.9912740650586,27.866666666666667
1673,-85.60757922189659,-275.26646428016375,-481.02842291770406,-713.0062132646854,27.883333333333333
1674,-85.89949904290705,-276.3297629204558,-482.1361725589558,-710.1655076289569,27.9
1675,-86.35215782398818,-275.05843523000397,-481.0898329109445,-712.0734923764008,27.916666666666668
1676,-84.8857033956064,-275.42943341818307,-481.0842285436007,-709.826122094069,27.933333333333334
1677,-85.82641244833484,-276.8910277256601,-481.02583598452395,-709.1060855410682,27.95
1678,-86.54850371895421,-275.74703937987806,-481.41466247643825,-710.6166159733856,27.966666666666665
1679,-86.26763505437845,-276.33079457004015,-479.89830607316344,-711.8992964161727,27.983333333333334
1680,-85.86725098726342,-274.7867593790815,-479.9466682289185,-711.1132372008549,28.0
1681,-85.26340662913495,-276.56736263210706,-481.2195602649773,-708.7789345493034,28.016666666666666
1682,-85.91763280660727,-277.1685162466413,-482.5764244240115,-710.9489908576757,28.033333333333335
1683,-85.71030112520899,-276.24322824035346,-483.34287244349946,-712.2959368429994,28.05
1684,-86.11153674934478,-274.9160538054617,-483.4368916705314,-710.7394288442597,28.066666666666666
1685,-85.51978461183342,-276.23112463776476,-483.0670941452739,-712.834164436885,28.083333333333332
1686,-85.58265611266427,-275.7887699747743,-481.68023432903965,-712.765922251823,28.1
1687,-86.39370424745833,-275.1452596137206,-482.11504590970196,-712.7244154440251,28.116666666666667
1688,-85.7912571860424,-275.5216083045164,-481.13383080438547,-711.7563704733616,28.133333333333333
1689,-85.89095266790862,-276.01197371131974,-483.8104799977839,-711.9755273000035,28.15
1690,-86.29946622229697,-275.99468338934594,-482.7082737816712,-711.7602213339442,28.166666666666668
1691,-85.76522828553225,-275.28380356493096,-482.30567591757614,-714.1496188758788,28.183333333333334
1692,-85.29078900220338,-276.4174684800769,-481.8748662622967,-713.3896520279196,28.2
1693,-85.80838077634732,-275.5196092185767,-482.0975134028505,-711.2223321251458,28.216666666666665
1694,-85.46755766981909,-274.69259268594806,-483.714768574739,-709.8774455280925,28.233333333333334
1695,-85.50350564065954,-275.905986748632,-482.20013859410227,-713.0804207122867,28.25
1696,-86.24316989480621,-276.76907749935145,-483.0495522369012,-711.5427763322381,28.266666666666666
1697,-86.09479153302554,-276.48302906210677,-483.5626721517421,-711.0035233092606,28.283333333333335
1698,-85.9499891844713,-275.4444974790181,-483.66792117195786,-712.9910192578657,28.3
1699,-86.54683090423495,-275.22411823688594,-482.2748316521604,-711.8159407156771,28.316666666666666
1700,-85.59824445483319,-274.74519505431203,-482.0140177498513,-712.1067002956372,28.333333333333332
1701,-85.5587216340812,-276.8622511508824,-482.88856788347994,-713.023218945769,28.35
1702,-85.83642669360876,-276.2644314023725,-482.0313726965681,-713.2009734335792,28.366666666666667
1703,-85.84762736045037,-275.90804914199504,-483.4674569555336,-713.8423484928937,28.383333333333333
1704,-86.055091588798,-276.34698386668526,-481.53845616340163,-713.4234610283711,28.4
1705,-85.88145370733432,-276.69166430362276,-482.40131850691967,-712.8651054693478,28.416666666666668
1706,-85.91879550823839,-275.66344947909465,-483.8974207806125,-713.3957322262336,28.433333333333334
1707,-86.16791781031817,-275.17982504426703,-483.60679045552797,-713.5491272408734,28.45
1708,-86.34894455831679,-276.24265848763525,-481.39239016431645,-711.4666468982306,28.466666666666665
1709,-86.03672609405474,-276.3200079839367,-483.7736359000701,-713.652587220988,28.483333333333334
1710,-85.89872452633088,-275.85408233109575,-482.84112953820977,-712.7970582493609,28.5
1711,-85.63096592135074,-276.9759554259754,-484.4018060180566,-713.7403031297606,28.516666666666666
1712,-85.87769854821418,-276.18921373386166,-483.4265949215707,-712.0660362228999,28.533333333333335
1713,-86.6746237210384,-275.64215564507566,-482.6972346760914,-713.1056215906685,28.55
1714,-85.13091401732981,-275.41962733644203,-481.28390227135617,-711.9734901818779,28.566666666666666
1715,-86.66924771350638,-275.6939254593611,-483.8596963759411,-712.0218510103897,28.583333333333332
1716,-85.29487401579,-276.81092180642673,-481.9697613676901,-714.6702846410019,28.6
1717,-86.57561043130208,-275.2732909755451,-483.49316402499477,-710.3164420756549,28.616666666666667
1718,-85.75894891523615,-277.2072451945459,-483.50588041317343,-711.8907358921256,28.633333333333333
1719,-85.13769594791688,-276.8647422150295,-483.66947566689475,-712.3772192951396,28.65
1720,-85.62668443823232,-276.7651234224389,-483.80828923181014,-714.5202731003938,28.666666666666668
1721,-86.51778245596064,-276.105542705977,-482.88755355754694,-711.5283699751391,28.683333333333334
1722,-86.26402952647811,-275.96819207293436,-482.4491556150385,-712.5564822750127,28.7
1723,-85.88632202915036,-276.0090484315608,-483.85737095731764,-714.2359929378321,28.716666666666665
1724,-86.26077888995587,-277.4950239387813,-483.89319065169906,-713.3083638211782,28.733333333333334
1725,-85.98545911892434,-276.7080388621492,-483.6096037589739,-713.7001882497988,28.75
1726,-85.96773161276307,-277.51423036212003,-482.6086906072914,-712.6038322326671,28.766666666666666
1727,-86.14175918046881,-275.47347044598865,-483.7497622190173,-714.854509207247,28.783333333333335
1728,-86.26580245031235,-276.95602527106473,-482.838506792236,-715.1314201870277,28.8
1729,-86.31346937411655,-275.36419536073714,-484.7835043346678,-710.3069919558898,28.816666666666666
1730,-86.22765799176628,-276.2434969106037,-484.4652825851531,-714.09132277342,28.833333333333332
1731,-85.78459432134935,-276.0343973278301,-483.80144297501454,-713.5679425410835,28.85
1732,-86.19057770883343,-276.0808868948753,-483.27709645958987,-711.8560412913162,28.866666666666667
1733,-86.12303586318572,-277.0884066313391,-483.52990760174157,-711.9272851285058,28.883333333333333
1734,-87.21278827444829,-276.10117385654826,-483.83496859776005,-713.8989416368826,28.9
1735,-86.40440574791492,-275.8636608496033,-482.4189140630763,-712.8616168101512,28.916666666666668
1736,-86.77510807587763,-276.6603562108737,-482.7550834206628,-713.2435908914902,28.933333333333334
1737,-86.59768686538824,-276.4726625091331,-483.613934792914,-714.4930541707616,28.95
1738,-86.33513719436908,-275.7472070548942,-483.4083453929243,-714.824292404363,28.966666666666665
1739,-85.78797883748855,-276.0395540856221,-485.1865332470639,-713.2814495884888,28.983333333333334
1740,-85.74675566217488,-277.1057049863483,-483.42210672811075,-714.5676352512288,29.0
1741,-86.38481690784336,-276.4634319677789,-482.7013139018227,-711.9695572200937,29.016666666666666
1742,-86.14835084438558,-276.5314279918874,-482.72584813888386,-713.223147377724,29.033333333333335
1743,-86.1349584978823,-276.3641996987517,-484.51205484942204,-714.588398548559,29.05
1744,-86.94919086806127,-276.89655831997885,-484.0501181603899,-713.8713847585778,29.066666666666666
1745,-85.69665122495692,-275.9583490343918,-485.4796476749618,-712.2944676643872,29.083333333333332
1746,-86.14350967869007,-276.9509343605286,-484.5410333663459,-714.0996143230045,29.1
1747,-86.33823111541884,-276.946174140054,-484.3708762545017,-714.4997659408531,29.116666666666667
1748,-85.37083107055778,-276.0297559370211,-482.70007234680577,-714.4249251556232,29.133333333333333
1749,-86.05957490269127,-275.7072838625629,-482.719898770083,-712.7972199851208,29.15
1750,-86.8165366773322,-277.0171054001704,-482.6492176461218,-712.5126871611589,29.166666666666668
1751,-86.23844756911367,-274.89288935814164,-482.5500842354546,-715.5219432066862,29.183333333333334
1752,-85.70923103455884,-276.7592568810468,-482.6598813930366,-712.50211184995,29.2
1753,-86.09946455161696,-276.36422640441623,-482.5335342005529,-712.3150428743023,29.216666666666665
1754,-85.89131774784175,-275.3987981918873,-482.63958903413015,-713.3443486605402,29.233333333333334
1755,-86.15016649575139,-277.1342187156735,-482.1535082398002,-715.1553147447867,29.25
1756,-86.36665614325072,-276.11518004140083,-483.60616328667464,-713.8118181580999,29.266666666666666
1757,-86.19795503733192,-276.80442982704494,-483.81606900816985,-713.7708931197437,29.283333333333335
1758,-86.34030424511037,-276.63327540812304,-484.66195995528324,-714.696114214601,29.3
1759,-86.06112801667385,-276.42257266812715,-484.71084635048464,-714.5320723554184,29.316666666666666
1760,-86.2302585699438,-276.9580673093648,-484.23747939375994,-714.1762868366297,29.333333333333332
1761,-86.543903679748,-276.3770737700101,-483.6819239829288,-714.3257833185381,29.35
1762,-86.18240010715954,-277.0292555313244,-483.2137305094191,-713.1059402465066,29.366666666666667
1763,-85.83416491816423,-276.30901597171317,-483.01196388935534,-713.8157303536857,29.383333333333333
1764,-85.94687003144898,-276.93649664090174,-484.3206333374007,-712.0418297691496,29.4
1765,-85.84717236598365,-275.8573604956715,-483.2645712406442,-715.684023232535,29.416666666666668
1766,-86.05890856665043,-277.74714689061784,-483.1529336293637,-714.6133279709275,29.433333333333334
1767,-86.41310063873154,-276.2690927012729,-482.56062668091937,-714.0094180230152,29.45
1768,-86.42987697286827,-276.4249207702167,-483.6691956039739,-713.3421597672456,29.466666666666665
1769,-85.60384542688708,-275.79684749465326,-484.47383691800485,-714.6807020462231,29.483333333333334
1770,-86.70946721775546,-276.652253352795,-485.7013844070708,-714.1593797794127,29.5
1771,-85.81371149093658,-277.4586394118137,-483.03029334216967,-715.5513086755504,29.516666666666666
1772,-85.39266383503755,-276.58214690458396,-483.49479941162707,-714.6737806912632,29.533333333333335
1773,-86.65869131810086,-276.29714090082604,-483.43112763096707,-712.731198327449,29.55
1774,-86.03429917292146,-276.40524161148846,-484.722042155779,-714.4974247342088,29.566666666666666
1775,-86.71656491768981,-276.42431667721587,-485.944380767333,-714.8885408349397,29.583333333333332
1776,-85.50903003704835,-276.320242905328,-484.31593605445187,-713.6540632631293,29.6
1777,-85.84663102080084,-275.2137998404717,-481.96902323711663,-714.361959390734,29.616666666666667
1778,-86.46173999745392,-275.87431229826046,-483.44518445481333,-714.484768054946,29.633333333333333
1779,-86.50622725030125,-275.7680379268771,-482.3214711033016,-714.7883302650719,29.65
1780,-85.82255723911624,-276.7773150835319,-482.474554064189,-713.6061135925781,29.666666666666668
1781,-86.92225235618882,-276.2050563827742,-482.962535080498,-714.495279294071,29.683333333333334
1782,-86.74228943222859,-276.3132405722016,-482.7154539043522,-716.5265250582249,29.7
1783,-85.75305763680514,-275.95835568072164,-484.89182768847854,-712.7202479876914,29.716666666666665
1784,-86.43330529611802,-276.64829044168687,-484.1127128838874,-715.5461314434854,29.733333333333334
1785,-86.30869398317293,-276.89731449429934,-484.052844055642,-714.3911783261474,29.75
1786,-86.3606084771884,-277.30648919099576,-484.01156040892636,-714.4606163445764,29.766666666666666
1787,-85.95617435136093,-275.83407111461077,-484.5874976477437,-712.19997118146,29.783333333333335
1788,-86.17801590034045,-276.58020304931074,-483.3244901628025,-713.3167669031525,29.8
1789,-86.07710656091477,-276.65901532969633,-482.4854495187075,-714.818321769848,29.816666666666666
1790,-86.18818609238417,-277.0202360880315,-484.13779360201744,-715.7957799962627,29.833333333333332
1791,-85.93301485355452,-276.93467341771924,-483.153806328842,-713.6836731419196,29.85
1792,-85.90782194862469,-275.72681776843615,-481.9355181393444,-714.7965502337723,29.866666666666667
1793,-86.39375574306068,-277.2279291613477,-483.5102353258989,-715.3593923216001,29.883333333333333
1794,-86.9192744173169,-276.77031704092633,-484.0785993034642,-712.8765266866412,29.9
1795,-86.78871828370906,-276.96861566142053,-485.4907891854001,-712.7007393953053,29.916666666666668
1796,-86.34597684393822,-277.631403483225,-484.13979365221724,-712.543210905352,29.933333333333334
1797,-85.72619922394523,-276.68851820639577,-483.3009132453799,-713.8002570306672,29.95
1798,-86.40256524394034,-276.6985198403152,-485.0488384165507,-715.6608566165396,29.966666666666665
1799,-86.89440089020778,-277.83818899312257,-484.43939744015483,-715.1952448240268,29.983333333333334
1800,-86.8512621610847,-277.06941633789484,-484.8140126932346,-714.5015278282834,30.0
1801,-86.34635669446847,-276.9217371167948,-482.57149713557465,-712.1166598210287,30.016666666666666
1802,-86.1989423238205,-275.6760980949734,-480.61773405389147,-708.2515520409054,30.033333333333335
1803,-85.42073274593652,-274.92408070909016,-481.52415390011294,-708.413298489866,30.05
1804,-85.26789991460063,-273.1026953030176,-479.1528866640997,-704.4200545859245,30.066666666666666
1805,-85.08919054357858,-273.5193154686221,-474.7859716912298,-702.904172248261,30.083333333333332
1806,-85.20091549378485,-272.59234121083426,-474.2216106461019,-700.2776658060037,30.1
1807,-84.66814143006701,-271.8434427286496,-473.0583379375641,-698.6404859163274,30.116666666666667
1808,-83.82661186002035,-270.4913811551392,-471.23215847121213,-696.2329521128268,30.133333333333333
1809,-84.82856132875582,-269.57454104682023,-468.8339945533566,-694.2771979851755,30.15
1810,-84.26571604823232,-267.29859221024014,-468.162679724942,-691.599164306345,30.166666666666668
1811,-83.83416150968259,-268.60348867265526,-467.10999865218565,-688.3905871980012,30.183333333333334
1812,-82.95131245543111,-267.370842782303,-465.0988364878659,-688.7664880028876,30.2
1813,-83.78643710449725,-266.43795634589236,-463.89465156435784,-684.4816776975333,30.216666666666665
1814,-82.44366818173596,-266.2961269470284,-463.6879586691179,-684.512319914369,30.233333333333334
1815,-83.08575754067648,-265.17731464651604,-460.4558296768616,-682.579135601863,30.25
1816,-83.14160903545832,-263.29092578064854,-461.0627294507207,-679.5849640564176,30.266666666666666
1817,-82.28944260871079,-262.9612542737288,-458.8013166709126,-676.2093521680608,30.283333333333335
1818,-81.67008148952505,-263.21892259429296,-459.16734002979314,-676.2682725348614,30.3
1819,-81.54882188456811,-261.6563709956514,-457.35538746203133,-674.9743915182272,30.316666666666666
1820,-81.61684101043625,-261.3833452134002,-456.79121084766655,-673.7740422677675,30.333333333333332
1821,-81.97562569365118,-260.51060566348946,-455.94957889616666,-671.271193043092,30.35
1822,-81.14209073046692,-260.7055761396713,-453.4713539025215,-671.1240155660087,30.366666666666667
1823,-80.3183853281495,-258.3015483239959,-454.10070752764284,-667.6524187273948,30.383333333333333
1824,-81.23703547397909,-259.2705853790511,-451.2212717459387,-666.4741140713672,30.4
1825,-80.43392059863908,-259.54003505740405,-451.02671769437893,-666.3670029933611,30.416666666666668
1826,-80.67379375379217,-257.8231544814698,-451.22216799975234,-663.5554513249937,30.433333333333334
1827,-80.95430592399524,-257.43818042753634,-450.3836755705762,-663.7311654144219,30.45
1828,-81.06572474519466,-256.6026042696573,-448.70252646881704,-662.4709718521473,30.466666666666665
1829,-80.36575349932464,-256.1159003460837,-446.6055069583155,-662.7313033614932,30.483333333333334
1830,-79.68248487632216,-255.3693527235448,-447.6309333929398,-659.7559675077632,30.5
1831,-79.81394668659817,-255.7228147874086,-445.45954253557096,-657.0738566193911,30.516666666666666
1832,-79.80737273315638,-254.1537126768023,-446.22733893879337,-658.3833726662821,30.533333333333335
1833,-79.76685009006563,-255.3128312829455,-444.9443165865983,-656.951376920967,30.55
1834,-79.29729244452668,-254.31135560273563,-442.50282602212474,-653.2227351605619,30.566666666666666
1835,-79.16620194546665,-254.4682409997502,-442.6406281185158,-653.4659407269146,30.583333333333332
1836,-78.78367661516737,-252.58826798583243,-441.95171333720606,-650.581383822536,30.6
1837,-79.6936180552309,-252.74119178132844,-440.50846792045013,-652.1727760530644,30.616666666666667
1838,-79.35364301137676,-252.31422107256927,-439.3219955155398,-648.9928609462928,30.633333333333333
1839,-78.66368787321329,-251.33020371454992,-440.2865122936851,-647.9625892106565,30.65
1840,-79.0374995392164,-251.7971636165575,-439.8238405541622,-649.837932624631,30.666666666666668
1841,-78.63144327156549,-251.5732150269006,-438.95992134302276,-648.0056804680036,30.683333333333334
1842,-77.99227460096373,-250.94934331483933,-437.5317657863371,-646.6159210531366,30.7
1843,-78.53376377729462,-250.74031150733092,-436.8324350036652,-646.0743901609608,30.716666666666665
1844,-77.57836864751977,-250.5713965436364,-436.0732500338248,-645.6432518208646,30.733333333333334
1845,-78.2273530308362,-250.85845680897623,-435.21872074110206,-644.2167450448104,30.75
1846,-77.98318681289679,-249.27859305109445,-435.03478384994077,-643.9628543046082,30.766666666666666
1847,-78.7282947669398,-249.17304441452612,-435.54086690445524,-642.8162617962183,30.783333333333335
1848,-76.79947761681595,-247.4747792368984,-433.9968941259307,-638.6759051855914,30.8
1849,-77.52680318756542,-249.28814409063017,-433.6416706267388,-642.5258154974169,30.816666666666666
1850,-77.34154881807402,-247.88219824514857,-433.80855216091663,-640.971540877719,30.833333333333332
1851,-77.30245434902932,-248.8564549266288,-434.06303582000777,-640.337620720806,30.85
1852,-78.04827660302442,-247.96285243930788,-432.78541167126156,-640.4756080136153,30.866666666666667
1853,-77.30608570237142,-248.11517629198912,-431.8340084005226,-636.3997647975986,30.883333333333333
1854,-76.959234861243,-246.9393357570958,-431.43611544304076,-636.6556671089081,30.9
1855,-75.992824140503,-246.4462133105806,-430.7280624306858,-637.0085477670395,30.916666666666668
1856,-76.56296322490589,-246.39306771934497,-430.31189629147974,-635.5939564799604,30.933333333333334
1857,-77.0911392932385,-245.86779773673211,-429.15654272151585,-635.4534371204039,30.95
1858,-77.51209143682797,-245.68847302086584,-429.72293003455275,-634.408972218461,30.966666666666665
1859,-76.15518837655037,-245.1054934436503,-429.4161206520761,-633.7967906729008,30.983333333333334
1860,-76.13830784136968,-245.30615803360652,-429.1865286234673,-633.3939841728651,31.0
1861,-76.58327734614522,-245.41365451279694,-427.71776266188834,-631.4754339320715,31.016666666666666
1862,-76.64191881842234,-245.49861318402566,-428.7375852809998,-633.0890863141433,31.033333333333335
1863,-76.06178997666129,-245.10487814891724,-427.09818690036036,-631.8574013857722,31.05
1864,-76.31639353894784,-245.39797699090732,-427.0697594626766,-630.4172288592036,31.066666666666666
1865,-75.6213024301408,-243.64116232084586,-426.1094789057264,-630.9630631799866,31.083333333333332
1866,-75.82672760924848,-243.71822441796388,-426.6613854075154,-630.6557194223951,31.1
1867,-76.20945272828843,-245.37874235495767,-426.2946468927327,-630.3483153915843,31.116666666666667
1868,-76.00883663267466,-243.58373042531062,-425.22849273372145,-629.7588606848941,31.133333333333333
1869,-76.45305973638771,-244.26199124231357,-425.2959955861057,-629.1803866359594,31.15
1870,-75.7602070971173,-244.64784443081305,-424.92580958753143,-627.2314394947538,31.166666666666668
1871,-75.85733145175932,-243.32419362011188,-424.92667968379055,-627.8579568145594,31.183333333333334
1872,-75.16839749872422,-243.43212748239836,-424.0910191585753,-625.0058381119753,31.2
1873,-75.98144308354755,-242.38159902097811,-424.4073483113298,-625.8011808435595,31.216666666666665
1874,-75.62006000573894,-242.86827352681235,-424.3001825715648,-627.2339794298526,31.233333333333334
1875,-76.0954209644704,-243.15522222735422,-423.51248133948764,-625.3010485118263,31.25
1876,-75.68100713533774,-242.30228510444104,-424.2084388074199,-623.4261590993015,31.266666666666666
1877,-75.7840611927256,-242.12530330787422,-422.22948132219904,-624.9116029263591,31.283333333333335
1878,-75.27170714749829,-241.37142074245142,-422.1138295982639,-623.1923311269085,31.3
1879,-76.02128323167284,-241.76527097937563,-423.5498223108039,-624.5145774186625,31.316666666666666
1880,-75.38637253406007,-242.92118397832346,-423.4880484721323,-624.1537405178111,31.333333333333332
1881,-75.17880191783699,-241.3746780578516,-420.72101036576225,-620.71721609178,31.35
1882,-74.97006238548816,-241.48218649840194,-423.0595553917046,-623.9253149437707,31.366666666666667
1883,-75.21193689870218,-242.4598085471555,-421.85374809599773,-623.8025383572586,31.383333333333333
1884,-75.27092948005598,-242.21226570923957,-422.5538393344942,-623.6959622188183,31.4
1885,-75.64746300886922,-241.37157126084657,-421.42493373609994,-622.3172796092408,31.416666666666668
1886,-75.41288455898511,-242.12624292499132,-420.72964919092317,-621.6075271747512,31.433333333333334
1887,-74.47428095871406,-241.00653530792118,-421.1693957730131,-621.7411555539046,31.45
1888,-75.1804804831344,-241.29055064153698,-421.30802037877044,-622.113899978948,31.466666666666665
1889,-75.51838875833158,-240.4214867931631,-419.3932808361503,-621.1015849662881,31.483333333333334
1890,-74.82744867644094,-239.68901818071768,-420.13849204367057,-620.8364866581551,31.5
1891,-74.70210043773426,-240.4016889936271,-418.80460353273554,-620.8403534043744,31.516666666666666
1892,-74.39161623191325,-241.46673507827538,-420.43955595264663,-620.4712276771663,31.533333333333335
1893,-75.09112182719856,-240.82053738002085,-418.7157419544312,-619.7837587124453,31.55
1894,-74.65181334377172,-240.45880121706463,-421.335848761198,-620.0047290508287,31.566666666666666
1895,-75.2923758841699,-240.1109895793328,-418.5751945584443,-619.3705987768137,31.583333333333332
1896,-74.72447796965369,-240.57556097367478,-418.98013571573625,-618.7955490560723,31.6
1897,-75.28224233916946,-240.36188973595694,-419.555559386262,-618.0365331769463,31.616666666666667
1898,-74.52580637316252,-239.83024452992854,-418.7398433587391,-618.3841628412127,31.633333333333333
1899,-75.04292357233255,-240.0081450338412,-419.546146584492,-619.360405044164,31.65
1900,-74.23959736299153,-239.52133624679564,-418.46632636721426,-618.9186296822274,31.666666666666668
1901,-74.86257146161651,-239.5987441683113,-419.9069326883786,-616.6644830753932,31.683333333333334
1902,-74.65791132969304,-239.47605338132257,-418.8923610092684,-617.5274570199566,31.7
1903,-74.45761230701552,-239.2996882273666,-418.50959796031424,-616.817187368929,31.716666666666665
1904,-74.1916572002603,-240.1586047273021,-417.58782569882965,-617.2191607638599,31.733333333333334
1905,-74.67616900481025,-240.31004727708003,-417.7391212811414,-615.694886207992,31.75
1906,-74.90305199658033,-238.38884410813176,-415.808565072662,-616.2854068031704,31.766666666666666
1907,-74.83114946258047,-240.0691801691795,-416.67119857436313,-616.9566588664055,31.783333333333335
1908,-74.04524685773626,-240.22871484440017,-416.36980801288223,-616.2319808765293,31.8
1909,-73.91259351035926,-237.5655607735578,-416.92656901555614,-615.4154381123125,31.816666666666666
1910,-74.1191773781598,-238.37453445928801,-418.03659911470805,-617.5349033456065,31.833333333333332
1911,-75.05836496039095,-238.93391624930302,-417.03807351499023,-617.62431078184,31.85
1912,-74.5501819299904,-238.80892257790134,-416.68011023209976,-615.4724062626784,31.866666666666667
1913,-74.05561350822258,-238.04718046237195,-417.615738258256,-615.5292987119507,31.883333333333333
1914,-74.26178564917802,-238.54899884364707,-418.16544710287576,-615.3171943043152,31.9
1915,-74.64745998518775,-237.43779508327924,-416.2310710159121,-615.3578633347321,31.916666666666668
1916,-74.5041607660901,-238.2810817284406,-416.77967174358866,-613.709845588035,31.933333333333334
1917,-74.09513445659228,-239.67057823927723,-417.27841353261334,-612.6654330358897,31.95
1918,-73.85427725759007,-239.14379135040465,-416.3949343618793,-615.2457775871612,31.966666666666665
1919,-74.71704879592609,-238.22210896066503,-415.8233778615784,-615.029961557083,31.983333333333334
1920,-74.49878481456297,-238.80731855349717,-416.111121573738,-615.681256435932,32.0
1921,-73.95031367725298,-238.07287952629753,-415.2189131577052,-614.769074251306,32.016666666666666
1922,-74.24922341229569,-237.15793559712674,-415.39686486079097,-614.9295362457572,32.03333333333333
1923,-74.31515297109027,-238.05279132297136,-414.87114567239894,-613.8368544380996,32.05
1924,-74.10854069405318,-236.92559545213888,-415.1116365452815,-613.4006026315486,32.06666666666667
1925,-74.042871610477,-238.22831730514832,-415.43644006203766,-612.9488247728326,32.083333333333336
1926,-73.92849160589688,-238.4821880911462,-416.96727866024025,-614.1989388566489,32.1
1927,-73.59109545765483,-237.60236200693535,-416.8409926550844,-613.9526173121071,32.11666666666667
1928,-74.46304398732053,-238.17261432525876,-415.5276154601518,-613.5656628576239,32.13333333333333
1929,-74.2137444990888,-238.33496145645344,-416.23654270234624,-613.7362772087412,32.15
1930,-74.16539401657337,-238.58966517054148,-414.74361765108057,-613.5527319844011,32.166666666666664
1931,-73.5984766639946,-239.2608900663763,-415.98090563791703,-612.3293043166403,32.18333333333333
1932,-74.18534881242257,-238.1487806496914,-415.49240713548403,-612.193363134459,32.2
1933,-73.7203311069609,-238.66774829898188,-414.707494120309,-613.1764877194834,32.21666666666667
1934,-73.98920398751704,-238.2986139380694,-415.58472731190847,-613.1767083209561,32.233333333333334
1935,-74.34672510350421,-237.4699163607309,-414.78928372228097,-612.4708837511018,32.25
1936,-74.5634276210992,-238.23662959246272,-415.47445528124774,-613.1362763207895,32.266666666666666
1937,-74.19736271488011,-237.9285421061798,-415.44548589596303,-612.6312325242625,32.28333333333333
1938,-73.02608053762604,-238.44027316524134,-415.22828896445344,-614.6075383978883,32.3
1939,-74.30150765465343,-237.82695330883104,-415.1611936856668,-613.1458448374747,32.31666666666667
1940,-74.36816649143263,-237.75135235130395,-413.9477155941965,-613.570426330869,32.333333333333336
1941,-74.25291428358004,-237.2642445971012,-416.4421381466836,-612.5813925803939,32.35
1942,-74.44553554590381,-238.1731248098833,-414.7602302612536,-611.6202420381377,32.36666666666667
1943,-74.70807974849424,-237.71649257141272,-415.17731653939376,-612.7745966163332,32.38333333333333
1944,-73.87780684830909,-236.95925864975294,-415.6449311315398,-611.4898475034485,32.4
1945,-74.15265712533558,-237.32198102429174,-413.55877049203656,-612.1712799467075,32.416666666666664
1946,-73.8682026140594,-237.95694456145412,-413.61234613629045,-611.6884178752114,32.43333333333333
1947,-74.38563891272302,-238.45127836552922,-414.2545182057144,-612.5858633565648,32.45
1948,-73.25577806226832,-237.08744993141036,-415.3948307657583,-611.3471328367767,32.46666666666667
1949,-74.29748666618576,-238.16060857340332,-414.5409779757651,-612.4016765075302,32.483333333333334
1950,-73.63472641248494,-236.9952221694006,-414.80516286512955,-612.1042551957414,32.5
1951,-74.10383849220088,-238.2212805281456,-415.2064214502473,-610.2866908800111,32.516666666666666
1952,-73.74193015280636,-237.59154413674943,-413.4225125305496,-611.8113330022384,32.53333333333333
1953,-74.04663400714982,-238.35248375230256,-413.95014606417413,-611.6366272294745,32.55
1954,-73.4832872561895,-236.48547943317485,-415.35271826460104,-612.6826475856468,32.56666666666667
1955,-74.26484577136986,-237.704421960883,-413.70975909002993,-611.7376002418442,32.583333333333336
1956,-74.343101781789,-236.80011625816655,-414.01978917840927,-611.5688062265095,32.6
1957,-73.73816596611346,-237.36460927775454,-414.06433563339647,-611.4328140353928,32.61666666666667
1958,-74.63053867942362,-237.396532365186,-413.1605303307081,-611.7422599662375,32.63333333333333
1959,-73.65070871603395,-237.4875798295346,-413.93732683915493,-613.0468541402631,32.65
1960,-74.58832760820574,-237.3281493338688,-412.49009255092943,-611.8983507836613,32.666666666666664
1961,-73.43537047558496,-237.35951630294198,-411.9144450498127,-610.6987032601957,32.68333333333333
1962,-74.5123133963634,-236.72975925396003,-413.41679788051175,-611.3392580615277,32.7
1963,-73.38200629375321,-237.3839556877462,-414.6837754383169,-610.5545045744205,32.71666666666667
1964,-74.01732918687301,-236.22852513240537,-414.38053435680393,-609.1074762487219,32.733333333333334
1965,-73.97503048604854,-237.80683677514497,-413.8043120076865,-609.2712424350985,32.75
1966,-74.12708513382162,-235.89133716748867,-413.565515543633,-611.614314047457,32.766666666666666
1967,-74.00674392254011,-237.60341687215424,-414.57994601436246,-610.0987840026147,32.78333333333333
1968,-74.01769869703894,-236.77526479973818,-413.52615027615036,-612.1567923211956,32.8
1969,-73.89603129521015,-237.061432283777,-414.015945379308,-612.3963090067609,32.81666666666667
1970,-73.42126692229847,-237.09712545631004,-415.5915914642024,-609.8387965685,32.833333333333336
1971,-73.84596563155193,-236.96107041996802,-414.86818386962216,-610.79388768704,32.85
1972,-72.83260274855527,-237.4779611068462,-413.44519512394595,-612.041711648131,32.86666666666667
1973,-73.9052454209948,-236.98671047659326,-413.2850192910736,-609.4819943855289,32.88333333333333
1974,-73.540424014694,-236.86287248214285,-413.55109164109797,-610.8134775342936,32.9
1975,-73.97526974541452,-236.6817166082976,-414.1254144355076,-610.4700947336308,32.916666666666664
1976,-73.53289133993898,-236.98243483268388,-414.5145647437012,-609.9500466757224,32.93333333333333
1977,-74.45439171770991,-237.77882961953566,-413.09541455300297,-610.295599637373,32.95
1978,-73.93168586147667,-236.87990222037604,-414.6127263612383,-609.8488387122997,32.96666666666667
1979,-73.86376731227854,-236.4896437167399,-414.02276309284696,-609.4317816445027,32.983333333333334
1980,-73.5901197334246,-235.54798374179666,-412.42069313944,-609.0188929574692,33.0
1981,-73.74760545833655,-237.7969294452418,-414.63160018626064,-611.4726173665275,33.016666666666666
1982,-73.79746260419662,-239.29710893512,-416.4694042716023,-614.2474701204952,33.03333333333333
1983,-74.59092652602895,-239.2567793368599,-418.51879250238176,-616.4413649794735,33.05
1984,-74.1825708084296,-239.44344195841563,-419.5179739000648,-618.3174120639379,33.06666666666667
1985,-74.98615535997759,-240.22386321960366,-419.850627759122,-623.0160574994782,33.083333333333336
1986,-75.16563818587632,-241.75295573113755,-421.8438536405955,-622.8218266299908,33.1
1987,-75.81609115640492,-241.17337622648773,-423.8100285047216,-626.3462877619827,33.11666666666667
1988,-76.09323578806874,-242.5343091763551,-425.1812513097687,-627.5786244471567,33.13333333333333
1989,-76.6603857138384,-244.92612637728655,-428.8115104199306,-629.3493778399367,33.15
1990,-77.01010396262328,-245.0175314053757,-428.43242238484316,-631.5719591151935,33.166666666666664
1991,-76.69609145837154,-246.52057907399256,-430.051388501214,-633.216408791834,33.18333333333333
1992,-76.93376653771706,-247.5535674988967,-431.6642991577955,-634.620354338817,33.2
1993,-76.48888112475183,-246.79256359203472,-431.98314607506734,-637.3339387674581,33.21666666666667
1994,-77.29975265968108,-248.76146309335456,-435.0470768644828,-637.9725346216542,33.233333333333334
1995,-77.32273879983916,-248.93240319845967,-435.95633821979357,-640.8007495919085,33.25
1996,-77.41734142479595,-249.3107604833408,-435.2337658966158,-643.3337656571179,33.266666666666666
1997,-78.42994379384261,-250.1755516925243,-439.5250321397834,-645.6006524646097,33.28333333333333
1998,-78.0546191171268,-249.1441515203786,-439.78567714238767,-646.379948451264,33.3
1999,-79.0033590567968,-250.67998831828217,-440.44019137783823,-646.4502585377019,33.31666666666667
2000,-79.29657047142585,-251.3225458684404,-441.2650997389429,-650.3782454186637,33.333333333333336
2001,-79.33723878205785,-251.64012754381332,-442.38002828092897,-652.0858984556679,33.35
2002,-79.60948569578953,-253.46894764270962,-443.75019566111456,-652.7547224021405,33.36666666666667
2003,-79.6277115082413,-252.8637190662741,-443.0673674938387,-653.9580493785787,33.38333333333333
2004,-80.2548270535751,-253.9234400685162,-445.12193658529986,-654.4798829561626,33.4
2005,-79.61567608944382,-254.90602869979162,-446.21224554610546,-656.8381814665407,33.416666666666664
2006,-80.04308100652999,-255.6700328755486,-446.7436675442249,-657.9861501149599,33.43333333333333
2007,-79.81292741412065,-256.0235505780121,-449.1990454391237,-660.9197141970683,33.45
2008,-80.0246278482341,-255.8750657864187,-449.17102494816544,-661.4104340812395,33.46666666666667
2009,-79.6999597992182,-256.98918679161955,-451.4328493629542,-662.0680335132419,33.483333333333334
2010,-81.0259843352431,-256.6875992121255,-452.8094843067604,-659.8476860543898,33.5
2011,-80.94871014352167,-258.26054129049476,-451.88191530885274,-667.1555757919949,33.516666666666666
2012,-80.83832073259492,-258.2868317088283,-453.1875049823295,-667.5295078266194,33.53333333333333
2013,-81.28727941638238,-258.5426985160233,-453.62735487150593,-668.9472797749507,33.55
2014,-80.59267230756478,-260.1966051177408,-454.0791092043338,-667.9212114138193,33.56666666666667
2015,-81.29975470975067,-259.7636192382701,-457.1777210792653,-670.4182429737087,33.583333333333336
2016,-82.0562754638162,-259.1231207930927,-454.8139988510786,-670.7188209580916,33.6
2017,-81.34966232213097,-261.63009129258916,-457.60718445605295,-671.8910388010041,33.61666666666667
2018,-81.47759571040369,-262.7168179357275,-459.0466753732936,-673.7469847454558,33.63333333333333
2019,-82.27837298195671,-261.7542381816927,-457.5013411506853,-675.4422234081546,33.65
2020,-81.5135303790745,-263.43675792925114,-459.20662456757293,-676.2945483971021,33.666666666666664
2021,-81.7540403935856,-262.97217581562575,-459.52228643066934,-678.5362144114412,33.68333333333333
2022,-82.04801927060873,-262.7017545345953,-461.8889648580151,-679.1142779751333,33.7
2023,-82.59604855262165,-263.5317973526435,-460.82853763042124,-680.234018881722,33.71666666666667
2024,-82.09674883965994,-263.4144876345815,-461.643843910823,-678.8384171167911,33.733333333333334
2025,-82.60263807566214,-264.44185705853977,-463.81745007312355,-681.8115210757102,33.75
2026,-82.99717182977865,-265.2503461250593,-462.4146480862041,-682.9313007311148,33.766666666666666
2027,-82.68341299957352,-265.1760162145701,-462.7213719333562,-682.3493721967426,33.78333333333333
2028,-82.60684474605318,-265.51932319761914,-465.4595955215494,-686.750987041046,33.8
2029,-82.98497203580334,-264.88644144497584,-464.07316406302,-685.7023191763615,33.81666666666667
2030,-83.95078170030476,-266.6357755110391,-466.28740698842466,-686.811139475515,33.833333333333336
2031,-83.55858651010541,-264.82724005833154,-467.00661624517267,-686.2991501853951,33.85
2032,-83.18743159512782,-265.30515320471994,-466.8896660332389,-686.947501459702,33.86666666666667
2033,-83.60510512807375,-267.6153507769392,-467.26349820209407,-688.1791842718492,33.88333333333333
2034,-83.57686967361728,-266.2005483973902,-469.1031665860745,-690.4019963121525,33.9
2035,-82.23649454550464,-266.9419099286594,-471.29563697033973,-690.5495165526098,33.916666666666664
2036,-83.85251673648943,-268.7804193796251,-468.8193712018979,-692.1008537288772,33.93333333333333
2037,-84.2657073402524,-268.4326336395655,-470.39738994395543,-691.5144467154578,33.95
2038,-83.67483250418294,-269.54545089102726,-470.5001261565079,-693.0230350955786,33.96666666666667
2039,-84.2619401525216,-268.1340908701934,-471.2838731776518,-692.7439076912553,33.983333333333334
2040,-84.37949372338532,-270.1358457447993,-470.5472216832374,-694.3347688882776,34.0
2041,-84.13298842654658,-268.9215225781427,-473.09511295157887,-694.3322168022931,34.016666666666666
2042,-84.6535375762834,-270.3906363503744,-471.29337510570565,-694.1841147307051,34.03333333333333
2043,-84.38665995616196,-269.443992793995,-473.8110902902774,-696.0379468895163,34.05
2044,-84.42472854790053,-269.776010546095,-474.1996164743972,-695.8788091881061,34.06666666666667
2045,-84.09930803199514,-270.07397821813265,-473.6866150833753,-696.8539986089806,34.083333333333336
2046,-84.50144267772635,-271.57819264215664,-474.36077397065213,-697.1865740664698,34.1
2047,-84.30485371934189,-270.9971662364851,-475.4371703428572,-699.6756558413679,34.11666666666667
2048,-84.91237545107336,-271.33226234006366,-474.17453639481835,-699.3843881108746,34.13333333333333
2049,-85.36898218357405,-270.87691783631476,-475.38563724845767,-700.2166602262497,34.15
2050,-84.59910125134915,-272.4990689292178,-476.46913858199093,-701.0645337191036,34.166666666666664
2051,-85.05726473475517,-270.81696967037504,-476.47410814796285,-702.3402856250442,34.18333333333333
2052,-85.13515972823012,-272.5000064429971,-475.45595496943974,-704.2630661283275,34.2
2053,-84.49840006221399,-272.6527966782947,-477.278262592244,-701.8735641028741,34.21666666666667
2054,-84.73257308796958,-273.354302988023,-479.1002697290918,-702.5906607125667,34.233333333333334
2055,-84.83519760849791,-271.76420348759626,-477.88083627804184,-705.8381340708518,34.25
2056,-85.23211911925289,-274.07831800331667,-477.71800397149,-704.5587779116345,34.266666666666666
2057,-85.41861315166156,-273.40961696374785,-479.3410831470216,-706.019245983601,34.28333333333333
2058,-84.35920551184378,-273.1655809685442,-479.11576073270083,-704.8616385448184,34.3
2059,-85.5146055934162,-273.64435551548144,-479.0043444189592,-704.2069834812087,34.31666666666667
2060,-85.95267387297991,-274.0037085831426,-479.95923672721085,-709.0978357250517,34.333333333333336
2061,-85.52309318127102,-273.3348298048653,-479.983188878321,-708.6395659014255,34.35
2062,-85.43850633984684,-274.01704651594366,-480.68602993308787,-708.6165060511453,34.36666666666667
2063,-85.85695547894157,-273.96213931444584,-478.9158212600164,-710.4606472071757,34.38333333333333
2064,-85.91291068171728,-274.35203887273224,-481.9987096183155,-709.0475079868247,34.4
2065,-85.7080232342685,-274.24058894103155,-482.10671757938314,-711.0679321870854,34.416666666666664
2066,-86.45481187659847,-274.45684645391134,-482.52457483476894,-709.1682366965819,34.43333333333333
2067,-86.30992439058923,-274.9533272188497,-481.4755822072597,-709.7695617086206,34.45
2068,-86.62200410145743,-275.68127979048654,-482.0419969981815,-712.1447618510362,34.46666666666667
2069,-85.94346508203014,-274.88949744561853,-483.167837234628,-709.6994848126828,34.483333333333334
2070,-86.63419420900115,-275.10246890402254,-485.5748665677234,-710.7601096864638,34.5
2071,-86.10196171305235,-275.56137968833366,-481.125393152074,-710.3382656093296,34.516666666666666
2072,-85.76846493639884,-276.2851935925539,-482.70415338603806,-711.0407128245803,34.53333333333333
2073,-86.39316913547545,-276.0999722536932,-481.96835453803584,-711.9689513793829,34.55
2074,-86.32387041869052,-277.2017849038342,-483.0871421022449,-713.5813717555952,34.56666666666667
2075,-85.53910198275193,-277.11879797155643,-482.4377822769644,-712.9599017315617,34.583333333333336
2076,-86.65500534454749,-277.32584201209386,-484.6945857415164,-714.6924686893192,34.6
2077,-86.14588921056341,-277.94839927307333,-486.1762445949619,-714.8365252755931,34.61666666666667
2078,-86.37780021750842,-275.6732483943761,-484.770079294787,-712.4836443641013,34.63333333333333
2079,-86.77705417226619,-275.24512952866155,-485.2066630208314,-714.7771387241934,34.65
2080,-86.544667773632,-276.1234680852872,-485.2177585071988,-714.555190984218,34.666666666666664
2081,-87.07196762020706,-277.823489479136,-484.9505580729575,-714.3673623410988,34.68333333333333
2082,-87.26837697155764,-276.9166921806793,-485.6558802559364,-712.7719480717849,34.7
2083,-86.47132443008158,-277.9164250184261,-486.27430395497834,-714.8252238039713,34.71666666666667
2084,-86.63366734888268,-276.9524910388528,-486.54586801738776,-716.2170359015638,34.733333333333334
2085,-86.27183461165262,-277.2979509608431,-486.530937254425,-714.8250236399545,34.75
2086,-86.66566320735386,-278.2801590485214,-486.420413467017,-716.8830946910805,34.766666666666666
2087,-86.5929637994363,-278.9525940095283,-486.67499231032014,-716.7769636373398,34.78333333333333
2088,-87.57268268231324,-278.0561909626065,-487.02774398995535,-716.6486591960005,34.8
2089,-87.36619664663051,-278.6346854676983,-488.1332088143249,-719.0250365613063,34.81666666666667
2090,-85.91647051645279,-277.44087619284346,-488.5396866267549,-719.0476215201321,34.833333333333336
2091,-86.61364014501733,-279.0847895884843,-486.8290866041117,-717.01692073311,34.85
2092,-87.06424847042081,-277.4000148679369,-487.21716290954254,-718.840318070414,34.86666666666667
2093,-87.0348905507723,-278.1937358623405,-487.96085379434675,-715.9556036622839,34.88333333333333
2094,-87.16961007945532,-278.9311907416301,-488.2434873255701,-716.9125820877803,34.9
2095,-87.65059132851552,-277.515313124366,-488.30800333347906,-720.8521223881067,34.916666666666664
2096,-87.47468563099606,-278.3847245216873,-487.0755588469149,-717.675472224967,34.93333333333333
2097,-87.01556369147114,-278.8832638879468,-488.21899939235726,-721.8821938167118,34.95
2098,-87.46649901338279,-278.0060667113791,-488.376007820844,-720.4679150487062,34.96666666666667
2099,-86.5923512502136,-279.871856852105,-488.1122409909452,-719.1818225025254,34.983333333333334
2100,-86.46829078424953,-278.54280996532145,-488.7465247042776,-719.968138268118,35.0
2101,-87.2437901667995,-279.34642916494863,-488.2084538135278,-720.7249943828331,35.016666666666666
2102,-87.35964466335331,-279.3604799028858,-489.7964065973984,-720.5502928438522,35.03333333333333
2103,-86.85581689643762,-278.5816991600457,-490.8333383035299,-719.652085024743,35.05
2104,-87.21302178434574,-278.8865327488071,-489.3531136523818,-720.9033465356049,35.06666666666667
2105,-87.0444816750539,-279.1885582734185,-488.77329747474494,-721.4379191107523,35.083333333333336
2106,-86.95552137817023,-278.4769095877566,-488.862694774397,-720.9466839970869,35.1
2107,-87.60860160439391,-280.056032870931,-490.45373130872383,-722.8546168423867,35.11666666666667
2108,-87.83996925157926,-279.830564739611,-491.12342196071626,-723.3165183297564,35.13333333333333
2109,-88.07213289049977,-279.52220287409705,-490.3824383858125,-723.1644015253453,35.15
2110,-87.83431522049459,-279.23344243667765,-490.2863815550914,-722.0241331917372,35.166666666666664
2111,-87.20559173468477,-280.2844258537247,-491.5783715840812,-721.2851903626613,35.18333333333333
2112,-87.74413164455602,-279.3579429839457,-490.24940889017364,-720.6037220718965,35.2
2113,-87.98234024435219,-279.8287504742826,-490.0278150251056,-721.4247493200319,35.21666666666667
2114,-87.89830274854091,-279.70747320321976,-491.34143310577315,-721.1983905580806,35.233333333333334
2115,-87.41015786425896,-281.0652962760918,-490.63422712978144,-721.4741852367786,35.25
2116,-87.76990427558974,-279.86273471885556,-491.4241289123761,-722.4157307470892,35.266666666666666
2117,-87.53636814483633,-280.8574649755557,-488.8688890770714,-722.4473570893999,35.28333333333333
2118,-87.41244415380868,-280.0895319522606,-491.63288755284833,-721.9839122461531,35.3
2119,-87.61975851387156,-280.50799873999654,-491.10809063291833,-724.0924536198811,35.31666666666667
2120,-87.81736899375123,-281.38307434377316,-491.65099040575205,-723.1838756840662,35.333333333333336
2121,-87.5086204470948,-281.7387898214741,-490.90160684884836,-723.6248452004066,35.35
2122,-88.22098264707603,-281.1101933920186,-490.57351492021803,-724.7420660729819,35.36666666666667
2123,-88.18376643372682,-280.64549969065786,-490.88710033643974,-724.6383743795201,35.38333333333333
2124,-87.6462522665808,-280.58317655990817,-492.30632822723436,-722.6742873926954,35.4
2125,-87.8631911778944,-282.0186186983676,-491.3893575980423,-726.085946162565,35.416666666666664
2126,-88.05319593655888,-280.6070659134353,-491.6054482337607,-722.0652839904138,35.43333333333333
2127,-87.75177487771788,-279.01635817568274,-493.2215106490611,-723.8861639132053,35.45
2128,-87.881948891971,-281.31424607966125,-491.54341107787474,-726.6472878188381,35.46666666666667
2129,-88.13101155027707,-281.3536173635532,-491.7808758679532,-724.7566162896137,35.483333333333334
2130,-88.06273913245933,-280.697943386268,-491.82571218095563,-724.2165599296098,35.5
2131,-87.45686780970368,-280.1146974796314,-493.0958268400724,-722.8870321225606,35.516666666666666
2132,-87.94352306662847,-281.08385234386566,-492.0323233523249,-726.475205292565,35.53333333333333
2133,-88.05063162721629,-281.50380399621844,-490.7994614766971,-724.7469447935883,35.55
2134,-87.54217100682688,-281.1283743031547,-493.35943548135003,-723.9978014892325,35.56666666666667
2135,-87.38782832430564,-281.4297704417833,-492.36460539278494,-724.7228045612402,35.583333333333336
2136,-87.5808333224866,-282.72652356823136,-493.44311607473287,-726.0243058389665,35.6
2137,-87.95096897723359,-279.7077686896024,-493.2709848347949,-724.6256532757591,35.61666666666667
2138,-88.36178126039991,-282.53324144356156,-492.8549456988859,-724.4051252519405,35.63333333333333
2139,-87.63464544450834,-281.195938832151,-493.55794433963143,-725.5132140304272,35.65
2140,-87.80965714436994,-281.326844524873,-493.02795677984614,-727.022185476251,35.666666666666664
2141,-87.93236824232548,-281.51828237688073,-492.87180985934015,-728.2837509426258,35.68333333333333
2142,-87.4091432781557,-281.9427746351989,-491.83859867881836,-728.5483213045953,35.7
2143,-88.29870953586165,-281.88084512966253,-492.6726455696623,-725.9297309977233,35.71666666666667
2144,-87.73747525205036,-282.26416798486645,-492.39880434872566,-724.4490946031923,35.733333333333334
2145,-87.7211098336499,-282.231661622798,-492.472283296993,-726.0584192190304,35.75
2146,-87.50922608829661,-281.0753974164329,-493.929535898744,-725.1668087437126,35.766666666666666
2147,-87.84727509491987,-281.6600388882705,-492.35983427920786,-725.3753028043059,35.78333333333333
2148,-88.44270505528775,-281.2969981602896,-492.7559597020903,-726.3084428841403,35.8
2149,-87.70777805183013,-281.60754028665684,-493.1794931567642,-728.0838945544822,35.81666666666667
2150,-87.48642596386722,-281.3729720223613,-493.2362937587301,-727.1373546684224,35.833333333333336
2151,-87.87114952320462,-282.20036433441976,-493.3108908279846,-728.551603308794,35.85
2152,-88.13495150141685,-280.51292495746213,-493.0227737934412,-726.6622463593066,35.86666666666667
2153,-87.70446136884252,-281.3775874856929,-492.1519412301323,-727.8761549514257,35.88333333333333
2154,-88.60935534073624,-283.25239356981024,-492.18011605692107,-728.1286292079071,35.9
2155,-87.73761164537218,-282.64767095243513,-492.2581213129213,-726.9862761369981,35.916666666666664
2156,-88.10739671210791,-282.02395573924093,-494.87884796410054,-726.9669503452096,35.93333333333333
2157,-88.1751503571618,-281.9948136910943,-492.2100850953993,-726.3934507873298,35.95
2158,-88.23776885607008,-281.47209257092754,-493.30299910556886,-727.2019447576466,35.96666666666667
2159,-88.87536664534922,-281.87212474765664,-493.47955257689773,-728.6370013243301,35.983333333333334
2160,-87.97465101528277,-281.56171253402124,-494.7770033960332,-727.0438419448353,36.0
2161,-88.57722269004876,-280.74960557765445,-494.1030185673651,-729.1833402622326,36.016666666666666
2162,-88.2888679036564,-280.8067263660095,-494.02968610037607,-726.9887167022881,36.03333333333333
2163,-87.93977993204061,-283.09317507246874,-492.43824609980805,-728.4870505583503,36.05
2164,-87.9060824173808,-281.5340853970387,-493.26779212177047,-728.5042122577908,36.06666666666667
2165,-87.87164353267514,-282.64405218722806,-495.36176019158756,-728.2368476703625,36.083333333333336
2166,-87.89079756452625,-282.3124847280317,-494.0275206495073,-728.1423698235451,36.1
2167,-88.08352019852303,-282.16031773993967,-495.0705037709086,-727.5137618577284,36.11666666666667
2168,-87.7735500204694,-281.03066233396277,-493.5945402723969,-727.0599275106894,36.13333333333333
2169,-87.94650747593197,-282.53197059343887,-494.9003141909476,-727.0409804750681,36.15
2170,-87.87420228462086,-282.8943039845166,-494.2388492427817,-726.6859584720867,36.166666666666664
2171,-87.92363561581816,-282.8492768851363,-494.57143133699674,-727.803777318413,36.18333333333333
2172,-88.16604111237294,-282.32517402377636,-494.4805375664042,-727.4907576089972,36.2
2173,-88.88797881600453,-281.31084927555037,-495.05632624956456,-728.4288555280782,36.21666666666667
2174,-88.39626141896579,-282.33912614206145,-495.26264778440805,-728.9437641778521,36.233333333333334
2175,-87.59612758972985,-282.89880054650354,-493.99702983238035,-729.5102763146897,36.25
2176,-88.57548028529706,-282.0985779085596,-495.45874166204055,-729.0372104272648,36.266666666666666
2177,-88.42889766433267,-282.26277337242834,-493.9960227098418,-728.6503583763802,36.28333333333333
2178,-89.38196117967854,-281.88527887392127,-494.6277986316572,-728.4305019355775,36.3
2179,-88.82990130224724,-282.60046935961293,-495.315676421395,-729.7145328942524,36.31666666666667
2180,-88.44391609641131,-281.7938386308049,-494.45331463008915,-728.3770439256602,36.333333333333336
2181,-88.71452352158721,-281.74494993584017,-496.0955518866263,-729.0109112041938,36.35
2182,-89.1154294562825,-282.9680575314026,-494.8267009728054,-730.4746395134855,36.36666666666667
2183,-88.53299904080262,-283.09658227265015,-495.83912836816,-729.1762396707626,36.38333333333333
2184,-88.6283255550205,-282.25889025986396,-493.89878579657756,-727.1074795476754,36.4
2185,-87.92359869400971,-282.3542403011802,-494.2864392911294,-725.8283279391078,36.416666666666664
2186,-87.53123364089764,-280.91092432512227,-494.7439706565124,-728.2110665787039,36.43333333333333
2187,-88.29718697539539,-282.31821444187403,-495.3231479625375,-728.475034640928,36.45
2188,-88.43631634292971,-283.0552950111426,-495.58872949487994,-727.9373700440709,36.46666666666667
2189,-87.75242402864943,-282.623815225662,-493.6700960376717,-729.4857377699568,36.483333333333334
2190,-88.72938500285422,-283.0232214603547,-493.6654876801101,-730.596287332384,36.5
2191,-88.95507926188175,-282.7191696557068,-494.88171759453166,-729.1288256324675,36.516666666666666
2192,-88.63218821420568,-282.4259513882987,-496.5792177888426,-727.0947482293939,36.53333333333333
2193,-87.92073836794029,-283.225501849054,-494.91265319810344,-730.2726198327821,36.55
2194,-87.94208702144165,-282.42801414395586,-495.00649847946784,-731.4965413160747,36.56666666666667
2195,-87.9903966600343,-283.12790381107334,-496.3434140532665,-730.2431854896439,36.583333333333336
2196,-89.35959465421794,-282.763616328391,-494.6481364939756,-728.2786175535292,36.6
2197,-88.9029949010846,-282.8785083476525,-495.92358667181253,-729.3373312184864,36.61666666666667
2198,-88.81650167914574,-282.74697991522805,-496.6376355396033,-729.1543742459039,36.63333333333333
2199,-88.35034033226819,-284.3059327771285,-495.590022782094,-728.9237944670426,36.65
2200,-89.03404368725694,-281.50289581124514,-496.4968181568927,-729.0218028004412,36.666666666666664
2201,-88.57098842666107,-282.3832923843964,-495.55437899192253,-730.464175006501,36.68333333333333
2202,-88.5637505751241,-283.295280561765,-496.14238782498245,-728.7674344087521,36.7
2203,-88.12450013718357,-282.4409153617574,-497.15606582570615,-728.2677917843718,36.71666666666667
2204,-88.24591255335277,-282.56119841860504,-494.2755251950967,-727.6304802073278,36.733333333333334
2205,-88.5598587409925,-282.3358848105882,-493.98545944235497,-729.1806212420413,36.75
2206,-88.54608421786897,-282.213687007513,-495.89154154434374,-730.2347935397815,36.766666666666666
2207,-88.71216505533545,-282.5440938636052,-494.4672582081669,-729.9182595735371,36.78333333333333
2208,-88.45865485688516,-282.4232868824944,-495.01292871898465,-730.9123877643738,36.8
2209,-89.35922073180332,-283.66105799462684,-493.96475793751176,-730.4914515124481,36.81666666666667
2210,-88.90625291437189,-281.61741138264375,-494.5516924854443,-727.8659852012984,36.833333333333336
2211,-88.4632348516285,-281.39419158387875,-495.880952864712,-729.2799409883792,36.85
2212,-88.2727282854481,-282.7846681734883,-496.36556593212555,-731.7193428107067,36.86666666666667
2213,-88.89209197605732,-283.00246692313874,-495.4609201666286,-729.761990106466,36.88333333333333
2214,-88.31043020665754,-281.99602174128233,-495.71417142904824,-728.6890955718791,36.9
2215,-88.66829674355948,-282.9494395133942,-496.4142188138747,-729.4809518582587,36.916666666666664
2216,-87.70405175014243,-283.36260684879346,-495.3416483756668,-730.2752215289859,36.93333333333333
2217,-88.38455619679569,-284.10832240406637,-495.33430748111317,-731.1579254271944,36.95
2218,-89.23719583480717,-282.3521666083036,-496.65289835711707,-729.9501780811183,36.96666666666667
2219,-88.70042351339309,-281.9486181957758,-494.64554247446455,-729.4165277323581,36.983333333333334
2220,-88.51192878290836,-282.91067004287197,-496.1940404188476,-730.0995432454142,37.0
2221,-89.49477402356572,-283.0205768347993,-496.83197769421935,-731.0495393052838,37.016666666666666
2222,-88.20189775140591,-282.49742081239106,-496.1917800290626,-730.3189958133478,37.03333333333333
2223,-88.12334769483915,-281.7609484760099,-495.2709880983291,-728.7684429139865,37.05
2224,-88.73175694273505,-282.5822903911912,-496.2722286520973,-729.8757794791633,37.06666666666667
2225,-88.27905151688394,-283.10740286784005,-494.9252382508781,-730.9624830141346,37.083333333333336
2226,-88.35218134391401,-283.0106803497592,-495.3873990440562,-728.7165906218667,37.1
2227,-88.50203792899534,-283.8851125739372,-496.71333211028815,-728.9557820964874,37.11666666666667
2228,-87.98974332744825,-282.8921317651621,-496.57832557361724,-731.6652414013939,37.13333333333333
2229,-88.2465855606197,-282.9991007491112,-495.311392669312,-729.5727680065768,37.15
2230,-88.65388474411135,-282.1223128315334,-495.8158165019223,-730.4750912130062,37.166666666666664
2231,-89.16559997289444,-282.38013349020093,-497.2863069899191,-730.4049486555973,37.18333333333333
2232,-88.29462406077356,-283.53267712633084,-495.70973322550935,-730.6643303872119,37.2
2233,-88.82609326604987,-284.5731568331055,-495.52130994047985,-730.7214923305436,37.21666666666667
2234,-88.56889222324251,-282.50479675346077,-496.097439852244,-729.6328514633013,37.233333333333334
2235,-88.44280924709521,-282.61244969045407,-494.89469492795615,-728.8022788831088,37.25
2236,-88.36857175968623,-281.76517403294184,-493.54049247596663,-730.451284103828,37.266666666666666
2237,-88.31962260593154,-284.0244819557648,-495.0679387043857,-729.990348086453,37.28333333333333
2238,-88.29804763011171,-282.8156219854285,-497.07785498538533,-730.0111000053316,37.3
2239,-88.15520221941675,-281.7384936631457,-496.21288011461866,-728.6151464403196,37.31666666666667
2240,-89.2608149570984,-283.20564485827055,-495.75649805649937,-730.826548537798,37.333333333333336
2241,-88.58567400341325,-282.69631161122743,-495.90292096145066,-732.6883209690128,37.35
2242,-88.63941521730904,-284.0122220671473,-496.46321455967467,-731.002162502809,37.36666666666667
2243,-88.4879611266258,-283.11785470171463,-497.16853111139636,-728.9525328988153,37.38333333333333
2244,-88.88980588120415,-283.88073756542303,-495.99528357317456,-729.3518170086451,37.4
2245,-88.42349692959968,-283.67632885108793,-496.10490620582993,-730.0250722515493,37.416666666666664
2246,-89.00828861749264,-282.83378305976225,-494.9635203563216,-731.9906015440516,37.43333333333333
2247,-88.37937380530572,-282.33411454174336,-496.1363298256379,-730.5075166399758,37.45
2248,-88.45825434758937,-282.75543537327235,-496.3359239020077,-729.9206676127474,37.46666666666667
2249,-88.35008989890753,-282.3051847622129,-494.7858562193999,-730.7236640330921,37.483333333333334
2250,-88.53699329286482,-282.10760758724507,-496.684018542634,-731.2100936236728,37.5
2251,-88.1547661255521,-282.91008526592236,-494.4219002768639,-729.2370264058811,37.516666666666666
2252,-88.73432124597548,-284.09117213479425,-496.78268853871106,-730.0649364027531,37.53333333333333
2253,-88.96103398263396,-281.49235053082117,-497.1758555163448,-729.6981595507749,37.55
2254,-88.28349997034114,-284.2868430970459,-496.9664524093902,-729.7939743789681,37.56666666666667
2255,-88.71516961676167,-283.54704480167237,-497.1372402628385,-730.54041171873,37.583333333333336
2256,-89.30019332412849,-283.629619284837,-496.85845885687667,-731.0123899592397,37.6
2257,-88.49117796035354,-282.55995733751024,-495.4351320823067,-728.0277926502714,37.61666666666667
2258,-88.45111161413018,-282.6967707030066,-495.76919082798594,-729.7758631916048,37.63333333333333
2259,-88.0937785728154,-283.8469327383998,-496.7982116659556,-732.034082850614,37.65
2260,-87.73838519289392,-283.19831074199584,-495.4398333503841,-729.9138401441311,37.666666666666664
2261,-88.07628493529776,-283.5558073904863,-497.54555800081954,-730.7536403085343,37.68333333333333
2262,-88.32880798959255,-283.39448441063246,-496.160051641587,-731.250289430119,37.7
2263,-88.30990023714403,-282.8101942232672,-494.98255017994626,-728.7092121894296,37.71666666666667
2264,-88.5132011637632,-282.64899076865964,-496.0627064068013,-730.4321884666789,37.733333333333334
2265,-88.59791173467221,-283.2333687244345,-496.4010341624115,-730.140001774187,37.75
2266,-88.29827978274665,-282.9392867321977,-495.6847040267452,-729.955241033675,37.766666666666666
2267,-87.97989373813826,-283.7327313474931,-496.38124571796055,-730.812987683939,37.78333333333333
2268,-88.64810417267444,-284.2404795842972,-496.297680286906,-731.6475736981358,37.8
2269,-88.52652503780988,-280.98505956178155,-495.25232116056503,-730.0963442013509,37.81666666666667
2270,-87.90444113501965,-283.0797600571871,-496.56938239181807,-728.7087504839196,37.833333333333336
2271,-88.23002889241295,-282.2869780428354,-495.38109241282143,-730.8913101657703,37.85
2272,-89.23624310614234,-282.7673885471443,-495.7938350640457,-728.6548595263206,37.86666666666667
2273,-88.778909478229,-281.912506518791,-496.2667693708549,-730.7316940977495,37.88333333333333
2274,-89.07326352309228,-283.2363743676559,-494.8939544596608,-732.5996415984114,37.9
2275,-89.04649504076288,-282.0777366408905,-493.769212658269,-729.7049345412491,37.916666666666664
2276,-88.59733665989721,-282.65808571167486,-496.9728206373008,-731.6637628488587,37.93333333333333
2277,-88.42274090201367,-282.7253595481581,-495.75632064022915,-729.5566963443797,37.95
2278,-89.31681240202542,-282.6488128807345,-493.85808280032944,-729.1637204864985,37.96666666666667
2279,-89.05365404485705,-283.99292398154,-496.6890519506704,-729.3281452326197,37.983333333333334
2280,-89.4786470618804,-283.0083368829401,-496.76939648007,-729.5759252665423,38.0
2281,-89.56559832828341,-282.4531242975295,-493.91748666353186,-726.7398896763698,38.016666666666666
2282,-87.83283302209162,-282.0216195606711,-492.337271788872,-724.1356382210222,38.03333333333333
2283,-87.67432722955637,-281.8550219162633,-489.59447308961893,-722.0593193764024,38.05
2284,-88.15844702407175,-279.14048421212897,-489.73408108912747,-718.8007378235511,38.06666666666667
2285,-87.32233689572787,-280.3764889061227,-489.5365493983989,-716.5172383995362,38.083333333333336
2286,-87.2931307160591,-279.34750062847706,-487.8503950907016,-715.9895619063859,38.1
2287,-86.90466752178091,-277.6488483056618,-485.07883729358866,-711.6060643053396,38.11666666666667
2288,-86.67745326976188,-275.7818620617609,-483.09760268891046,-712.6128929443122,38.13333333333333
2289,-86.2975501466573,-274.6644741352841,-482.6385189787216,-709.3309055877928,38.15
2290,-86.78584669742335,-274.36822587895057,-481.2633368954303,-704.6050369085001,38.166666666666664
2291,-85.56274990839869,-273.5044087277898,-481.44851842899976,-705.0013013705164,38.18333333333333
2292,-85.65241594862222,-274.4329359721993,-479.1248298814805,-702.5389967797545,38.2
2293,-85.23090815499307,-272.14215281591026,-475.6432599773167,-700.3184331535371,38.21666666666667
2294,-85.85797563015637,-272.21583715237404,-477.02672385342584,-698.7797346760236,38.233333333333334
2295,-84.80158998571288,-271.3618297856721,-474.01084153194705,-697.8680819650159,38.25
2296,-85.42915852616952,-270.36498778068517,-473.2230787148074,-696.854001587145,38.266666666666666
2297,-84.92761546028154,-269.7775613706201,-473.52633484186435,-694.5972159178331,38.28333333333333
2298,-84.41944558041614,-270.4122238798822,-470.83793674883873,-691.5643654149134,38.3
2299,-84.83828391726912,-268.49734407222326,-470.44555620303964,-690.2363891976468,38.31666666666667
2300,-83.62927498240056,-269.31467666609393,-469.8927629107396,-689.0828673260644,38.333333333333336
2301,-83.33340708814278,-268.3271876959372,-466.60314078560606,-687.4706536254453,38.35
2302,-84.14235404274322,-267.456368974592,-466.2837511537697,-685.5372465586962,38.36666666666667
2303,-83.68127068784372,-266.7431375307263,-465.14835017297287,-684.2677716070826,38.38333333333333
2304,-83.14513576234427,-265.5468204294487,-466.1763161206077,-683.8321188676265,38.4
2305,-82.82088147252655,-265.60171801519584,-463.99880765939406,-682.0589632212998,38.416666666666664
2306,-82.33134213326137,-264.9059348764096,-462.9581360425828,-681.2859430845001,38.43333333333333
2307,-82.59044000869764,-263.57694666073246,-460.14625266200824,-678.9173014398328,38.45
2308,-82.28023537948349,-262.58387543944747,-461.1767716811653,-677.8717830135563,38.46666666666667
2309,-82.10870796353457,-262.3969988962029,-460.38702498818634,-676.2922187053392,38.483333333333334
2310,-82.28811563302042,-262.8351942175993,-459.7221452700197,-673.3100354248753,38.5
2311,-82.46645227385228,-263.4119270524411,-458.89496960236954,-674.7313185399072,38.516666666666666
2312,-81.6372998149865,-261.4968847466914,-457.66826056436133,-673.5669010832371,38.53333333333333
2313,-82.09238570372368,-261.4947445955774,-456.0280843015961,-672.4766582247073,38.55
2314,-81.76631694767534,-260.53978450084196,-456.39292211044824,-671.5240426707848,38.56666666666667
2315,-81.5996774705504,-260.2078493904464,-455.6066448788814,-668.2296694667117,38.583333333333336
2316,-81.42109799246705,-260.4518539903439,-455.58519897296753,-669.8091095133829,38.6
2317,-80.82617132229123,-258.9957103927619,-454.08123725519926,-668.443444855473,38.61666666666667
2318,-81.52293976068962,-259.20659359097806,-454.09587980464283,-667.075894411518,38.63333333333333
2319,-81.17701838400454,-259.1144774299866,-453.0370443113785,-666.2624838344456,38.65
2320,-80.60402168463865,-258.95947537230455,-451.4875799788211,-665.0972541737873,38.666666666666664
2321,-80.56838477837809,-257.66422712190274,-451.92651846722276,-663.6288930387849,38.68333333333333
2322,-80.42599137053305,-257.74106059585273,-449.565240113803,-663.1966335937423,38.7
2323,-79.97162692876981,-257.18247459223807,-450.5044442655249,-662.9964169917683,38.71666666666667
2324,-80.24376654159195,-257.6343692192678,-450.4369226459573,-662.4905845607825,38.733333333333334
2325,-80.57377210460447,-256.22071217052394,-448.83443507545815,-660.0766698540031,38.75
2326,-79.52469706391707,-256.77612158894124,-447.3433649660557,-660.2088430325184,38.766666666666666
2327,-80.53335061888825,-256.2501448160737,-448.15690164635095,-657.3704218293917,38.78333333333333
2328,-79.64377635309698,-256.1270954090567,-448.26416176954507,-656.8056960300581,38.8
2329,-80.0955438474809,-254.86033635622928,-445.974089166625,-657.2445728565509,38.81666666666667
2330,-79.98066070883301,-254.71431314882582,-444.9479178770226,-658.8377455272318,38.833333333333336
2331,-79.2964646096319,-254.5668736769727,-446.5052792836757,-657.5356514906603,38.85
2332,-79.3232746008504,-255.28426034122498,-445.2383767412052,-655.5783677638866,38.86666666666667
2333,-79.12021050629977,-253.26331777914254,-443.90154518974407,-652.1290716514103,38.88333333333333
2334,-78.82380346908332,-253.67210846912718,-445.70087700388206,-653.6056047337997,38.9
2335,-79.26245523060219,-252.92518260778283,-444.7159414667853,-652.1466059966531,38.916666666666664
2336,-79.3233043536058,-253.36322685819746,-444.3787563118333,-652.0908391961478,38.93333333333333
2337,-79.50525832987908,-252.51738203385895,-443.33193536649463,-652.9915396799884,38.95
2338,-79.36032395039757,-253.39499715820642,-442.8413873524769,-652.6362921653482,38.96666666666667
2339,-79.20800711615495,-253.4411917673654,-442.888897172133,-650.7776232504815,38.983333333333334
2340,-79.3649973440458,-252.7293755705699,-441.6317351557202,-650.1227045966912,39.0
2341,-78.93402347967115,-252.44911862159557,-442.1754806405279,-650.5020390985269,39.016666666666666
2342,-78.97923746374633,-251.75881337114646,-441.4675732893041,-648.7101924024233,39.03333333333333
2343,-78.77880356089283,-252.91151740133466,-440.3393560592937,-646.1778651052748,39.05
2344,-78.72674185683655,-252.47907646403078,-441.60553950086666,-648.3526646558012,39.06666666666667
2345,-78.76360789442107,-251.23565092010108,-441.32973596331885,-645.9009245857801,39.083333333333336
2346,-78.96878137761449,-251.48268290118077,-440.1126589424629,-647.1681589543723,39.1
2347,-78.42135237953181,-249.537864341743,-438.96713607239536,-645.5105807624944,39.11666666666667
2348,-77.81411123931457,-249.92378663519492,-440.15580528699957,-647.0507951556459,39.13333333333333
2349,-78.6278081464835,-250.7104617304468,-438.8106532981516,-644.9821031441821,39.15
2350,-78.93332707663275,-251.25178166199666,-438.574193138558,-646.0406522252032,39.166666666666664
2351,-78.03930706310486,-250.49568762401546,-438.47579048344096,-644.0657768501716,39.18333333333333
2352,-78.21237686287387,-249.49197022132256,-437.26553688531044,-644.468004267557,39.2
2353,-77.76074421682188,-250.8530734012899,-438.37988307137925,-645.9193516509279,39.21666666666667
2354,-78.17440269251145,-249.782036308381,-437.8111092930849,-643.4484391659674,39.233333333333334
2355,-78.19238863413247,-250.4345678969582,-437.80457846324794,-643.6777165250321,39.25
2356,-78.0874646278204,-248.93399393290787,-436.7404519534808,-643.3697892017053,39.266666666666666
2357,-78.56504047301507,-249.9429362765185,-435.62524740449385,-642.3230466518839,39.28333333333333
2358,-78.13018981953321,-250.25092512979373,-436.7655983479214,-642.0378881199272,39.3
2359,-77.89751064691208,-249.14126381408786,-436.63239858385896,-642.8778845814876,39.31666666666667
2360,-78.19737056534481,-249.29034469783207,-435.076176569831,-641.7651833284787,39.333333333333336
2361,-78.05624624390691,-247.80940705709813,-436.3502535483854,-639.8368551884461,39.35
2362,-78.1715367602023,-247.9816009493026,-437.1952127333154,-638.4884539803878,39.36666666666667
2363,-77.85399229210029,-249.0764791214958,-434.6133427202455,-638.9270266412072,39.38333333333333
2364,-77.8400582536866,-247.5550335612568,-435.273398404306,-640.0363541608365,39.4
2365,-78.22764935330476,-248.77459452428516,-433.844365476251,-639.4247608943715,39.416666666666664
2366,-77.25306497694861,-248.80988571390165,-433.41868607625804,-639.2748257263333,39.43333333333333
2367,-78.0074114222749,-247.45462275750114,-433.5085332867765,-639.3658345933089,39.45
2368,-77.2138598922278,-248.0077893198577,-434.362422859327,-638.9337363411794,39.46666666666667
2369,-77.31029122072205,-247.6901341496461,-434.1244497236545,-638.5271382756309,39.483333333333334
2370,-77.18961840271089,-247.8809752045967,-434.1462799786026,-638.4048885543666,39.5
2371,-77.84117013619814,-247.99051341719053,-433.97901906479814,-639.4279495220001,39.516666666666666
2372,-77.62282712909995,-248.51499701726408,-433.52409489497546,-638.2866727795631,39.53333333333333
2373,-77.39604779068642,-247.60423762024493,-432.92305222463716,-637.0840310358933,39.55
2374,-77.31081720567542,-247.9260695664379,-433.4747724850316,-636.7306807962337,39.56666666666667
2375,-77.26776689746357,-246.91449357962082,-433.83494099303715,-636.3362620674501,39.583333333333336
2376,-76.5496516329712,-248.13797938771114,-433.3834577123926,-637.0882901886732,39.6
2377,-76.77824090603134,-245.81755923633781,-432.8742447279682,-637.3191002711072,39.61666666666667
2378,-77.21841415973977,-247.06139720792746,-433.7469914646267,-636.8686145120942,39.63333333333333
2379,-77.4397345280299,-247.00300399503837,-432.79766512560366,-635.3528203034966,39.65
2380,-77.11173631658231,-246.18652087561816,-431.52878361457806,-634.4574125383926,39.666666666666664
2381,-76.99950709819784,-247.99572007904786,-433.05261732603003,-636.3658593147154,39.68333333333333
2382,-77.34867109181728,-246.85578939732707,-432.1061726884317,-634.3556586553111,39.7
2383,-76.91819799843284,-245.7074352969242,-432.445802949626,-634.6399559713844,39.71666666666667
2384,-77.11375051260642,-246.81343819423253,-432.3833167297784,-635.4478261484394,39.733333333333334
2385,-77.79524810043534,-246.36130509090486,-431.83703745909884,-634.3119401873075,39.75
2386,-76.94363556104281,-247.2463652309949,-432.4545894605712,-635.2847116612621,39.766666666666666
2387,-76.43822089510691,-247.13382313591154,-431.44590988972544,-635.0122871576547,39.78333333333333
2388,-76.73160365774353,-244.33705959808017,-430.34244400692495,-634.5588931518151,39.8
2389,-76.92511646152994,-245.88741727377285,-432.8422609586022,-632.5359181129579,39.81666666666667
2390,-77.01751076575732,-246.86403864566765,-430.64248663104115,-635.2313651238492,39.833333333333336
2391,-77.00881344246996,-246.01273239070989,-431.9711196788506,-634.1419113338984,39.85
2392,-77.1157078998221,-246.1370335799903,-431.18106533115446,-633.287498155992,39.86666666666667
2393,-77.07859036315783,-246.58484760411972,-430.6850050925144,-633.1002681818891,39.88333333333333
2394,-77.4156565276739,-245.61214680268344,-430.9750500277412,-632.2684404918282,39.9
2395,-76.62264969448894,-246.0024317576138,-431.1598765275525,-634.1773901328186,39.916666666666664
2396,-76.58067818548459,-244.74756386703078,-429.50154575626146,-634.1501569999659,39.93333333333333
2397,-76.88336627344123,-244.80540647233758,-430.3502290803317,-633.7809147533216,39.95
2398,-76.6921485153207,-246.14789191149117,-429.80690199431103,-633.7629739038948,39.96666666666667
2399,-76.66999263456606,-246.0719476473317,-430.69144309466293,-633.689468945033,39.983333333333334
2400,-76.50518645832405,-246.54626783802402,-429.99059969265704,-630.8528465485889,40.0
2401,-76.37429405271071,-246.28065323718027,-430.7075314230408,-632.8002798402919,40.016666666666666
2402,-76.45074772473423,-246.01006592299095,-430.5231632543851,-629.9181928461214,40.03333333333333
2403,-76.2581008255101,-245.49313550397693,-429.5577852373398,-631.9251722099198,40.05
2404,-77.39568552497035,-245.81737720608345,-429.5514707985584,-630.887257447254,40.06666666666667
2405,-76.33830365526576,-246.00436554190858,-429.4471625599946,-631.1320217152917,40.083333333333336
2406,-76.96234388930478,-245.46408963165507,-429.98009034533754,-632.0239291695448,40.1
2407,-76.70344540132331,-244.78058335992472,-428.3150142758027,-632.3722058011666,40.11666666666667
2408,-76.61334958230788,-244.14355552031952,-430.7974677547891,-630.9208074378595,40.13333333333333
2409,-76.86442627295295,-245.72050760567066,-429.3604418947844,-632.0795751939473,40.15
2410,-77.15708805000736,-244.51091934700761,-428.1834244723374,-631.4858307454464,40.166666666666664
2411,-76.8773660523444,-244.99690253444047,-428.63597171721136,-628.9310191815399,40.18333333333333
2412,-76.96892677870937,-244.95763665181877,-430.3802961729293,-631.0368754952706,40.2
2413,-76.40326833082395,-245.1475794802691,-427.85799321921996,-632.1873924747406,40.21666666666667
2414,-77.70918951514327,-245.40998611021445,-428.0419455059451,-632.0550394089064,40.233333333333334
2415,-76.94054592983434,-244.34889918307113,-428.69048408931206,-631.4182802174622,40.25
2416,-76.52773230459601,-245.82247719834186,-428.0427728057283,-630.7227571474166,40.266666666666666
2417,-75.94429297050164,-244.97052923398377,-427.8725418874618,-630.196749958569,40.28333333333333
2418,-76.62128978472778,-245.7858754057359,-428.16618277882674,-631.4887996842816,40.3
2419,-76.35131043740873,-245.7857295220608,-426.97984245512765,-631.163983013622,40.31666666666667
2420,-76.33151099845627,-244.9086215736573,-427.60912337080845,-631.6422192560035,40.333333333333336
2421,-76.01998955103876,-245.57117717506162,-428.4174742473621,-630.771298375818,40.35
2422,-76.17964749302982,-244.48372306880904,-430.24265657293705,-630.9792275534458,40.36666666666667
2423,-76.44431897217132,-244.46309216566766,-428.8742292890299,-630.5924301204526,40.38333333333333
2424,-75.95491594097189,-244.57854715238184,-427.80895960419844,-629.826364521528,40.4
2425,-76.81516426763095,-244.17426622073614,-428.67781982615827,-630.3808582825037,40.416666666666664
2426,-76.43488168112665,-244.49487097906464,-426.1771532677471,-629.7375304787133,40.43333333333333
2427,-76.68916762612683,-244.66080897230222,-429.7003394096409,-629.6447261352615,40.45
2428,-76.72705035331221,-245.33277712250816,-427.49387685509123,-629.6323879240255,40.46666666666667
2429,-76.3351617635681,-245.0279829414101,-428.1199521013324,-629.2925098498257,40.483333333333334
2430,-76.34013874694736,-244.63908831988468,-428.0849364537352,-629.9728884531266,40.5
2431,-76.23261851665278,-244.3185136955035,-428.64451677110986,-630.0698062539725,40.516666666666666
2432,-76.31596735823543,-244.7542550781328,-428.228833293031,-629.7935874497038,40.53333333333333
2433,-76.60572118709888,-245.45609397727287,-427.6819554187557,-631.0919950830298,40.55
2434,-76.4421529922329,-244.63587823708568,-426.88173934380575,-629.567186497706,40.56666666666667
2435,-76.50357759627518,-245.45091901068625,-427.07799096157186,-629.7876159670734,40.583333333333336
2436,-76.75742686785853,-244.3847326377343,-427.8681824377209,-629.9460421997037,40.6
2437,-75.59185819645297,-246.27822724520146,-428.008239681151,-630.2316177502001,40.61666666666667
2438,-76.90332397288972,-244.54653567950191,-427.1293732092979,-629.4300785206426,40.63333333333333
2439,-76.57526853914675,-244.827920251684,-427.2552366779517,-628.0742755158554,40.65
2440,-76.35533423225198,-244.83350431950447,-426.7105004180844,-630.1533190229799,40.666666666666664
2441,-75.8591753346265,-244.35740022340724,-427.58613759716627,-629.9489071343895,40.68333333333333
2442,-76.34001450382803,-244.78705348240118,-427.70629890286716,-627.9403659725799,40.7
2443,-76.3175271833888,-244.4712399255106,-427.4124251042373,-629.862153092722,40.71666666666667
2444,-76.40550258275925,-244.37932238271074,-427.17732457143853,-629.5536109792686,40.733333333333334
2445,-76.3460550991862,-244.17332529408833,-426.3379688434284,-628.0707341514237,40.75
2446,-75.41494320280718,-243.24614069936868,-427.6591780465024,-628.3417422086005,40.766666666666666
2447,-76.33559128326227,-243.99941483641373,-426.7754898068428,-627.2872901079578,40.78333333333333
2448,-75.84656592805237,-244.41363200404416,-427.7151369942448,-628.9127498673529,40.8
2449,-76.51449027529165,-244.07908149417167,-427.8023974449618,-629.6744841454375,40.81666666666667
2450,-76.06498555246544,-244.4196862641357,-428.22166003858564,-628.7863578046548,40.833333333333336
2451,-76.26381578300209,-244.2942981187037,-427.81163008138344,-627.4458349859323,40.85
2452,-76.6861753648673,-243.8661131989594,-426.7006459122563,-627.5639572437593,40.86666666666667
2453,-76.44729872387948,-244.21177502538762,-426.68780760131534,-629.1269806511325,40.88333333333333
2454,-76.58657970065464,-244.3971761552109,-427.51815477294747,-630.4387673372064,40.9
2455,-76.9047426597896,-244.22574107951834,-426.9706674689128,-629.7875189189925,40.916666666666664
2456,-76.59138562003663,-244.67088687596052,-426.08964692648306,-629.1499303784955,40.93333333333333
2457,-76.52592848522794,-243.9551254019251,-426.80515882977295,-629.5052108644361,40.95
2458,-75.96637509894416,-243.5150007394453,-426.92344259371265,-629.4398209856504,40.96666666666667
2459,-76.68433317975568,-244.64756732706203,-427.1442121743253,-628.5152272760381,40.983333333333334
2460,-76.58998994146305,-244.51005444134546,-428.3505993263237,-628.9586130236498,41.0
2461,-77.45346791432014,-245.25284722996383,-427.6009368420013,-631.8647480700677,41.016666666666666
2462,-77.09659326045332,-246.38492571022135,-431.3616652043824,-633.2656968020683,41.03333333333333
2463,-77.84216230703709,-247.129477653912,-431.21351328887584,-636.334223152684,41.05
2464,-77.6351427162893,-248.22881215782795,-433.97938678592544,-637.7130850304392,41.06666666666667
2465,-78.52377565152224,-247.3962129941006,-435.5777267396033,-640.6544453680614,41.083333333333336
2466,-77.67602373750225,-249.71648351646027,-435.5164697462947,-641.5595258282527,41.1
2467,-78.86006264119182,-249.69254276835503,-437.67919720238154,-643.8318541723805,41.11666666666667
2468,-78.36072917563241,-252.30553898219807,-439.8745713027875,-646.4445853950815,41.13333333333333
2469,-79.77906915241937,-252.18423813568543,-442.00959529766726,-648.3357685913991,41.15
2470,-79.33692338342215,-252.0966674785773,-441.4513421578961,-650.1409273795107,41.166666666666664
2471,-79.74335220682183,-253.42933358578946,-444.5172176136222,-651.1131669033219,41.18333333333333
2472,-79.91189806764193,-254.59586732992858,-444.029696956784,-654.9604786699098,41.2
2473,-80.38663590243566,-256.2215087965722,-446.2035717973174,-657.206684654363,41.21666666666667
2474,-80.37271785497009,-256.3027824457078,-447.66386636263957,-657.7476226924746,41.233333333333334
2475,-80.46366920916378,-256.41155358581517,-448.7386246284456,-659.0068133008106,41.25
2476,-80.69350425578598,-257.6125647811097,-447.3650346622037,-662.23304566757,41.266666666666666
2477,-81.13045189733211,-258.5124729194903,-451.82846098860813,-661.8412878100862,41.28333333333333
2478,-80.98615990614542,-258.2212210913759,-452.2879477373301,-664.4401472867262,41.3
2479,-80.68020764646873,-257.2385676634786,-453.7939621668185,-666.7919973570112,41.31666666666667
2480,-81.50191228069608,-260.32006149417805,-454.2034930665441,-669.1727966551042,41.333333333333336
2481,-81.68652900377703,-261.2738837945637,-456.36581222603047,-667.3719913766957,41.35
2482,-82.35450284766051,-260.6444342415826,-455.4946866549363,-671.6460613021162,41.36666666666667
2483,-81.88572427785685,-261.2289878246081,-456.19595579590083,-671.9288158950976,41.38333333333333
2484,-82.63839385055404,-262.64020282795775,-458.43152252287797,-674.7369786181887,41.4
2485,-82.92259216401203,-261.7720800737864,-458.7417618078143,-674.4124010224763,41.416666666666664
2486,-82.29607919628022,-263.84730972185787,-460.8141071094526,-677.2992233201777,41.43333333333333
2487,-82.40965432228182,-263.6143616547191,-460.9321506688556,-677.8353812761114,41.45
2488,-82.8885155931421,-263.5867977319552,-461.4050354441235,-680.062227997993,41.46666666666667
2489,-83.09762802749047,-263.02965217012985,-463.49016406057564,-680.1194548087618,41.483333333333334
2490,-82.35698140231052,-265.6979661060751,-462.8429242396475,-684.1537366570893,41.5
2491,-83.39314554508059,-265.25800554890384,-465.65998688335054,-683.056961035688,41.516666666666666
2492,-83.85776718309798,-267.2227413210872,-464.88966220204105,-685.0273821067782,41.53333333333333
2493,-83.36952545537362,-267.56288809618997,-466.38036921353296,-687.3149601377311,41.55
2494,-84.22375547865451,-268.2460115436006,-465.9834550947399,-687.0342540294422,41.56666666666667
2495,-82.88186773768678,-267.67388609209155,-467.5211889058267,-688.481238509882,41.583333333333336
2496,-84.18028856869778,-268.5204372370721,-467.87023907652883,-690.0147981458508,41.6
2497,-83.80388703074664,-268.1766796078938,-470.1042419469827,-692.5017298347626,41.61666666666667
2498,-84.94358453402164,-269.6938415035352,-470.10723279466026,-690.7515571042856,41.63333333333333
2499,-84.26884942368638,-267.4514604082521,-469.9012737606768,-693.5906543198568,41.65
2500,-83.88881152271288,-270.08707449480437,-472.9459559976702,-694.0864314796551,41.666666666666664
2501,-84.38445479260173,-270.14704859849644,-472.39721923550917,-696.4810258998385,41.68333333333333
2502,-84.84451977861522,-270.0411093400225,-473.4463083081209,-695.7540483885182,41.7
2503,-85.02541822485799,-271.35226017577025,-475.25939114820784,-698.003987711496,41.71666666666667
2504,-85.76927593034614,-271.08411669665526,-473.65286400447144,-696.6116082728925,41.733333333333334
2505,-86.3048926110705,-271.43371867564065,-475.43297899443485,-699.5809937956545,41.75
2506,-85.84846504529395,-271.613057700007,-475.68856420357326,-699.3417170697207,41.766666666666666
2507,-85.6885307569472,-272.9331957384246,-476.61468899892503,-702.1112611431732,41.78333333333333
2508,-85.39074427082305,-272.1694928301027,-475.7837253623587,-701.2417757989872,41.8
2509,-85.33050136663289,-273.68549798080466,-477.24946679394395,-704.4142360371154,41.81666666666667
2510,-85.53236974374602,-273.50917969696076,-477.35747579085285,-704.315417801879,41.833333333333336
2511,-86.30977488563128,-274.7217180256292,-477.764274961939,-705.4034511895574,41.85
2512,-85.8088587712785,-274.2911941425295,-479.4906686163213,-705.733722962532,41.86666666666667
2513,-86.19931078192987,-273.2740685897988,-481.50086124797065,-707.1470214435841,41.88333333333333
2514,-86.50461905788114,-274.2936519944971,-480.6451394090041,-709.3136862432759,41.9
2515,-85.81602758493135,-275.32055953682675,-482.6124724074014,-707.5638997503938,41.916666666666664
2516,-86.69257870441379,-275.198862905011,-480.6684545567069,-708.8132029883723,41.93333333333333
2517,-86.03676031721992,-276.7685629903983,-483.3106176532423,-710.0220651012983,41.95
2518,-86.90465224006618,-277.1769916321469,-482.63018151943913,-710.1689360943991,41.96666666666667
2519,-86.71087584299389,-276.7968933891254,-484.1034522034058,-708.7261709060897,41.983333333333334
2520,-86.46573717524117,-276.8629540211433,-483.8731165575825,-710.6904111439615,42.0
2521,-87.15724280128151,-276.1718692580501,-482.94858097108533,-711.1867710571717,42.016666666666666
2522,-87.1137703561377,-277.4014248505728,-483.8222080324698,-713.2438843663406,42.03333333333333
2523,-87.06169560797225,-277.26990039008393,-485.12848167848733,-713.7108722759001,42.05
2524,-86.48189389532222,-278.5983491260393,-484.36172105366575,-714.3794920685498,42.06666666666667
2525,-87.59749732744535,-277.8032787907192,-484.4290229517361,-713.20192262958,42.083333333333336
2526,-87.55874891315628,-277.7672123240566,-485.71069012588885,-714.7499425710972,42.1
2527,-87.89053969985423,-278.88436816178546,-486.8414137124685,-714.9273629762037,42.11666666666667
2528,-87.92782749779332,-279.9396140840072,-487.82032850819206,-718.5844622121409,42.13333333333333
2529,-87.20340297090101,-278.50091452927694,-486.66935354903285,-716.5799719804382,42.15
2530,-87.88293883921826,-279.3600895619097,-489.3645308352129,-718.0844357455028,42.166666666666664
2531,-87.98688576252587,-279.7981827910536,-488.3557869594755,-718.713722931355,42.18333333333333
2532,-87.85418061312888,-279.8539844478859,-488.7079988033628,-719.127851338473,42.2
2533,-87.63352840516556,-279.933750293943,-488.54175144542745,-718.0208995330291,42.21666666666667
2534,-87.77223049929333,-279.8809357525621,-489.79572538504317,-721.2726970714585,42.233333333333334
2535,-87.74523333924444,-278.7304769896746,-490.1671795962004,-721.4475368200976,42.25
2536,-87.54997048293113,-279.9373913784578,-489.52643296280576,-721.8386462664063,42.266666666666666
2537,-87.9652576956645,-280.1420030775994,-489.60561819986344,-721.0074937687403,42.28333333333333
2538,-88.48408446785702,-281.9887160915239,-489.9590403900565,-721.6861086222644,42.3
2539,-88.64445808259816,-280.7603368645624,-491.0242054110347,-724.440844431201,42.31666666666667
2540,-87.99822608659802,-281.8366914743722,-491.7175420012826,-725.1401990437997,42.333333333333336
2541,-87.8965967343135,-280.24137728228516,-492.1919674392164,-724.0763861931817,42.35
2542,-88.15817457460271,-282.577772648757,-491.8837277930455,-724.0073750142914,42.36666666666667
2543,-88.76101787565037,-281.98652945367917,-491.985799768112,-724.0429143841461,42.38333333333333
2544,-88.36293485221995,-282.4977069150179,-491.8792198311263,-725.8797738324588,42.4
2545,-87.79730652449553,-281.79925354422335,-494.0282145745593,-725.6956734689586,42.416666666666664
2546,-89.17632440962859,-282.84667934869697,-493.8534120336824,-726.3014547856517,42.43333333333333
2547,-89.20111526987358,-281.55105182082593,-493.1656510340744,-724.6128373061101,42.45
2548,-88.7075502034877,-282.9070317220932,-493.3944304312341,-728.2804090187708,42.46666666666667
2549,-88.82705714628867,-282.5626545191846,-494.0096194368445,-726.0357446562975,42.483333333333334
2550,-89.26950036154156,-282.2940599394401,-494.58040108682087,-727.6357333683591,42.5
2551,-88.5940669614132,-283.36715091588906,-494.46544017270935,-727.6603082919331,42.516666666666666
2552,-88.1086404047283,-284.2377456141383,-494.2752872160488,-727.3550319413508,42.53333333333333
2553,-88.3601732598903,-284.1717773476221,-494.0564051164345,-730.3465672782461,42.55
2554,-89.21964556800715,-282.3747885342409,-495.8199221124666,-730.9326578246963,42.56666666666667
2555,-89.09149930455014,-282.1477584188892,-495.97787924528586,-730.7628858020871,42.583333333333336
2556,-89.21830949367879,-283.6087610902143,-495.15909357997225,-729.6761478747369,42.6
2557,-89.29879221957862,-283.43709470011805,-496.1562284712934,-732.0285243212408,42.61666666666667
2558,-88.29586445155796,-282.91528949255223,-497.0255603127548,-729.559191707863,42.63333333333333
2559,-89.54264018816029,-285.0258209072308,-495.47705339788627,-729.8758774964255,42.65
2560,-89.64284213536986,-283.81133002742297,-496.67336336930015,-733.1049228712048,42.666666666666664
2561,-88.34861567779105,-284.3612937022309,-497.1116327789024,-730.6806460224822,42.68333333333333
2562,-89.0676636300692,-284.37911049939555,-497.06083634859124,-732.7481825817118,42.7
2563,-89.06321323681422,-284.255868346336,-498.0376472878,-732.5195670259989,42.71666666666667
2564,-89.70891069635417,-284.0537347818346,-496.64680742232696,-732.1107691932657,42.733333333333334
2565,-89.50931869220244,-286.09830551135866,-497.65162418243415,-733.081783934337,42.75
2566,-89.0530159907386,-284.58369184197795,-498.7849997205826,-733.636918341705,42.766666666666666
2567,-88.80976019168969,-284.06049940165104,-497.63664989405527,-733.3696357528449,42.78333333333333
2568,-89.03802378893124,-285.02994726162365,-499.1088148357474,-733.909030184461,42.8
2569,-90.00218323291374,-285.8559581787814,-498.06384024975193,-733.5025384148161,42.81666666666667
2570,-89.21016332795224,-285.32969406255063,-498.78914258662195,-733.355155999409,42.833333333333336
2571,-89.78572500550918,-285.5755354337127,-500.5807547620259,-734.0967930619125,42.85
2572,-88.69858402428649,-284.9447327993656,-498.3954843722086,-734.9927168229501,42.86666666666667
2573,-89.9086194541933,-285.6017928522173,-499.84807681220605,-734.8954403945196,42.88333333333333
2574,-89.06215653191136,-286.5041080925214,-497.6735462198477,-734.3082526950616,42.9
2575,-90.1669130568323,-285.6892768655407,-498.7974053365687,-735.2688603289014,42.916666666666664
2576,-88.98961640334205,-285.4045772732307,-499.54868212437873,-737.1094191673855,42.93333333333333
2577,-89.38455466825637,-286.8161722335926,-500.3250387467899,-736.5881654811582,42.95
2578,-89.28707763945098,-286.0977980396742,-499.14204489934315,-736.3046081093398,42.96666666666667
2579,-89.91679663458953,-285.44983517120914,-500.64394044518355,-736.2501631309167,42.983333333333334
2580,-90.09076494716248,-286.49949284829364,-500.6794286621359,-737.2253569207151,43.0
2581,-90.41346812626634,-286.19000454590366,-499.4427265428364,-739.5711640814684,43.016666666666666
2582,-90.17530640828491,-285.81987921513826,-500.76771866408416,-738.2069049114804,43.03333333333333
2583,-89.59585563523022,-286.1361926533365,-500.6815967915054,-737.4295029292099,43.05
2584,-90.40134520454649,-286.00271810573315,-500.82040858852514,-735.7159880533395,43.06666666666667
2585,-89.30662873958482,-287.0045018661332,-500.7728791503898,-737.6270650309542,43.083333333333336
2586,-90.14961911732593,-285.46137295166045,-500.58070084205184,-737.2668937367314,43.1
2587,-90.37202045013154,-286.88538414707534,-501.03280499223524,-738.4206482584855,43.11666666666667
2588,-90.66365634337667,-287.66746172362394,-500.6511648233275,-735.7787283553346,43.13333333333333
2589,-89.570356889652,-288.0844448744908,-500.4163090437081,-738.582343291636,43.15
2590,-90.1642708524744,-288.08608895915506,-503.6169712829047,-738.8827091210625,43.166666666666664
2591,-90.04212404702308,-287.7484451191376,-500.11997388425124,-737.7764027041467,43.18333333333333
2592,-89.47167871595258,-287.47250412145604,-501.4649995767448,-738.0831803975358,43.2
2593,-89.57695254726235,-287.68503882555615,-503.85844140710844,-738.647927876168,43.21666666666667
2594,-89.74337541493428,-285.94411294672716,-502.5349083206311,-740.1051687348984,43.233333333333334
2595,-90.36214987945459,-287.66709827089323,-503.4582164802954,-738.3696104051924,43.25
2596,-89.52606217997206,-288.4325092829505,-504.6718650000266,-740.8641089934704,43.266666666666666
2597,-89.94738371349204,-286.7250547090656,-502.49502197632836,-739.8737738356798,43.28333333333333
2598,-90.22798906705646,-286.6354293920171,-502.4635988481411,-740.0493675750871,43.3
2599,-91.08047052214837,-287.5303098515199,-502.47491410580716,-742.0193172040745,43.31666666666667
2600,-89.81852893164188,-287.4305783843208,-501.3787931817357,-738.0506002958412,43.333333333333336
2601,-89.86739048708513,-287.5463966452106,-502.70290646270905,-739.2548108524212,43.35
2602,-90.26513872490106,-288.8547728270245,-502.17635557240357,-739.9855031700591,43.36666666666667
2603,-90.29763770828528,-288.1228003614269,-503.9384213306047,-742.4400024599627,43.38333333333333
2604,-90.03478641856036,-288.2370349146012,-503.75043736994445,-740.6270172479631,43.4
2605,-90.31164938156087,-288.22978672495157,-503.47639531687287,-739.910079257282,43.416666666666664
2606,-90.10702552004072,-286.9433267094523,-503.53958576394496,-741.6781381796394,43.43333333333333
2607,-90.6502480258942,-287.9789336005331,-503.2466179054651,-738.8925273195616,43.45
2608,-90.34103242452596,-287.39219506509744,-503.58732719540785,-741.4080115213345,43.46666666666667
2609,-91.46391481720222,-287.93540610427965,-504.09323285373273,-742.9454765750187,43.483333333333334
2610,-89.9243990730985,-288.1605674875262,-502.7969522327563,-741.5925883999204,43.5
2611,-90.25719574109806,-287.98646409741735,-502.14818844949957,-740.9549470651863,43.516666666666666
2612,-89.5131298871633,-288.08704786354997,-503.1955047584217,-740.6125167441344,43.53333333333333
2613,-90.22713917906488,-288.0549856578401,-503.52891003879404,-741.7182136149753,43.55
2614,-90.13751185639731,-288.0684129826941,-504.3065779359258,-742.515571466404,43.56666666666667
2615,-90.13383571877242,-287.2716837164512,-504.63237073369726,-743.9874090097804,43.583333333333336
2616,-91.18180277088283,-289.1156433557483,-503.7620071921123,-742.6773465498568,43.6
2617,-89.48645338597309,-288.3624174740946,-502.8748169653888,-742.7182594259461,43.61666666666667
2618,-90.32276705857483,-288.6911733333697,-505.68391061082986,-742.4314245744137,43.63333333333333
2619,-91.65796127102666,-288.45554721911094,-504.0946576960743,-743.2205082517685,43.65
2620,-90.33231769433073,-289.4550730916775,-504.3149354044733,-743.7458074655143,43.666666666666664
2621,-90.53290052225555,-289.07025204551223,-505.62574907877024,-743.268250871485,43.68333333333333
2622,-90.04085737996209,-287.9507786025335,-504.3172585943078,-742.434248867917,43.7
2623,-90.61368905190041,-288.0970850732199,-504.96427496047573,-743.554472563411,43.71666666666667
2624,-90.51452440963905,-288.6776454879285,-506.353468450579,-743.9661210967058,43.733333333333334
2625,-89.82270511862663,-288.1221456761054,-506.36662474819536,-742.9462944592947,43.75
2626,-90.27831458869808,-287.74117251478657,-504.926866935681,-743.1511970341464,43.766666666666666
2627,-90.05035379893708,-289.4189271530653,-506.0451686577227,-743.4528187830706,43.78333333333333
2628,-90.67355119480526,-289.6557375588862,-504.38733493989844,-743.1309356602185,43.8
2629,-90.43271870607792,-288.5336708893124,-505.64127546998344,-743.5071230880471,43.81666666666667
2630,-90.45342572378811,-288.16852634015214,-506.29628205866015,-744.1118276004966,43.833333333333336
2631,-90.54117027524661,-288.6050301305985,-505.238848154957,-744.0113746271452,43.85
2632,-91.15566546655069,-289.1668807018162,-504.615352869075,-744.8891972499357,43.86666666666667
2633,-90.44202934926632,-288.3082427390011,-505.6180103393903,-743.7303547628787,43.88333333333333
2634,-91.00242464505978,-289.30735908594727,-505.7550407467337,-741.6656890438564,43.9
2635,-91.04036549653988,-290.2125785539647,-504.47038046083253,-743.7210616874029,43.916666666666664
2636,-91.0594845570039,-289.11503129038385,-504.2614051162218,-745.3999137325145,43.93333333333333
2637,-91.24673366963529,-288.59819075219866,-506.3120757297784,-744.7197189139999,43.95
2638,-90.139416855961,-288.55482772360466,-505.4118254348057,-743.9335695976798,43.96666666666667
2639,-90.98125390513873,-289.10739074250534,-506.3272973423914,-744.7137033729142,43.983333333333334
2640,-90.8474230622881,-288.4941186787077,-505.34532115268814,-742.8415544985864,44.0
2641,-90.70861949703298,-289.53701835256726,-504.16610560184654,-745.2958647451576,44.016666666666666
2642,-90.74820248367429,-288.90429679473914,-504.97773703397615,-745.0240381052511,44.03333333333333
2643,-90.513056699031,-289.15909981173235,-504.6741327557389,-744.9036924608854,44.05
2644,-91.18340721349374,-289.5818991724611,-507.0607615355716,-745.4039614596185,44.06666666666667
2645,-91.0389410754967,-289.49962338159685,-505.9936548788057,-744.6253291102141,44.083333333333336
2646,-90.79175725543833,-289.6211854524264,-506.42218640011646,-745.241975796314,44.1
2647,-91.35517349453751,-290.36658567386144,-505.57207477446724,-744.4740475770102,44.11666666666667
2648,-90.83551022197103,-289.76219593654116,-506.1977925286774,-744.6293216948224,44.13333333333333
2649,-90.71188986063027,-288.2657113736594,-506.06459394397734,-743.730559993913,44.15
2650,-90.79224167142296,-290.0406628212048,-504.3499243779763,-745.7589805448773,44.166666666666664
2651,-91.0908496094147,-289.9804992436746,-505.38521070190507,-743.9315925108666,44.18333333333333
2652,-91.39658823611461,-290.97700784257023,-506.73368069125706,-744.0969744514994,44.2
2653,-90.32924647515094,-290.11559158391987,-504.9873552781064,-747.0382476040197,44.21666666666667
2654,-90.28590874380578,-290.1124733093979,-505.47101987901607,-746.5443632104977,44.233333333333334
2655,-90.43539619569488,-289.7345621292199,-505.8022622800155,-744.7168375249829,44.25
2656,-91.05863830894285,-289.7728873843869,-506.93898622523824,-746.5077878488414,44.266666666666666
2657,-90.56023487640917,-290.31668621068536,-504.7974988378394,-744.9095217025381,44.28333333333333
2658,-91.7669342591076,-289.86678619836573,-506.2103985105076,-746.5696246494515,44.3
2659,-90.60207477152579,-288.9208808383527,-505.8495681209192,-746.4035275922947,44.31666666666667
2660,-90.51699254817024,-290.104538497867,-508.2477223130721,-746.3786178075576,44.333333333333336
2661,-90.86916203470288,-290.7521621726529,-505.5102130295569,-745.974470053041,44.35
2662,-90.62471403650007,-290.66294229925893,-504.84255935514,-745.9411983014973,44.36666666666667
2663,-90.46833504128521,-290.0225461465172,-506.89462225984073,-743.6834571596314,44.38333333333333
2664,-90.64040098974553,-289.8006026144848,-505.70466007525624,-744.6619933895064,44.4
2665,-90.5158840733421,-289.09655216625845,-506.7740446405138,-745.0139529554081,44.416666666666664
2666,-91.1630977007668,-289.4700563660222,-505.7030627022899,-744.8621628308317,44.43333333333333
2667,-90.93559562971274,-290.1127458860094,-506.10382067934603,-744.396796968642,44.45
2668,-90.88161203629816,-289.144745270843,-507.6772016210974,-746.4260178279376,44.46666666666667
2669,-90.82119088252665,-289.1797290962829,-507.4717134679382,-747.5097976419142,44.483333333333334
2670,-90.74063911629398,-290.6599597156335,-506.4211762390129,-745.9046231874333,44.5
2671,-90.57659744068378,-290.38169638036584,-505.4364923587119,-746.0288736210159,44.516666666666666
2672,-90.20140319942529,-289.52082279434325,-507.2415833316945,-745.6709535312586,44.53333333333333
2673,-90.8273316583766,-290.4995096242778,-506.33682067406,-747.2829066055835,44.55
2674,-91.27638240126099,-290.00139233301695,-504.5474106403796,-746.8715928050775,44.56666666666667
2675,-90.43462960190584,-291.3425641855967,-504.73003095220196,-747.3507207648255,44.583333333333336
2676,-91.13352860134347,-289.7383729313687,-507.13908579773494,-747.1530086017788,44.6
2677,-91.59334901100044,-289.7453794614446,-507.1607433888536,-746.1761694089015,44.61666666666667
2678,-91.21544390131884,-290.8586542587214,-506.13452676266786,-747.2008856833455,44.63333333333333
2679,-91.68037658707048,-290.0450279465864,-505.9989777875429,-746.9838796442148,44.65
2680,-91.45548567094764,-291.053515520997,-507.94837235620264,-744.9953211316562,44.666666666666664
2681,-91.12556969234605,-289.83578100002114,-507.66987337031844,-745.6069098185926,44.68333333333333
2682,-90.86633437355358,-289.9312204514797,-505.7244171387663,-747.1765625523617,44.7
2683,-90.3963195546744,-290.4249455681295,-505.4469427932444,-746.3133276377071,44.71666666666667
2684,-91.17882397860292,-289.1267804072261,-507.46117952162416,-746.3193321091269,44.733333333333334
2685,-90.35755589785765,-290.94484174733367,-506.53045458517,-746.8025445972179,44.75
2686,-91.608048690234,-290.0601419699913,-505.76534828286555,-746.5535017742216,44.766666666666666
2687,-90.14009794060317,-289.8876312334546,-506.2411780965548,-746.2360425137393,44.78333333333333
2688,-90.83606586665137,-289.9689234553973,-507.22627701944214,-744.2845144572518,44.8
2689,-91.49221269631511,-290.3034137105065,-506.49289375747463,-746.5446570531608,44.81666666666667
2690,-91.21010307920704,-290.31591468904764,-507.5548012267837,-746.4173871464775,44.833333333333336
2691,-90.79643003383909,-289.76626810955213,-506.3215805679083,-748.5991285685674,44.85
2692,-91.4302510496111,-291.1326497990158,-506.30569422435605,-745.4060866321423,44.86666666666667
2693,-90.77728569582449,-289.77029726764096,-506.83514193975304,-745.044671473631,44.88333333333333
2694,-91.23547016264041,-289.5361516960509,-507.396123873236,-745.4686536251673,44.9
2695,-90.65441110286945,-290.6859255005734,-507.15750927524135,-744.6968882202375,44.916666666666664
2696,-90.95977018775223,-289.2110761212733,-507.28186576589997,-746.569520868555,44.93333333333333
2697,-91.24845593097449,-289.810780098259,-507.2918144961366,-744.9287252948318,44.95
2698,-90.47984826719394,-288.4662408955511,-506.9541356862895,-744.8463154783027,44.96666666666667
2699,-91.08808978417366,-289.1439007534182,-506.1631204425858,-744.5160562173423,44.983333333333334
2700,-90.4884009281559,-289.56886524518495,-508.00342756430047,-746.6074375113039,45.0
2701,-90.72996186537006,-290.0674713187601,-508.45368721930595,-746.7053934032954,45.016666666666666
2702,-91.00672648804336,-289.916883845452,-506.5029275021242,-746.7075688572802,45.03333333333333
2703,-91.21906368815036,-290.9288455374509,-507.5454671608253,-748.7957604538257,45.05
2704,-91.79770658442665,-291.0411130839071,-507.240413320141,-747.7918048225661,45.06666666666667
2705,-90.59500035437097,-289.0749440883303,-506.97260063480655,-746.9428393174805,45.083333333333336
2706,-90.06436727341949,-290.4257701613147,-507.9767406868463,-744.4806183549324,45.1
2707,-90.77014852726482,-289.98734026269733,-508.1517486896699,-746.8207801401529,45.11666666666667
2708,-91.26490807140716,-291.11681332686436,-506.4932962706763,-746.7601429926912,45.13333333333333
2709,-90.88891310635576,-289.98082954844904,-506.178212946604,-745.9919598663823,45.15
2710,-91.07999422361529,-291.04555272571673,-505.9383298951893,-746.9225027711763,45.166666666666664
2711,-91.33018303026357,-291.1533443739744,-507.63383355132424,-746.7799829086102,45.18333333333333
2712,-91.54867760105239,-290.2101619642864,-507.40838787280654,-745.1146791702708,45.2
2713,-90.12719758298101,-289.94170728097356,-506.73111622846596,-746.7272244624066,45.21666666666667
2714,-90.97018523093456,-289.18666501914464,-508.1474794192551,-747.6920597492247,45.233333333333334
2715,-91.13993463070159,-288.97504691703216,-508.0914189980075,-746.2620435300255,45.25
2716,-90.73276448201398,-289.76974148516695,-508.6621070470814,-747.1380622324937,45.266666666666666
2717,-91.65357658191158,-289.92727026569935,-508.1544459419037,-745.1530799467808,45.28333333333333
2718,-91.09513829298537,-290.7325326119769,-507.53103016358676,-746.578957798302,45.3
2719,-91.2981333153789,-290.4462845716226,-505.68020772829766,-745.6568887935516,45.31666666666667
2720,-90.63930913233727,-290.1932173695472,-508.62557828077024,-746.0490007692629,45.333333333333336
2721,-90.20599804378254,-289.63407514606035,-507.4959619977424,-746.8271207209764,45.35
2722,-90.90767132637336,-290.33172675666424,-508.33223720163545,-748.037278220751,45.36666666666667
2723,-89.9760608352406,-289.72190997123175,-506.06216749834095,-747.0317183198409,45.38333333333333
2724,-90.77116600625706,-291.7855665307662,-507.14339769209164,-746.189607643316,45.4
2725,-91.2378360536968,-290.70110236421056,-506.93921794972437,-746.2302724730469,45.416666666666664
2726,-91.06762064548366,-290.99351058744014,-506.5677107317715,-746.977192944214,45.43333333333333
2727,-91.87429724253856,-291.7800426106823,-507.59835371988356,-747.8352748889616,45.45
2728,-90.51526990419877,-289.75136317618615,-506.3771096841382,-747.2090002864063,45.46666666666667
2729,-91.53345915990623,-290.34650721571103,-506.2733162406296,-746.6297641048864,45.483333333333334
2730,-91.37482035981914,-289.99035289665983,-506.9848956763008,-744.8357474595858,45.5
2731,-90.71084642595298,-290.56000744001165,-508.00826157373007,-747.3586053780293,45.516666666666666
2732,-90.8030897587613,-290.838628017336,-507.0403297178368,-747.8276081994703,45.53333333333333
2733,-90.7087223380258,-289.81470829464513,-506.72350780925944,-746.6749300982207,45.55
2734,-90.62934739402364,-291.6538802060983,-505.9862842632042,-746.7851338819677,45.56666666666667
2735,-90.98165401042246,-290.1737176745594,-506.6685680432188,-747.8250345996619,45.583333333333336
2736,-91.531488544781,-290.53880195444526,-507.47288429323237,-747.4278431387362,45.6
2737,-90.9994856481374,-290.6919142373311,-508.7428050853231,-747.4113323739076,45.61666666666667
2738,-90.5746725988274,-291.3683388541189,-507.75469222781044,-747.5109333966096,45.63333333333333
2739,-91.25804852172034,-291.1660251452836,-507.70905485568335,-749.3003918137061,45.65
2740,-90.50181832109257,-289.95348995404265,-506.4835085490762,-746.4143325975546,45.666666666666664
2741,-91.50270483120204,-288.9360643486576,-507.14772246883723,-746.063817177116,45.68333333333333
2742,-90.84404599378519,-291.3214934359516,-509.15865841157944,-747.3748699676687,45.7
2743,-91.60306087434998,-290.0453043734369,-508.41476112329775,-747.2941260110038,45.71666666666667
2744,-91.34864386656007,-289.7116485295802,-506.05496549900494,-748.0019304230866,45.733333333333334
2745,-91.47372761961603,-288.50640934033504,-507.1640051075624,-748.3179197389055,45.75
2746,-90.99539740988334,-290.06509903562693,-507.5772878170963,-747.7044794367148,45.766666666666666
2747,-90.95471509994687,-290.19754472672196,-508.2343900547801,-745.3888974748693,45.78333333333333
2748,-90.74415025526295,-290.0444654479945,-506.36889206733684,-745.204322825557,45.8
2749,-91.37897695688932,-289.78137442666446,-507.1441956608882,-747.6106949459286,45.81666666666667
2750,-91.0878501570206,-290.0466067757534,-506.1650393587603,-744.626882932135,45.833333333333336
2751,-90.66162760718694,-289.38171496665234,-508.1672567934271,-748.5232438949263,45.85
2752,-90.91737867151446,-290.60923551285833,-506.81365613666514,-746.1881920625956,45.86666666666667
2753,-91.32780119400014,-290.2339251784944,-508.0745324642146,-747.6043099030823,45.88333333333333
2754,-91.64727359421974,-290.589686829799,-507.1975845990248,-747.6481041663826,45.9
2755,-90.97639314944894,-290.34510833979306,-508.389062922217,-747.1600809778978,45.916666666666664
2756,-91.15201877351068,-290.77527582061583,-507.4137307143976,-746.0693785077265,45.93333333333333
2757,-91.2903836925402,-290.0888624777911,-507.0450839424153,-745.5490105053788,45.95
2758,-90.95373880042078,-290.54695472180254,-508.61048587782216,-748.0007394098105,45.96666666666667
2759,-91.61267180857672,-290.6283237521744,-508.3771350260928,-747.7583762210508,45.983333333333334
2760,-92.14377092523146,-291.26926043615094,-509.6978436038087,-749.682207375405,46.0
2761,-91.28709064469157,-290.6701763382595,-507.03286788442824,-747.4973990866076,46.016666666666666
2762,-91.00824898052423,-289.2295087451345,-505.3435583651614,-742.2418834014704,46.03333333333333
2763,-90.40741328652446,-287.35489844391805,-501.8836780717004,-739.0486543045832,46.05
2764,-90.68114059583111,-286.0285983957515,-501.20418136750055,-739.8357053831248,46.06666666666667
2765,-90.22070557369389,-285.47516205879924,-498.80396481559677,-735.0322565036387,46.083333333333336
2766,-90.16486400426479,-285.9777113825571,-499.506711999562,-733.4451058593058,46.1
2767,-89.21017482379075,-284.78725821732144,-498.0204442656217,-731.1320125272554,46.11666666666667
2768,-88.70070704987846,-282.32983894159713,-496.28444949291963,-729.3278279367917,46.13333333333333
2769,-88.8549868592557,-282.4467956979799,-494.19463477871466,-726.9941730214481,46.15
2770,-88.55253538420455,-282.78718682434646,-493.6084064180316,-724.8604563056987,46.166666666666664
2771,-88.55410176896669,-281.01917010295176,-492.1279969743878,-722.4559362986029,46.18333333333333
2772,-88.57354637678375,-279.8107029764411,-491.42623497317226,-721.2795196599689,46.2
2773,-88.0551047778266,-279.9301109289801,-490.905273356883,-719.549872835673,46.21666666666667
2774,-88.13646060674714,-280.09809800617666,-487.4643450541739,-717.7570702156887,46.233333333333334
2775,-87.75359305230565,-279.5502228998483,-487.27038379563515,-716.307577339418,46.25
2776,-87.2697824936688,-278.3776969895808,-485.34234163468017,-714.2316132821543,46.266666666666666
2777,-87.2042353079903,-277.5269552357139,-484.62972933941586,-713.2347478808629,46.28333333333333
2778,-86.20936021031366,-276.34866810793903,-483.6957992765798,-710.0653445209657,46.3
2779,-86.75026534986293,-275.61857821089416,-482.1018445516147,-709.4677889582027,46.31666666666667
2780,-86.70580465892938,-275.0484402194895,-481.0670405523009,-707.2997354678068,46.333333333333336
2781,-86.48726377711675,-275.7838727732118,-481.0611379385088,-706.1320915996913,46.35
2782,-85.99552875415398,-274.4439814140534,-477.4509780485597,-703.0243134182831,46.36666666666667
2783,-86.0887702969294,-274.3308197794863,-476.92604718370023,-704.4921736072126,46.38333333333333
2784,-86.21030453604557,-273.06867286683513,-477.38781210159,-700.2849458704578,46.4
2785,-85.83048093701721,-272.8598192913741,-477.3018110383027,-699.9922015324985,46.416666666666664
2786,-85.557335891008,-272.54694538099443,-475.7568000726309,-699.2570309136127,46.43333333333333
2787,-85.53659552879131,-271.41345818312664,-474.8731415325279,-696.3932002499895,46.45
2788,-84.69016310248652,-270.7694064299479,-473.46292946616387,-697.8725842943122,46.46666666666667
2789,-85.13310471916435,-271.3742856474967,-473.0715611740547,-694.3533196082302,46.483333333333334
2790,-84.7218748106521,-269.79188307808096,-471.4583088534153,-694.1704194715841,46.5
2791,-84.93772826599292,-269.9141715849741,-471.26802930394666,-692.4754574926053,46.516666666666666
2792,-84.69328245705344,-269.3446374297456,-469.9760784331914,-692.819104476808,46.53333333333333
2793,-84.43946578903362,-267.7887904685914,-468.6735799411993,-690.2642394166755,46.55
2794,-83.63485746675639,-268.01598178359717,-467.4728203549407,-689.7643093098685,46.56666666666667
2795,-84.11184064188463,-267.77724603174494,-467.80750701770427,-688.980856565411,46.583333333333336
2796,-84.4991915510618,-268.4263120459042,-466.85793157172856,-689.5613601053989,46.6
2797,-83.94972078146138,-266.4097513567281,-466.4921809919545,-685.9511315887661,46.61666666666667
2798,-83.65246409271705,-267.0731060841571,-466.0579487761077,-686.4872012335921,46.63333333333333
2799,-83.73794680409418,-266.91829917333314,-466.0489151101511,-685.6866112761471,46.65
2800,-83.46310747569002,-266.1944063365656,-464.7828986657906,-683.763563281524,46.666666666666664
2801,-83.69108812905691,-264.9170464766207,-463.62658489200794,-683.32363228092,46.68333333333333
2802,-82.95888330685484,-265.0047440787603,-464.04106204433623,-682.3293577944576,46.7
2803,-83.57714421680218,-265.27214047043907,-463.341924473565,-682.2188092879909,46.71666666666667
2804,-83.43774086194207,-265.8971097225421,-462.38792482488947,-680.6032435857851,46.733333333333334
2805,-83.35065834387082,-264.0816944582681,-462.52863261602783,-678.4333902624446,46.75
2806,-82.73104450971015,-264.4387317751539,-461.4368710706765,-678.3699795582696,46.766666666666666
2807,-82.59578187835756,-263.7024739454506,-461.0994326970284,-677.8958175655519,46.78333333333333
2808,-82.86608044282869,-262.8856541693464,-460.5146170530553,-676.254100608181,46.8
2809,-82.74913782083183,-263.0748357009914,-459.2002381831367,-676.2635142497378,46.81666666666667
2810,-82.68705715642996,-262.4562956587628,-459.1654281282333,-674.4163293423431,46.833333333333336
2811,-82.6686101581041,-262.38037718601885,-458.1338641148408,-674.5191620805729,46.85
2812,-82.68297778193993,-261.9049614035748,-458.66525894684344,-673.3188191610349,46.86666666666667
2813,-82.67299116940023,-261.67305686227286,-458.97218115984964,-672.7996271979813,46.88333333333333
2814,-82.13414758686999,-261.57404294486236,-457.74739792245674,-671.614117342053,46.9
2815,-82.0586003342504,-261.3327456652478,-455.1438293257509,-669.1674039229582,46.916666666666664
2816,-81.96447408767341,-262.17257145732464,-455.3062489052577,-671.1740706057365,46.93333333333333
2817,-82.17441692104639,-261.3335305214797,-455.28234049203604,-671.5654801746393,46.95
2818,-81.63391132470656,-260.61604706204446,-456.5209638689186,-669.6699172810927,46.96666666666667
2819,-81.88132301373486,-260.03850801504785,-453.2785378699188,-670.8776070957058,46.983333333333334
2820,-81.5921453194681,-260.14721013589593,-454.44235382059543,-668.5566165976177,47.0
2821,-81.78465020417143,-260.9714032882551,-454.9506262314196,-667.4843556409104,47.016666666666666
2822,-81.0971079292374,-260.1374710910286,-454.1944306794949,-667.1959373147929,47.03333333333333
2823,-81.30829841645202,-259.6175902556219,-453.9390365202647,-668.0933978288753,47.05
2824,-81.44524941175027,-259.3625850230219,-454.1103947255941,-667.1942459827586,47.06666666666667
2825,-81.17124573674442,-258.62963473659977,-452.8208217663172,-665.7012644362075,47.083333333333336
2826,-81.13980539561629,-258.59229468183406,-452.872760419584,-666.3752494783063,47.1
2827,-81.28370814055124,-259.152805122188,-453.33975179450937,-665.8717729910808,47.11666666666667
2828,-80.96375547655505,-258.94897666924004,-452.00685181828175,-664.575732912682,47.13333333333333
2829,-81.16089283081713,-258.2973022987105,-451.8421783593898,-664.9098909012,47.15
2830,-81.16024578483712,-258.12528830787335,-452.1319565906797,-663.2979129428688,47.166666666666664
2831,-81.56875299285392,-259.1450873566374,-450.6508086587777,-663.5139534574389,47.18333333333333
2832,-81.08533279508165,-258.16307502038893,-451.029283981457,-662.899049917434,47.2
2833,-81.33994283309143,-257.5902150996745,-450.3691638262104,-662.4848936005329,47.21666666666667
2834,-80.32120998098013,-256.6182532085182,-450.2488276787795,-663.0858359216227,47.233333333333334
2835,-80.9848180398813,-257.5977605411834,-449.46423684993414,-662.2462558999231,47.25
2836,-80.63635487425726,-257.8578853390903,-449.9633776390087,-660.7645387964566,47.266666666666666
2837,-80.46117443963213,-256.16279273055926,-449.9174788367655,-660.5229309595219,47.28333333333333
2838,-81.3475813943475,-256.60567296629165,-448.4261272190805,-661.5791309122338,47.3
2839,-80.57539346956162,-255.71750237674686,-447.86055269653576,-660.3377003163363,47.31666666666667
2840,-80.42874099244713,-257.1703927460873,-447.75413087294237,-659.8113445355069,47.333333333333336
2841,-80.77608042033481,-257.1127134745542,-448.75761833834764,-660.5991889590082,47.35
2842,-80.52321536155965,-256.35943403171484,-447.1119013545156,-660.0652159389266,47.36666666666667
2843,-80.56852248348666,-257.14783358821404,-447.9355269542145,-659.4779262070979,47.38333333333333
2844,-80.23027530655281,-255.62280936370362,-448.8776460232659,-658.8324809804051,47.4
2845,-80.48036692337148,-256.6714673994126,-448.2629591475745,-658.0523821559391,47.416666666666664
2846,-79.8294411208081,-256.7709342958484,-446.63516353736173,-659.7335857977988,47.43333333333333
2847,-79.46963508902726,-256.01902550170183,-448.1372475197137,-658.1295445662727,47.45
2848,-80.52546958713094,-255.93383837163253,-447.4152177875909,-658.7121842380722,47.46666666666667
2849,-80.01443882919804,-256.3978961726572,-445.2301180440174,-657.0023757708927,47.483333333333334
2850,-81.27997982256946,-255.4337706797218,-445.6170896453142,-656.4303846197037,47.5
2851,-80.60188251413369,-255.16017264974457,-447.3088445481656,-657.6753056481838,47.516666666666666
2852,-79.79531406584998,-255.29592384929498,-446.53191528490214,-655.8930581477011,47.53333333333333
2853,-79.83607607343173,-255.97908742644654,-447.3916208514039,-656.5386476309783,47.55
2854,-81.00308762429088,-255.94939806391153,-446.42536389620625,-656.3889419795737,47.56666666666667
2855,-79.51203969109429,-255.06578061082413,-445.39461315039347,-655.0720957524026,47.583333333333336
2856,-79.82181188282298,-254.5190138582024,-445.8676893373325,-655.2614632632045,47.6
2857,-80.36708699809758,-254.7651227466145,-445.689760126412,-656.413070714542,47.61666666666667
2858,-80.33857523238785,-255.4438049590694,-445.80526062816676,-654.8345576346265,47.63333333333333
2859,-79.6899453365445,-255.30543714929433,-445.24665319313266,-654.717061181099,47.65
2860,-79.55966922178973,-255.44841652205346,-445.22642790074957,-654.1395584461235,47.666666666666664
2861,-80.39569549373988,-254.55472400648776,-444.60877344921727,-655.7271223431314,47.68333333333333
2862,-80.0825785058828,-253.43584254048451,-444.9703055678092,-654.0134813248111,47.7
2863,-80.11394726521208,-254.73590950625115,-444.35733624265083,-654.4717184846655,47.71666666666667
2864,-79.6132497934852,-254.00790792626395,-444.39921390212226,-654.4314149286,47.733333333333334
2865,-80.45345882750698,-254.39670136822363,-445.1001938166738,-652.875405244591,47.75
2866,-80.13260297488836,-254.4542031944034,-443.8390134587749,-652.0591833010216,47.766666666666666
2867,-80.03912681468184,-254.51485415455932,-444.34659590131724,-651.7862983385569,47.78333333333333
2868,-79.97890164287621,-254.25075168534832,-443.3327214872268,-654.827048258545,47.8
2869,-80.01995818104267,-255.39842452881192,-442.91140686845176,-653.8807424825515,47.81666666666667
2870,-79.55598001394769,-254.2127243401307,-443.54863948358854,-652.3689524220762,47.833333333333336
2871,-79.44372133182465,-254.00942019211345,-443.43215529703855,-651.1031240632414,47.85
2872,-79.88454263709164,-252.9978404652869,-443.4156425574684,-652.4146755622019,47.86666666666667
2873,-79.53409389306256,-253.77122807054096,-442.8493472141779,-654.7124057880388,47.88333333333333
2874,-80.06758818001214,-252.73069323657535,-442.7797964893727,-650.7768666918233,47.9
2875,-79.21018520665913,-254.0189011672271,-443.46300977238195,-652.110067782559,47.916666666666664
2876,-79.41863410101901,-253.5207300343746,-441.9453182532053,-652.8701656772554,47.93333333333333
2877,-78.88762034044012,-254.0532001631663,-442.5872773435588,-651.6674151877581,47.95
2878,-79.23367938141976,-252.90409401649157,-443.98457282372726,-652.0202240365426,47.96666666666667
2879,-79.19361118838685,-252.78792685576403,-443.29835815097766,-651.7637199179961,47.983333333333334
2880,-79.66179933999554,-252.68913117610057,-442.55288264528383,-652.1003715993497,48.0
2881,-80.1174163196267,-253.17019005930126,-443.0819921427244,-653.1311189386989,48.016666666666666
2882,-79.35418853203566,-253.30319044307385,-444.42314015130444,-650.0037494213325,48.03333333333333
2883,-79.47103262056825,-253.97365089220023,-442.0047546721115,-651.0075382023841,48.05
2884,-79.5651722682642,-253.38904544566174,-442.1905767152261,-650.85602071426,48.06666666666667
2885,-79.7015184699684,-253.3738502486553,-442.3439137291563,-649.6942901725374,48.083333333333336
2886,-79.3967202580454,-253.01657918035897,-442.0418495976476,-650.523681624153,48.1
2887,-79.47045131945971,-253.57398196123265,-441.15655822725563,-652.0313961590773,48.11666666666667
2888,-78.93082860482137,-253.36824973372504,-442.94655269146796,-650.6558481171011,48.13333333333333
2889,-78.86404436300302,-253.01444958331413,-441.95851066841647,-651.1746070953874,48.15
2890,-79.61524447148769,-253.79999016423267,-443.1486618041088,-651.8716898624115,48.166666666666664
2891,-78.90639876905061,-252.5851443477612,-443.75761126279804,-651.2046000238432,48.18333333333333
2892,-79.85740732882265,-252.74579334923558,-442.5856757112303,-648.7303919810827,48.2
2893,-79.56421953978658,-252.79569510688142,-439.8544522637922,-650.5163961396516,48.21666666666667
2894,-79.87181298952594,-252.92831701067956,-442.6630315736361,-649.4297789181193,48.233333333333334
2895,-79.48456213240661,-252.2871113556008,-441.4223752816118,-648.7445766963008,48.25
2896,-79.43507782773274,-253.05576450697777,-441.60995318755675,-650.0541296909983,48.266666666666666
2897,-79.40366785044449,-251.7651888577463,-441.45932165900393,-651.7741922099056,48.28333333333333
2898,-78.74611882448404,-252.23366292308074,-440.47348031224425,-649.7193002794,48.3
2899,-78.86528526091351,-252.58888599645007,-441.39459739554337,-648.2381190127408,48.31666666666667
2900,-79.52547323536118,-253.32509276470643,-442.79682612735485,-650.25518036948,48.333333333333336
2901,-79.17339125160785,-252.7703184122397,-441.53062560103956,-649.9797963694592,48.35
2902,-79.37131743899306,-252.389810049541,-438.9184780859472,-649.8627284528551,48.36666666666667
2903,-80.01637207085123,-253.50720210345497,-442.3592504823971,-649.6752624448748,48.38333333333333
2904,-79.89007577145735,-253.38913809510169,-440.15915799346675,-648.2137763783304,48.4
2905,-79.64145998717954,-252.46805390169212,-442.50652854306037,-650.9731385090399,48.416666666666664
2906,-79.53662454292426,-251.95894402719205,-440.8389178334254,-648.64198790967,48.43333333333333
2907,-79.22588105091509,-250.84068120985305,-440.77129557290704,-650.1465629589062,48.45
2908,-79.10965048672254,-252.30824824431215,-439.2220269214712,-648.0845440507615,48.46666666666667
2909,-79.13944376845565,-251.65869888540507,-440.39948615789075,-649.2254207035026,48.483333333333334
2910,-78.65655410985013,-252.3594622078267,-439.57797156533917,-649.1291914214426,48.5
2911,-79.08203235907241,-252.73020182023396,-441.20598762197835,-648.8828110880166,48.516666666666666
2912,-79.56945937424886,-252.5318930045489,-440.86947060521624,-649.7488532677643,48.53333333333333
2913,-79.8509286318588,-253.8049725487471,-441.64801332334736,-647.7963436737798,48.55
2914,-79.38529616841944,-251.8996123971335,-441.5147239998365,-649.8855981054148,48.56666666666667
2915,-79.09564557246769,-250.59234034759587,-440.81715352624616,-649.1983113192226,48.583333333333336
2916,-79.36891292305508,-252.3580527584053,-441.4513178210173,-648.388275724201,48.6
2917,-78.53370748076802,-251.82693102681398,-439.9449647977541,-648.0557998717103,48.61666666666667
2918,-79.19704160704335,-250.99199517387027,-440.6330688229809,-648.2724311432979,48.63333333333333
2919,-79.53512263315667,-251.83104191216458,-440.3265090006545,-648.4099373997772,48.65
2920,-79.33710437964086,-251.59281172715274,-439.7363135434555,-647.2919217725271,48.666666666666664
2921,-78.82737441405425,-252.07698121995108,-439.420540423843,-649.4039860598505,48.68333333333333
2922,-78.90501670776783,-253.1576912646503,-441.35624437396467,-646.2848937460332,48.7
2923,-78.96120935299108,-251.62798530767856,-440.1703784217947,-649.3846290287327,48.71666666666667
2924,-79.43621423913082,-252.23811761277187,-439.7311437938382,-647.3648439123183,48.733333333333334
2925,-79.05865965588293,-250.46380376299143,-441.68263927324415,-648.2755253959727,48.75
2926,-78.99592597123046,-252.65035418337632,-441.2414048238998,-648.9550656737262,48.766666666666666
2927,-79.2181092678529,-253.09731383332075,-440.05724501741366,-649.3440155227817,48.78333333333333
2928,-79.23433221973859,-252.41348785603088,-441.03015457042886,-648.9923420910724,48.8
2929,-78.9659911646128,-252.95586131357078,-440.42322697269236,-647.190066173113,48.81666666666667
2930,-79.55083742843172,-252.4066195241824,-440.0118291277373,-648.0177849033886,48.833333333333336
2931,-78.51793413733297,-252.30548691695702,-439.7583876487455,-648.9491663388126,48.85
2932,-78.94435575985592,-252.79661001713805,-439.72608254905305,-647.2416096402183,48.86666666666667
2933,-79.61230288238156,-252.18235908563946,-440.53673219356773,-647.8140087936821,48.88333333333333
2934,-79.07852119616514,-251.68169132187867,-439.4269370925438,-648.0007321865039,48.9
2935,-78.95938306922122,-251.63004897159084,-440.8027620773364,-647.8785220822904,48.916666666666664
2936,-78.86687718536746,-251.89663856327118,-439.9256526456309,-647.51756615067,48.93333333333333
2937,-79.68544300013794,-251.13570102910506,-440.70032598992026,-647.0967137576046,48.95
2938,-78.59051543243568,-252.9069486041561,-439.4857289282872,-648.6510432742087,48.96666666666667
2939,-79.01560227165989,-251.13822899449448,-439.97032689523485,-647.081678735048,48.983333333333334
2940,-79.7449225337853,-250.96108675266865,-440.3416883394353,-647.3674696820299,49.0
2941,-79.65365601941,-253.0208312904763,-440.6983547007728,-648.6691362118278,49.016666666666666
2942,-79.28356714854039,-253.80521250032254,-439.893592504943,-650.1543439913454,49.03333333333333
2943,-79.72757451388077,-254.38783820696077,-444.29566334563754,-651.6469745874988,49.05
2944,-80.35115112343297,-254.8088034359968,-445.0480713782301,-656.4989931249033,49.06666666666667
2945,-80.50471524832975,-255.2150036041825,-446.1367211576579,-659.4565927620697,49.083333333333336
2946,-80.9343133392051,-256.08257962610674,-448.69654587445297,-660.565509806162,49.1
2947,-81.1358446452248,-256.61442629473567,-449.8162209374212,-661.3495912038973,49.11666666666667
2948,-80.96759295572326,-258.5268029298661,-451.76114395295133,-662.4332122806568,49.13333333333333
2949,-81.48536221083374,-259.5631180896491,-453.53550307144025,-666.7259412630317,49.15
2950,-80.81904101648706,-258.57846605455734,-453.5391683746143,-669.4587363024291,49.166666666666664
2951,-81.47636265482927,-261.3707676906313,-454.98800391851955,-669.6372775293045,49.18333333333333
2952,-82.3732051431939,-260.9949349635739,-457.1064409999491,-672.1532323892626,49.2
2953,-81.33336379380874,-261.7182403552742,-457.2160607776262,-673.6961660435876,49.21666666666667
2954,-82.91277215349405,-264.1821350635207,-458.5916386156685,-675.9842088220893,49.233333333333334
2955,-82.8214168009386,-263.40760718269195,-460.6714540402339,-676.8447861190654,49.25
2956,-82.47715651098177,-263.8020778799789,-461.54019660409824,-677.4717224220823,49.266666666666666
2957,-83.22434509623552,-263.67640646205984,-461.55530963918403,-680.378808916845,49.28333333333333
2958,-83.90909047215024,-264.28242930482935,-464.75011104043386,-681.4292313746581,49.3
2959,-83.44094294462379,-266.25420426229186,-465.1007471444489,-684.3899837210082,49.31666666666667
2960,-84.01900106021873,-266.33500480360317,-468.1008374976497,-684.7168630075744,49.333333333333336
2961,-83.95434629575873,-267.2694787831719,-467.64653667298734,-686.5926370482732,49.35
2962,-83.85105735850765,-268.204333778133,-467.18289891964287,-686.6883372392726,49.36666666666667
2963,-84.58829358241427,-268.15829670069996,-469.3753244871027,-691.9841830831541,49.38333333333333
2964,-84.60774727064751,-268.7951436485771,-468.3639428567723,-692.9031080873663,49.4
2965,-84.38722886349427,-269.0605930899829,-469.5448423055768,-693.1017847457503,49.416666666666664
2966,-84.68481618817285,-268.4180100274518,-472.77303957197745,-694.8464753719577,49.43333333333333
2967,-85.5559588458205,-270.5902647104411,-473.18624040044193,-695.9374023320989,49.45
2968,-85.33862488042641,-269.7728534158592,-473.13783249470686,-697.3083495785611,49.46666666666667
2969,-85.16410415060204,-269.67497394165514,-473.79721420708984,-699.1272919343494,49.483333333333334
2970,-85.62231384863341,-271.29595494961075,-476.8007605610853,-700.2315230992573,49.5
2971,-85.1085279537916,-271.9456805656825,-475.1170623438574,-701.7311066413802,49.516666666666666
2972,-85.47598525367883,-271.10380375070275,-478.2228315722723,-700.992682242127,49.53333333333333
2973,-85.50894314630874,-272.3407208942756,-478.48594717893684,-703.0165618254487,49.55
2974,-85.96133899984085,-272.02589341929945,-479.0347259453112,-705.4597078421442,49.56666666666667
2975,-85.31052033974896,-273.5095156097226,-479.8065045246567,-704.5991716029524,49.583333333333336
2976,-86.0757068902131,-275.04690052096527,-480.57606245007275,-706.4611489008171,49.6
2977,-86.53081174228736,-274.58047781007616,-481.3621057357617,-706.3065274254876,49.61666666666667
2978,-86.50965491437145,-275.4138599830965,-480.45459687557803,-710.0237040273848,49.63333333333333
2979,-86.53797449857302,-275.4837628990954,-483.5431406955718,-710.2929708899483,49.65
2980,-87.03344008671931,-276.5998160656562,-483.93720879897415,-709.9930399019357,49.666666666666664
2981,-86.71352972870001,-276.4778878788547,-483.88422112801743,-711.5688318720206,49.68333333333333
2982,-87.40224146174793,-276.5043502760702,-485.0294198962632,-713.1995270933426,49.7
2983,-86.82278523799773,-277.4345058925688,-485.9732517100048,-714.3357069708816,49.71666666666667
2984,-87.62790239486668,-276.3118105255957,-486.96588318902985,-712.8157847036923,49.733333333333334
2985,-87.60518256222589,-278.48566017308457,-486.3642376541804,-716.9222036319173,49.75
2986,-87.59402753057243,-279.1070611930113,-488.40575592663646,-716.7563506302531,49.766666666666666
2987,-87.38987802726264,-279.2424063774385,-488.55441347461874,-718.357176578493,49.78333333333333
2988,-87.8141462357157,-278.1345381410534,-489.64102287163746,-718.783225688484,49.8
2989,-87.11885928545126,-279.0179637838921,-489.30386026626496,-719.6759839926913,49.81666666666667
2990,-88.17964727732806,-279.5033677997711,-490.00580926685393,-721.0671866236444,49.833333333333336
2991,-87.5813207822831,-279.93588939419317,-490.57739521531283,-723.0525685033476,49.85
2992,-87.9828791668347,-280.45240564463154,-490.85691902119464,-722.445719871858,49.86666666666667
2993,-88.75452630505544,-280.1235489362974,-492.50337322753205,-722.9727935096496,49.88333333333333
2994,-88.29705583296686,-281.0838280518514,-492.3856116681259,-723.02707800943,49.9
2995,-88.80068132465198,-282.33678600475605,-494.45382593712384,-724.248511081821,49.916666666666664
2996,-88.18734463729353,-281.2508681787466,-492.1485072585442,-724.9947986302765,49.93333333333333
2997,-88.39297374785654,-281.1220347976329,-494.5277711826915,-724.8178771923886,49.95
2998,-88.66155568111654,-281.68952839859764,-495.8636143734924,-728.33957449408,49.96666666666667
2999,-87.91917129048356,-281.17521387759035,-495.2079163119641,-727.5719485756806,49.983333333333334
3000,-89.10710112525132,-281.3305600178416,-493.0517782705821,-729.1753545471207,50.0
3001,-89.14826151657755,-283.6363368606639,-496.56867615100685,-729.1240135964572,50.016666666666666
3002,-89.24069483157186,-282.28672928958576,-496.441140103214,-727.3170862663992,50.03333333333333
3003,-88.86843673892852,-282.78058745610855,-494.918289456948,-732.679190298457,50.05
3004,-89.2397729911196,-283.0777553769293,-495.4462389045257,-731.1052315176694,50.06666666666667
3005,-89.38233131471054,-284.2543894183093,-497.99120092625924,-731.6971704946734,50.083333333333336
3006,-89.22655008376849,-284.9256264305227,-498.0677252948356,-733.6512707733307,50.1
3007,-89.19275863538742,-283.70261226024775,-498.8505489014549,-732.025252498084,50.11666666666667
3008,-90.22309176241042,-285.5700827128089,-497.07041639819016,-733.5501605733683,50.13333333333333
3009,-89.66872871308058,-284.5823738696534,-500.5194069917626,-732.7637331375736,50.15
3010,-89.78218203300358,-284.2481587258916,-499.8523857662907,-732.8713462425146,50.166666666666664
3011,-89.87197438817951,-285.3260281950405,-501.02819923870663,-734.5816580629705,50.18333333333333
3012,-89.66740597698772,-286.7635303845372,-498.69752642594216,-733.7980819332362,50.2
3013,-89.63029505844268,-285.0297215931771,-501.2211874597066,-737.4213244808392,50.21666666666667
3014,-90.24133653411943,-286.0912453931577,-499.8386195917802,-736.3604410369938,50.233333333333334
3015,-89.76603795650607,-286.56216071734167,-501.38076927919894,-736.3880458108964,50.25
3016,-90.7702866477306,-286.48466652039315,-500.6476079558728,-739.191807609241,50.266666666666666
3017,-90.59067654257333,-288.24263937764,-501.36444121474995,-736.8012603614538,50.28333333333333
3018,-90.15245992551819,-287.8570706487598,-502.5041452490959,-738.5687128757249,50.3
3019,-90.83479818351039,-286.2870544124668,-502.44955576682213,-742.3430726437724,50.31666666666667
3020,-89.34852991950187,-285.9573400044393,-504.9514161235675,-740.6885406305136,50.333333333333336
3021,-90.39384123211784,-286.72814513047405,-503.03164615801336,-740.4894067203952,50.35
3022,-90.45241426074966,-288.0149816240247,-504.20046657746514,-742.958175988034,50.36666666666667
3023,-90.7843463995064,-287.9462780414471,-503.180860817567,-743.2882027004403,50.38333333333333
3024,-90.5360117623325,-288.90152637794506,-504.1508279578925,-742.0655737514918,50.4
3025,-90.8430323467114,-288.4050190321416,-504.5426294429931,-742.883805986979,50.416666666666664
3026,-90.92351694129317,-288.1724562993878,-504.86118412996365,-744.1653716906668,50.43333333333333
3027,-90.62310466478561,-287.7890444356705,-505.47231949367415,-743.7186288259322,50.45
3028,-90.5012908462796,-287.7564843329897,-504.7726400385293,-744.3989344931693,50.46666666666667
3029,-90.94242302123752,-289.1597544184933,-506.2079253865991,-744.0095735028352,50.483333333333334
3030,-90.71050601227174,-289.60879371956383,-506.56751725657307,-742.6578981811901,50.5
3031,-90.21936187016496,-289.1823367777525,-505.85111131390187,-743.8049029286283,50.516666666666666
3032,-90.48516025653264,-288.8318491115871,-505.3761014827713,-745.3187032005551,50.53333333333333
3033,-90.88341453007652,-286.93924555347826,-506.5265672117394,-746.6893463161648,50.55
3034,-90.56624358083235,-288.89837889606775,-506.60728499819027,-745.3075962167134,50.56666666666667
3035,-90.60140341093143,-289.98388615144876,-506.8496070301828,-747.4861717097672,50.583333333333336
3036,-90.83439286532112,-289.07451845959235,-508.3153935920708,-746.9290729830402,50.6
3037,-91.39549140750786,-289.89634238748187,-506.9152870448038,-746.7046427651576,50.61666666666667
3038,-91.14592682765004,-289.95376324927753,-507.00050407563157,-746.7282771174214,50.63333333333333
3039,-90.52442844160834,-288.7403691291004,-508.51327818984487,-749.452758947546,50.65
3040,-90.92987819470306,-290.72596423125844,-506.68402552381497,-748.1626760462063,50.666666666666664
3041,-90.92201204600705,-291.0873543185526,-509.10716772868363,-748.7232031624904,50.68333333333333
3042,-91.61546279133681,-290.34147341852514,-508.42868141520165,-746.1760012246757,50.7
3043,-91.09924476394322,-290.6184240926898,-508.4193173946775,-747.7216081920338,50.71666666666667
3044,-90.90851081730796,-291.232888680302,-509.9167676476069,-750.5302873888353,50.733333333333334
3045,-91.25607484312508,-290.01754160255973,-508.80694383320247,-750.4403935856947,50.75
3046,-91.60244830496875,-290.562726110464,-509.5016210199149,-750.5566183008506,50.766666666666666
3047,-92.05922142606478,-290.84614558960027,-509.9306009891113,-750.235042028048,50.78333333333333
3048,-91.42958194979232,-291.19310011254595,-508.9371296266037,-751.569673020425,50.8
3049,-91.64507767892846,-290.33335600385476,-511.00609061224947,-751.4220381986287,50.81666666666667
3050,-91.85458187707118,-291.84574592591105,-511.0697338600398,-750.4957208025018,50.833333333333336
3051,-92.25844831492026,-291.1091893967584,-511.19949523072444,-748.7113968094395,50.85
3052,-91.52031118084747,-290.9757931524779,-511.46682214591215,-750.9399748506429,50.86666666666667
3053,-91.60261671115542,-292.9400117771543,-510.34959992648294,-751.1615651279221,50.88333333333333
3054,-91.21912012660916,-292.1762337260014,-511.17980596174914,-750.9502110862813,50.9
3055,-92.01970161251731,-292.3109453945455,-509.67112766495944,-750.7505674866304,50.916666666666664
3056,-91.67722789729237,-291.8733970632478,-511.97642477901144,-752.4969553619253,50.93333333333333
3057,-92.41357180104589,-292.5672414857451,-511.8580665185082,-752.7920787579501,50.95
3058,-91.99782072002611,-291.9852863791462,-511.3409901978696,-751.8974604059914,50.96666666666667
3059,-91.0208867629185,-293.2428685364859,-512.4549049563817,-753.1922661163896,50.983333333333334
3060,-91.8198996882342,-291.6229050458311,-511.450277133274,-751.864739822996,51.0
3061,-91.95425156085192,-291.0846122411638,-512.2404251112227,-752.4118220621237,51.016666666666666
3062,-91.7586661937921,-291.79054334163425,-511.27996658428947,-752.055260556852,51.03333333333333
3063,-91.31992116077019,-292.99189957436215,-510.5507918481851,-755.4576969056108,51.05
3064,-91.9471668799955,-291.4453781338454,-513.3112978273019,-753.0567605696868,51.06666666666667
3065,-92.19295959814932,-292.3160581031061,-511.42746735700183,-755.1085182646895,51.083333333333336
3066,-91.73931619748208,-291.33993651525026,-511.46293313704575,-752.9284438180092,51.1
3067,-91.42155731856569,-292.3889742130779,-512.1940403813296,-754.6620496432912,51.11666666666667
3068,-91.88225165478265,-291.8055765927511,-512.5719482313102,-755.0220066241066,51.13333333333333
3069,-91.47320342535875,-292.06978668309273,-512.8551176732485,-753.9912000711954,51.15
3070,-91.3984173298972,-292.76784580834,-512.1887319998536,-754.5108433564005,51.166666666666664
3071,-92.32345399772294,-293.7859338422149,-512.7653662844623,-755.5827004315481,51.18333333333333
3072,-92.57108776983075,-293.84541819561355,-514.930673497495,-755.839010039064,51.2
3073,-92.59728791016956,-293.0730600939978,-513.0667965294697,-755.1293452626696,51.21666666666667
3074,-91.83773281836692,-293.63486074748187,-513.7811372648774,-755.7880968334379,51.233333333333334
3075,-92.11170659093902,-293.46182664868206,-513.0925774974514,-755.7651870149836,51.25
3076,-92.15594863085528,-293.34594290582913,-514.4828531949654,-755.5099793186765,51.266666666666666
3077,-92.49569212687683,-292.9649089120937,-513.5024001141991,-757.8342959526244,51.28333333333333
3078,-91.99897713380625,-293.29978630323956,-514.721648111341,-757.1140408553173,51.3
3079,-91.65205331744322,-292.6722767475903,-513.8145465401876,-757.3546790873684,51.31666666666667
3080,-92.93261916200085,-293.27995659503574,-513.1083169164716,-755.7280376653754,51.333333333333336
3081,-92.0504715724322,-293.21340341557715,-513.296254368415,-757.3542355974098,51.35
3082,-92.42182013273981,-293.6909777302223,-514.4206501177127,-755.8667286903387,51.36666666666667
3083,-91.5467446104209,-293.1724164787054,-514.6008782257843,-759.4663707379937,51.38333333333333
3084,-91.54220044037353,-292.078467523599,-514.4247454151796,-757.4545069319202,51.4
3085,-92.58300474599702,-293.8440980675445,-513.9382250734244,-757.4065254644388,51.416666666666664
3086,-92.71192433185024,-293.467201634477,-514.1314541139152,-755.2742931378616,51.43333333333333
3087,-92.01580073776611,-292.4624817810524,-513.0762248880735,-756.6160727019658,51.45
3088,-92.37719401897346,-295.0356045980795,-515.7712563407338,-757.3659171083114,51.46666666666667
3089,-92.48838620573653,-294.0110842496442,-515.4091361122479,-758.3211853248815,51.483333333333334
3090,-92.42674808236625,-293.91156611694356,-514.4926563818294,-756.4876591198337,51.5
3091,-92.12404952372769,-292.60876648241936,-515.3350277424829,-755.2117653537143,51.516666666666666
3092,-92.57780753569044,-293.17285316311455,-514.7513175596172,-758.5824365827104,51.53333333333333
3093,-92.14836091858638,-293.37664002296947,-514.3838363180954,-757.1012878386539,51.55
3094,-92.89482085082379,-293.16791617803864,-514.9043910205378,-758.3060925619825,51.56666666666667
3095,-91.8454823351307,-293.585656826776,-516.869474787218,-758.6823602458068,51.583333333333336
3096,-92.59752994883121,-293.307939050104,-514.7988435252087,-757.8111793582729,51.6
3097,-92.06324623029168,-294.01558428760137,-514.0898245389446,-757.3634197084509,51.61666666666667
3098,-91.22208219382786,-295.07418931509926,-516.8260858456188,-757.4040675022732,51.63333333333333
3099,-92.78841278539457,-293.66341429201543,-515.7416378319508,-757.6264525060923,51.65
3100,-92.26765509322514,-294.214543450908,-514.3743136781702,-759.103380514994,51.666666666666664
3101,-93.06800326599155,-293.5926568630502,-516.2718950106347,-759.5826068620253,51.68333333333333
3102,-92.25055146120198,-294.6672487303867,-515.1393300924753,-759.4358767969156,51.7
3103,-92.19872196862869,-295.12664776775154,-515.6241540548077,-758.6492186642324,51.71666666666667
3104,-92.58167546926212,-294.2215404577136,-514.9881496436195,-759.3153661242152,51.733333333333334
3105,-92.55710637650901,-293.74075841148925,-515.6418923080545,-759.5706243283626,51.75
3106,-93.0088319958244,-294.3729459715935,-514.7934932298806,-757.7651297113068,51.766666666666666
3107,-92.81453521444126,-295.0185723302207,-515.8148125064602,-759.5982897109392,51.78333333333333
3108,-91.92829587588336,-292.45335304112945,-515.0024577932985,-759.7849092381964,51.8
3109,-92.74102128079575,-294.28106882267537,-517.2745966426843,-760.5845578553425,51.81666666666667
3110,-92.78740612000269,-294.9164523673696,-516.1567636835525,-761.184107028676,51.833333333333336
3111,-92.36691855693866,-294.7357514175835,-515.3994364063377,-758.43854756919,51.85
3112,-92.54363507665397,-295.23011789686376,-515.8067299880211,-759.541634671249,51.86666666666667
3113,-92.0158249149771,-296.0431552362645,-514.9527161964877,-760.6815619537473,51.88333333333333
3114,-92.92966847333786,-295.4963053155754,-516.3813770486863,-759.3062907175788,51.9
3115,-92.52651434644507,-295.85301398264096,-515.7338514883603,-759.6753381706831,51.916666666666664
3116,-92.93601625356492,-294.4716407092293,-517.7231418310656,-760.8929228071362,51.93333333333333
3117,-92.53407609823049,-295.563373130917,-517.068957687442,-759.2260656848882,51.95
3118,-92.70626965570679,-294.9390393070965,-515.8893968710757,-761.150246063051,51.96666666666667
3119,-92.50095914174193,-294.45034211688255,-516.0221308041573,-759.667676322653,51.983333333333334
3120,-92.45208831795077,-295.14958722678176,-516.6534159503212,-760.1949883211261,52.0
3121,-92.26147652055496,-294.34894401533006,-516.4355587354183,-760.9686648169939,52.016666666666666
3122,-93.40468524074208,-294.4092385966363,-517.3643723475271,-760.3026931268815,52.03333333333333
3123,-92.82021401426944,-292.559750070635,-516.4603053618819,-760.4283391245591,52.05
3124,-92.14172539929069,-295.55107678709544,-516.4306679293484,-761.5376498337289,52.06666666666667
3125,-92.23747378535339,-295.7372847485522,-516.1064511817062,-762.471643195608,52.083333333333336
3126,-92.61682089202502,-294.3654405739478,-516.2849928209998,-762.1129204686632,52.1
3127,-92.98970814741149,-295.74454626443014,-518.8529787893614,-759.9266220771559,52.11666666666667
3128,-92.84641298350962,-294.6679591251535,-517.435598452101,-758.6149090020058,52.13333333333333
3129,-93.23377591226777,-295.52544180927066,-517.4249317180268,-761.3192639674938,52.15
3130,-92.63427356376603,-295.1132422737966,-517.5719851729028,-760.1114176863223,52.166666666666664
3131,-92.94988417885253,-295.4647607554815,-517.7629752863138,-761.2699441579595,52.18333333333333
3132,-93.07419334369733,-294.29709767508797,-516.8745204972237,-759.5281669184412,52.2
3133,-92.23204142372384,-295.6315206104879,-516.7859149010335,-763.0651814903563,52.21666666666667
3134,-92.78022169310547,-294.01091926279247,-517.8973542198493,-760.7978689511659,52.233333333333334
3135,-92.74034277426478,-294.20433731871464,-516.0369471758978,-763.9428737775152,52.25
3136,-93.17612588163779,-294.62633465451165,-518.4934897408083,-762.4217009929873,52.266666666666666
3137,-92.51367068829248,-293.4131339989368,-517.284670235737,-761.6324534633353,52.28333333333333
3138,-93.09679864604382,-294.5925384241466,-517.0918373134818,-760.7041912139098,52.3
3139,-92.20936850810878,-293.7521728892471,-517.8349298833508,-761.463681101995,52.31666666666667
3140,-92.55432985734379,-293.5511826846911,-519.3958394046465,-761.6610380384922,52.333333333333336
3141,-93.36075659219175,-294.3831694297859,-517.1311482449657,-761.8407966590216,52.35
3142,-93.11018079267923,-294.6162646453548,-518.5308454285575,-761.7631518619312,52.36666666666667
3143,-92.15836531438653,-297.2918453887358,-518.1850914595083,-762.0560864198725,52.38333333333333
3144,-92.8122141896897,-296.2861130314428,-515.921279466929,-762.4608961393362,52.4
3145,-92.69935253467654,-295.76474643209326,-516.7027628570426,-760.3326593600102,52.416666666666664
3146,-92.56555080876451,-294.5559121394683,-518.6172284062714,-763.5894595053506,52.43333333333333
3147,-93.03339295700378,-294.7251876587096,-515.974490147252,-763.8394611716035,52.45
3148,-92.92763011116897,-296.54800810475706,-517.8352631213436,-760.8007760349004,52.46666666666667
3149,-92.89890172388286,-295.56497269716147,-516.1012171286313,-761.4222526122887,52.483333333333334
3150,-93.48219353341757,-294.86505226897515,-518.1391870774987,-759.8406538960216,52.5
3151,-92.86152294555932,-295.65446474497685,-515.6938816902045,-762.6481079037707,52.516666666666666
3152,-93.29983050504194,-294.28016710948447,-517.1975203037786,-762.1147184078354,52.53333333333333
3153,-93.014206193243,-294.9920538708729,-516.9520305443776,-761.9975628859235,52.55
3154,-93.06013566863793,-296.27129687781473,-519.7281414231172,-761.9386145263659,52.56666666666667
3155,-93.17625514951362,-295.7211457332605,-517.7110365005545,-761.763699892076,52.583333333333336
3156,-92.06927772232625,-296.0028739341993,-516.6790733883139,-762.8424137513863,52.6
3157,-92.79470140929992,-296.07509010317807,-517.2335826703983,-760.8722931169474,52.61666666666667
3158,-93.23616698817054,-294.80352581961944,-518.7915459496799,-761.7363566389625,52.63333333333333
3159,-92.51914930321641,-295.0354633140835,-518.4311259784331,-761.7870951031164,52.65
3160,-92.89339672729784,-294.85211748588404,-518.7263479362553,-763.1996218356687,52.666666666666664
3161,-92.84201878827113,-296.1877233985807,-518.0047879690203,-761.8853741386617,52.68333333333333
3162,-92.33651585387565,-295.1077236309726,-518.1388393377966,-762.4031876648364,52.7
3163,-93.21787925069634,-295.6931680736324,-519.772971853192,-763.1668988861732,52.71666666666667
3164,-94.04955186728225,-296.42908791660733,-517.3245178584606,-762.1398138004374,52.733333333333334
3165,-92.57007351805841,-295.793214167833,-517.6270840959155,-761.6320602946444,52.75
3166,-92.36933474664045,-295.1158443121434,-516.8567895307373,-762.0309007219346,52.766666666666666
3167,-92.68501474997755,-293.63346295417455,-519.9635072704576,-764.0092637916808,52.78333333333333
3168,-92.74030584949278,-295.4087876804041,-518.343292979347,-763.6582467496596,52.8
3169,-92.96455800269301,-295.5975666051597,-517.8327342306259,-762.040232908554,52.81666666666667
3170,-92.5503409075335,-295.8613394610471,-519.6845024569782,-762.4100483228038,52.833333333333336
3171,-93.2239579367643,-294.55463853451886,-518.5007508008014,-762.6416827079416,52.85
3172,-92.67590895269358,-296.00149142191134,-517.6086330680886,-763.3342363530063,52.86666666666667
3173,-92.83307589705095,-297.11648199818643,-518.6426827487221,-761.415743579489,52.88333333333333
3174,-92.8323386648656,-295.5361543534249,-518.3178664973493,-761.8276729785907,52.9
3175,-93.44389492307218,-296.5516191784277,-517.6131531940946,-762.3473351991051,52.916666666666664
3176,-92.75909412218215,-296.30177394504597,-518.7201533848223,-762.776149666612,52.93333333333333
3177,-93.37727850326274,-294.6847474756492,-518.9422187705204,-762.7407095483159,52.95
3178,-92.69257886404426,-295.1632197440287,-518.3695978287419,-761.3104499111631,52.96666666666667
3179,-92.90714237904791,-295.7107070270945,-516.6780473179398,-762.7290318779503,52.983333333333334
3180,-92.79071358892301,-296.35377712534284,-519.2591254534125,-763.473944547037,53.0
3181,-93.04296712865134,-296.1472606482261,-518.1420821975217,-762.011183545997,53.016666666666666
3182,-92.96463011624769,-295.6083780419426,-518.576574945546,-761.7351173406466,53.03333333333333
3183,-93.8779381094113,-295.3942611308281,-518.560308867348,-762.4577230385172,53.05
3184,-92.82014238762766,-296.21082253715707,-517.745679418083,-766.7576447148887,53.06666666666667
3185,-93.7880087940596,-296.0730859124436,-519.0750264732416,-763.0874224813258,53.083333333333336
3186,-93.34932534509224,-297.33360461288464,-519.2655662937802,-763.0510842980636,53.1
3187,-93.11744234762735,-295.67452286773283,-518.4880211672731,-762.2122044791389,53.11666666666667
3188,-93.40588400198946,-294.96952475787475,-517.7406080067169,-762.3011464208656,53.13333333333333
3189,-92.57747753311837,-296.3049355490416,-518.7066687847555,-762.2217680950852,53.15
3190,-92.64891838437107,-295.48664379316125,-519.2090138861255,-762.0950688253384,53.166666666666664
3191,-93.20809570242554,-295.9051278676311,-518.6261279391217,-761.8459768003353,53.18333333333333
3192,-92.24914893229749,-294.9748873600405,-518.6943748443616,-763.5213216764942,53.2
3193,-92.43452954080435,-295.93976202344624,-517.9480539076624,-762.4524824525091,53.21666666666667
3194,-93.00405914065877,-294.29656289911657,-517.7030206664999,-761.8792215603902,53.233333333333334
3195,-93.16327862028344,-296.21443496990094,-518.5392619859597,-762.5710293897508,53.25
3196,-92.72235647760724,-296.65058023395835,-518.1088196107543,-763.0985585928526,53.266666666666666
3197,-93.61700184955401,-295.3509654406508,-517.5502863599894,-762.8979593285376,53.28333333333333
3198,-93.05768123482756,-296.6477677967024,-517.4895168364862,-762.3536792433274,53.3
3199,-92.44113188924923,-295.602038873117,-518.0128539935056,-762.3955022804953,53.31666666666667
3200,-93.3843702381769,-296.68510515127207,-519.4359918873181,-763.2825990571881,53.333333333333336
3201,-92.8480486338009,-296.0303870171071,-517.5311817012783,-762.4619242117369,53.35
3202,-93.54976048865078,-294.5934998224516,-518.3707181653193,-762.7742340688094,53.36666666666667
3203,-93.3521710633623,-295.24657548263247,-518.5990661849825,-763.9876909362245,53.38333333333333
3204,-93.54558063771015,-294.856257707699,-520.0110373220191,-762.7845289872017,53.4
3205,-93.32264409788799,-295.16834089221584,-518.9438115538594,-763.2907029348664,53.416666666666664
3206,-92.54069674045994,-295.751464006024,-517.3894405684794,-762.0035599777788,53.43333333333333
3207,-92.44666370760886,-295.47737286033424,-518.1840288986283,-763.9968159359895,53.45
3208,-92.9863172935958,-295.266715660832,-518.7394185861735,-762.7607732036737,53.46666666666667
3209,-93.26139223308533,-295.5490731050919,-518.2919323776495,-764.1411509940135,53.483333333333334
3210,-93.10755023312215,-297.3842752824928,-519.5151460982337,-763.1884250868422,53.5
3211,-92.84400086648593,-295.9741044486687,-518.0388518214783,-763.0550936155776,53.516666666666666
3212,-92.7942442052171,-295.2460590747079,-518.6025602045103,-761.7540448634279,53.53333333333333
3213,-92.38639226817332,-295.81541268526007,-518.9006881208427,-763.1326666945024,53.55
3214,-93.05677662689327,-295.58539320280244,-517.9827101393374,-765.6962615162766,53.56666666666667
3215,-92.99684431145894,-296.6049375236272,-520.1326669125501,-762.2934395312236,53.583333333333336
3216,-93.35460382320566,-296.2956770247189,-518.619145897612,-763.0565450404966,53.6
3217,-93.29554823233607,-295.8628760768274,-518.4361739141602,-763.0378838934303,53.61666666666667
3218,-92.39260765974856,-295.3029481403348,-517.8725903336172,-762.6905616805706,53.63333333333333
3219,-92.86231906830879,-294.886100310463,-519.1485087979023,-763.1117926487907,53.65
3220,-93.14713556729103,-296.0769780084411,-518.9874916344011,-761.9349623703413,53.666666666666664
3221,-93.8460559233753,-296.0463812350118,-517.9914142343921,-763.1296440306718,53.68333333333333
3222,-93.5533364104736,-295.21159851244016,-517.4894808030203,-762.7736224140597,53.7
3223,-93.27348750770088,-294.65052704009025,-517.6873155304451,-763.8906112603082,53.71666666666667
3224,-92.9209427434553,-295.9838386907557,-517.5707911899101,-763.9899206474589,53.733333333333334
3225,-93.40915771584173,-295.449938446078,-520.0761154773297,-762.8113975594991,53.75
3226,-92.36528457671776,-297.00204769817253,-519.0600155994085,-764.3007399330529,53.766666666666666
3227,-92.78695761425391,-295.33759851785663,-519.1977133610197,-763.4564795598128,53.78333333333333
3228,-93.3830067602726,-295.12583406695774,-519.4494842993495,-764.4192457088437,53.8
3229,-93.337791833381,-296.012110966421,-519.1619532896265,-763.197577462943,53.81666666666667
3230,-93.69861431587844,-295.96668485916086,-519.5943598013139,-762.9085396502902,53.833333333333336
3231,-93.20167577252077,-296.103030099803,-517.4946255369287,-762.8486230108219,53.85
3232,-92.87184553618978,-296.2238122536029,-516.3056560862457,-762.8591870531828,53.86666666666667
3233,-92.73195576319084,-295.1934542642828,-518.0536452001795,-763.4546847643855,53.88333333333333
3234,-93.54358163362859,-295.3635735781215,-519.8494928840299,-764.8326087841183,53.9
3235,-92.95606857745976,-295.88418655238183,-519.2770977920496,-762.7600650501508,53.916666666666664
3236,-92.84291849980346,-295.86374241551135,-518.7272321494341,-762.9358939606841,53.93333333333333
3237,-92.51391327863819,-296.1687153302032,-519.3189747742601,-763.1104240792865,53.95
3238,-92.75834155703978,-295.8941101448935,-519.7024285509971,-764.3320980765264,53.96666666666667
3239,-92.83652313537249,-294.9298642444803,-519.1798048491212,-762.6077123104159,53.983333333333334
3240,-92.52054731206893,-293.74960127942063,-518.8480055960264,-762.9106262839763,54.0
3241,-92.70920400040474,-294.3778179083869,-517.7241159757901,-759.1979338159014,54.016666666666666
3242,-92.36242819737788,-293.8304579351996,-516.5140853946641,-758.4570289083196,54.03333333333333
3243,-92.5424061901546,-292.07853924909693,-514.4895534736725,-755.3138538758681,54.05
3244,-91.72707195338224,-290.23679407107466,-512.9712005396519,-754.5035048863547,54.06666666666667
3245,-91.50430222300739,-290.2054144510847,-510.26448200131614,-751.3821819017171,54.083333333333336
3246,-90.58895793390289,-288.91336774851055,-509.2412190178914,-747.4362130637976,54.1
3247,-90.99597329940622,-289.1736730248128,-508.1880239621007,-745.2305261952209,54.11666666666667
3248,-90.21972144734985,-287.61998371249183,-506.5755866879237,-745.3653896519364,54.13333333333333
3249,-91.12527284059489,-286.5167138636166,-504.9775535888713,-743.1630846520706,54.15
3250,-90.124111218535,-286.89108279379093,-505.3510677298023,-739.4624606785394,54.166666666666664
3251,-89.5671000677465,-286.3087019231366,-503.87573598410563,-738.4839467802041,54.18333333333333
3252,-89.81247151964861,-286.79615483990045,-502.1691451624679,-736.0281309577464,54.2
3253,-89.40754609690032,-283.86454602988533,-500.67939749509776,-735.0086625517819,54.21666666666667
3254,-88.6479879182645,-284.03726057290766,-499.0995268942155,-732.1104049452301,54.233333333333334
3255,-89.02743097515406,-284.44116999729425,-498.25542661068295,-732.4901299521911,54.25
3256,-88.58489032445664,-281.4490377990906,-497.1888532146626,-730.8495522388054,54.266666666666666
3257,-88.71364792381083,-281.9555434840546,-496.35662348335194,-729.4803600041926,54.28333333333333
3258,-89.07619053829416,-281.88987493336975,-494.4501249152432,-726.5863728324332,54.3
3259,-88.45577850674674,-280.86261680765614,-494.2170326810985,-725.2730474597831,54.31666666666667
3260,-88.23421791303201,-279.85007673314306,-492.33351709691595,-724.125189009636,54.333333333333336
3261,-88.33489444769482,-279.53076054585335,-491.40574197747327,-722.2752533440439,54.35
3262,-88.2812462934966,-279.299145878939,-491.2525507093302,-719.6547499952303,54.36666666666667
3263,-87.11044854209445,-279.1905973793504,-490.2486168670949,-720.0219111914932,54.38333333333333
3264,-87.21563316300194,-277.76486016344745,-488.9750848002525,-717.7935039189439,54.4
3265,-87.08667605951182,-277.50794544093424,-486.6332835644334,-716.3751640643607,54.416666666666664
3266,-86.5298786397161,-276.8964413131989,-487.2912153741558,-716.6887726700601,54.43333333333333
3267,-86.64773393052958,-276.7620183543496,-486.7957724437333,-714.385080105391,54.45
3268,-86.49160764322613,-275.4337557065121,-483.21924581059903,-713.6291377390916,54.46666666666667
3269,-86.72983744967532,-276.13903622867,-484.4041705471227,-713.4038710341364,54.483333333333334
3270,-86.10996931949818,-275.4688537856769,-484.7831835557018,-710.7370284473491,54.5
3271,-86.06703018678525,-274.8707458462374,-482.8394804693761,-708.1512894182791,54.516666666666666
3272,-87.08929690965014,-274.1812812462256,-482.42923355980645,-709.0442405968214,54.53333333333333
3273,-85.67935451015184,-274.68844142951474,-483.18111176445797,-705.2079732255607,54.55
3274,-85.8449138864602,-273.14958938860195,-480.6021843913744,-708.0822175169983,54.56666666666667
3275,-86.19849858386534,-273.3653877122975,-479.337373843458,-706.0169237488443,54.583333333333336
3276,-85.79741074361041,-273.48561367063013,-479.6454270426035,-705.316936504556,54.6
3277,-86.0266924969652,-271.8467325962296,-478.6336896786838,-702.9572739001633,54.61666666666667
3278,-85.44808707954014,-271.54132443383645,-478.89194101973663,-702.8514809924308,54.63333333333333
3279,-85.65533746733762,-270.741949596661,-477.68247569051965,-702.0585615977403,54.65
3280,-84.86136105192696,-271.2686148282049,-476.22550331507114,-699.2346495275543,54.666666666666664
3281,-85.32895931348716,-270.22069402762395,-475.38712960351245,-698.4566580519846,54.68333333333333
3282,-85.21048010055766,-270.98053196390316,-475.47923450204564,-698.6469317358566,54.7
3283,-84.81353437411502,-270.0057021780125,-473.8308579206844,-698.1573208020426,54.71666666666667
3284,-84.72321477298543,-271.145524733595,-473.9200730657584,-695.2204115057496,54.733333333333334
3285,-85.1952541124143,-269.37583729894345,-474.27418713467546,-697.0073458502164,54.75
3286,-84.71022743292262,-269.5093480671228,-473.83372706350553,-694.4727894636347,54.766666666666666
3287,-84.45817647557654,-271.6680384276784,-471.44129154599557,-693.7730133386094,54.78333333333333
3288,-85.16879188579914,-268.1271067268633,-472.2093294605825,-692.979471370387,54.8
3289,-84.40477910315633,-268.53586862880275,-472.31996836376203,-693.9298669961157,54.81666666666667
3290,-83.69835625857961,-269.37414978571644,-471.213199783439,-692.8635820772741,54.833333333333336
3291,-83.859483778063,-268.2556441766905,-470.20907340776546,-691.9179934230333,54.85
3292,-84.25420489873673,-267.9047689338177,-470.68867063178806,-691.002361402202,54.86666666666667
3293,-83.70810751137171,-267.87892839169393,-470.5968338476245,-689.5991892563576,54.88333333333333
3294,-83.63609980907566,-267.71667708941703,-469.03391768714596,-690.3734651830433,54.9
3295,-84.33353256852939,-266.67090606733143,-468.13076336691,-688.3270273751006,54.916666666666664
3296,-83.79488160279449,-266.3543477225574,-468.31690994850794,-687.9792498645477,54.93333333333333
3297,-83.40047820415272,-265.95907338164926,-467.07559947530825,-689.1482459637862,54.95
3298,-84.64258104909065,-266.9996126375035,-468.2625782293759,-686.9208256657423,54.96666666666667
3299,-83.90053626455075,-265.3539088546219,-468.71742867112346,-685.9079576581263,54.983333333333334
3300,-83.16719169759585,-266.10713018661124,-466.90788307178536,-684.5567895618686,55.0
3301,-83.51921623766044,-265.6681664416187,-467.0839629720839,-685.8551528503958,55.016666666666666
3302,-83.89008412715904,-265.69034717392896,-468.2261248333191,-685.7400506475639,55.03333333333333
3303,-83.30650448631755,-265.9122556737538,-466.5542047996565,-682.3524399155675,55.05
3304,-82.71236943479863,-265.14531609632974,-465.87750166338094,-683.2708190589166,55.06666666666667
3305,-83.21366835599714,-264.4240583724944,-466.93123862501807,-683.6353103898732,55.083333333333336
3306,-83.20495316363355,-263.69865556771805,-464.6679946781136,-681.0366163490432,55.1
3307,-83.0519353596018,-265.2464318087109,-464.4794244722879,-682.4225925969085,55.11666666666667
3308,-83.16894405296297,-265.14178504727573,-464.18732564242436,-682.3219836903012,55.13333333333333
3309,-83.56205706270133,-264.58601769504514,-463.9613010212695,-680.7445382652005,55.15
3310,-82.78550917140268,-262.63324575016196,-463.5128378942327,-680.3650397112842,55.166666666666664
3311,-82.75178499859062,-264.71755333354236,-463.1262145526589,-680.8966924708661,55.18333333333333
3312,-82.96932031997574,-264.5509376300505,-462.3218096710379,-682.0059805555009,55.2
3313,-82.75445553902951,-264.59760499601293,-463.5738168321003,-679.7409223272075,55.21666666666667
3314,-82.82716090363907,-263.87726054029923,-462.6487691677762,-677.0700960770143,55.233333333333334
3315,-82.93191662904788,-263.2299411355727,-462.17329306574777,-681.037496077352,55.25
3316,-82.97512205595143,-262.7426705237491,-460.10362583535414,-681.0184648733847,55.266666666666666
3317,-82.56485369286612,-263.4009244691504,-462.5799360606063,-676.748398346575,55.28333333333333
3318,-82.34604346961709,-262.4695796114331,-460.5274029622717,-678.3621556814516,55.3
3319,-82.48970313130269,-263.2621391019749,-462.05239580555445,-678.4660582711142,55.31666666666667
3320,-82.26809914396831,-262.05295510491584,-460.2143069194187,-676.953093544454,55.333333333333336
3321,-82.78381945969589,-261.93094377783495,-460.43573289749224,-678.4378313691172,55.35
3322,-82.8680784138716,-263.22622155378104,-459.0301173406756,-675.4720276517388,55.36666666666667
3323,-82.38044751919284,-261.9125319468829,-463.101811074393,-676.5462365290051,55.38333333333333
3324,-82.13434267682962,-262.06550109258353,-461.67097124043056,-676.6216682383387,55.4
3325,-82.56845579949314,-261.70921640968476,-457.98906317680627,-676.7166761988884,55.416666666666664
3326,-81.76106792232193,-261.34869272944945,-459.3379434893326,-674.2548767016084,55.43333333333333
3327,-82.40320960763395,-262.01888753214143,-459.8238971343229,-675.517026535255,55.45
3328,-82.1597360115683,-262.809431141432,-458.36430834097064,-676.1397423389889,55.46666666666667
3329,-82.1946758290364,-261.7314318313387,-458.30077215878146,-673.9344335316687,55.483333333333334
3330,-81.74298688742648,-261.4716499907447,-459.24204265786415,-675.4759449621786,55.5
3331,-82.53533715321808,-260.6448051489602,-458.7669677726505,-674.9491002975658,55.516666666666666
3332,-82.31876980934031,-261.3008837867582,-458.5973038255999,-674.0541040598104,55.53333333333333
3333,-82.8764470024583,-261.16494513033024,-458.1318995562152,-674.7338917955356,55.55
3334,-82.81138657275037,-260.48558315363005,-458.22403294485156,-674.9855424755775,55.56666666666667
3335,-81.80215156287971,-261.83040831337513,-458.09997764088683,-672.4579761837035,55.583333333333336
3336,-82.16704408682185,-261.3788060603516,-456.7893191843718,-673.5305615672951,55.6
3337,-82.50557761713335,-260.59945663920536,-458.3319391363194,-673.5448770192096,55.61666666666667
3338,-82.09277614710722,-261.5687587287815,-456.76622328304177,-672.6433626118353,55.63333333333333
3339,-82.1212687355094,-260.55327750925903,-457.12903627253223,-671.4967964272199,55.65
3340,-82.37830186566555,-260.3675965183093,-459.68689621827775,-672.9425796519735,55.666666666666664
3341,-81.92489043801568,-260.2822942435972,-457.3035960544241,-672.0392043110415,55.68333333333333
3342,-81.90293120374511,-260.64522130436904,-456.6949378682807,-673.059853015581,55.7
3343,-81.87398492378541,-260.9046090392145,-456.0197037508455,-671.6433104201205,55.71666666666667
3344,-82.00508757754234,-260.7686293795437,-458.03241885118916,-670.7126783222564,55.733333333333334
3345,-82.23417654514971,-259.93782845746944,-458.80672503195706,-670.9381456105663,55.75
3346,-81.85469543999452,-260.50791983684064,-456.3310900661023,-669.99068678711,55.766666666666666
3347,-82.54787257829263,-261.0068183108989,-455.3915215988139,-670.3894903568369,55.78333333333333
3348,-82.27297837803714,-259.63157350797474,-456.66634643085064,-672.3764314475624,55.8
3349,-81.84373522789411,-259.66303035383874,-455.65742220591073,-670.4830781449093,55.81666666666667
3350,-82.92797453737069,-259.78212576795136,-455.652131371483,-668.5549552175028,55.833333333333336
3351,-81.9849412716223,-260.76822090459694,-456.58772680546826,-670.1131789749973,55.85
3352,-81.75390975874443,-259.138611356878,-456.0539708916059,-670.2444167095057,55.86666666666667
3353,-81.84321260676346,-259.4817631098325,-455.4754912325231,-669.2428293175551,55.88333333333333
3354,-82.27149997470524,-258.9336529652695,-456.414301534628,-670.225708776404,55.9
3355,-81.44607389873366,-259.9331888937637,-456.2656596320746,-671.2827876761007,55.916666666666664
3356,-81.40064402143899,-259.3161896423027,-454.6910333773698,-670.0674733862805,55.93333333333333
3357,-81.85951886953477,-259.52512925703104,-455.7204294551887,-669.1080826342035,55.95
3358,-81.90088978479724,-259.3108966638449,-455.38874027925226,-668.2776797379449,55.96666666666667
3359,-81.802150583886,-259.9377490834984,-454.6505984781264,-669.8234017694836,55.983333333333334
3360,-81.4321423899151,-259.92110048468334,-456.54038597046264,-669.1743208075673,56.0
3361,-81.53460699617051,-259.8372058463935,-455.2272228718442,-669.8440242100371,56.016666666666666
3362,-82.12015599258096,-258.6493217990213,-455.2021044664499,-669.4077316588381,56.03333333333333
3363,-81.18989244876913,-259.64039896703156,-454.9530277864417,-668.3556484665074,56.05
3364,-81.91834678985349,-258.71829240329924,-454.3530197181546,-670.319249983352,56.06666666666667
3365,-81.16578549969898,-259.83129888806957,-453.7890234955878,-670.2420593677906,56.083333333333336
3366,-81.03939728577451,-258.91697432461757,-455.849655735547,-667.1065744962892,56.1
3367,-81.57692422119896,-258.65076855474786,-454.81463250865875,-667.4405610148173,56.11666666666667
3368,-81.46485445924438,-260.92050762036666,-455.44067727099394,-668.2001711526393,56.13333333333333
3369,-81.83526873337719,-259.50005825647503,-455.21098290079357,-667.1780655809346,56.15
3370,-81.80110043847216,-259.49929367243004,-454.98255598353217,-668.265282269542,56.166666666666664
3371,-81.5811409759728,-258.4358524833198,-455.0040282961969,-666.5618994971251,56.18333333333333
3372,-81.87382115345233,-259.7048796464028,-455.16443208350034,-667.1916724432167,56.2
3373,-81.72136414231719,-259.4204619655611,-454.06837091151675,-666.3801218084346,56.21666666666667
3374,-81.1297168758791,-258.8214667247015,-454.99831188126734,-667.6863742292771,56.233333333333334
3375,-81.64919561592065,-259.566786870404,-453.9479411379203,-668.3299872740536,56.25
3376,-81.74209297257158,-259.1615814378412,-452.4818992438677,-667.4833535815435,56.266666666666666
3377,-81.64786374963147,-258.49843886973565,-454.3239377819403,-667.1753867585547,56.28333333333333
3378,-81.78703864680553,-258.81950530926133,-453.38204821344465,-667.0510137531445,56.3
3379,-81.3814007155248,-257.9183626468275,-453.8460765219671,-669.0278521404977,56.31666666666667
3380,-81.45132190792467,-258.5143942893447,-453.67214420966906,-667.9603765656304,56.333333333333336
3381,-81.2116695959181,-259.17675160308994,-453.69006895717996,-667.4914714791424,56.35
3382,-80.839341319812,-258.448752390819,-452.7802626853747,-668.2124570032931,56.36666666666667
3383,-81.57160265568609,-259.56612197346504,-453.28826029266406,-667.53344312895,56.38333333333333
3384,-81.06806344030524,-258.1676141848201,-455.01102554853503,-666.076481972276,56.4
3385,-80.69244544544443,-259.41106493554565,-455.27487145157056,-667.0889339341173,56.416666666666664
3386,-81.0398276730581,-257.85396023099617,-451.84131019229466,-667.5610281112179,56.43333333333333
3387,-81.44391051644402,-258.8745730937803,-453.9418781984145,-667.2782389129654,56.45
3388,-81.19552054915344,-258.6300943386127,-453.49706480765985,-666.6118750254448,56.46666666666667
3389,-80.98085207913574,-257.9186102351133,-453.1679564414517,-667.1234916061366,56.483333333333334
3390,-81.34623440736334,-258.5532952399941,-452.6606337884687,-666.044306265514,56.5
3391,-81.44957997425395,-259.20525018713226,-452.20038183225853,-667.1179709079662,56.516666666666666
3392,-81.50723361440804,-258.6240122077215,-453.1953321552144,-666.6063004857797,56.53333333333333
3393,-81.75714668600028,-257.7361305466132,-453.06470180794304,-666.77144849571,56.55
3394,-81.5301737989987,-259.25497761473827,-453.22836425359264,-666.3376155503621,56.56666666666667
3395,-81.9643722212867,-259.1733130025937,-453.15521493076477,-665.9974904833335,56.583333333333336
3396,-81.10304970819845,-258.84241111700436,-453.7153927079586,-667.0719311157163,56.6
3397,-81.07740042032583,-258.049711488585,-453.5563926539219,-665.3362971801317,56.61666666666667
3398,-81.65659037731324,-259.18200334739225,-452.42863189157794,-665.5394335053866,56.63333333333333
3399,-80.84153934216862,-258.7647452658639,-455.20048230529346,-666.351265141436,56.65
3400,-81.2716331421976,-259.7010070126033,-452.8660754770475,-665.4748379078394,56.666666666666664
3401,-81.20798115402424,-257.9754397899683,-453.522203534517,-666.2773629983958,56.68333333333333
3402,-80.80023489019753,-258.4568405614899,-453.0570586263208,-665.8331016617296,56.7
3403,-81.38671300609107,-258.84614614737285,-453.77506191582063,-665.8111641386238,56.71666666666667
3404,-81.60295768759065,-257.4719876903278,-453.8143537956947,-664.8677144635299,56.733333333333334
3405,-81.31976869211188,-257.5263535937104,-453.8242801332384,-668.9405722966194,56.75
3406,-81.09236654300513,-256.9383837079202,-454.74407691704357,-666.089564212038,56.766666666666666
3407,-81.3499391253564,-258.43253881464716,-453.16384053335554,-663.9288708238711,56.78333333333333
3408,-81.44455424277768,-258.8491373390336,-451.6507872711988,-666.6774504371922,56.8
3409,-81.0486263686472,-258.70218087278744,-452.017931067947,-667.8623646105254,56.81666666666667
3410,-81.30455790904226,-258.58674181496616,-452.83475721541583,-664.1624887158649,56.833333333333336
3411,-81.21771038878258,-258.07488117707567,-454.09506699772857,-666.378199710645,56.85
3412,-81.0371750547664,-257.9461175961059,-452.34827900576533,-665.5577476991627,56.86666666666667
3413,-80.75621983201259,-258.1149750710372,-451.95732041821475,-663.3143720102544,56.88333333333333
3414,-81.4883237223378,-259.40364501721683,-453.6595307046701,-666.0210696349608,56.9
3415,-81.46384388535012,-259.0539470512898,-453.5401335694448,-667.1058448985029,56.916666666666664
3416,-81.5111479349497,-258.0564668022727,-452.32641422228363,-667.4248534418765,56.93333333333333
3417,-81.53458496135448,-258.44871689960837,-452.22822374496195,-666.4691893577041,56.95
3418,-81.62487040151079,-258.52979643285613,-451.29822284809825,-665.3247207944937,56.96666666666667
3419,-81.6880541226005,-256.91084026156346,-452.5409150304376,-665.0317443351252,56.983333333333334
3420,-82.27921537345097,-257.6465818752042,-453.04115823246764,-665.5446089020885,57.0
3421,-81.75433168885651,-257.4431883604537,-455.35685972197643,-667.2231822092937,57.016666666666666
3422,-82.03215090952486,-258.63977693572207,-456.87535216288194,-670.3351912260498,57.03333333333333
3423,-82.21093058988862,-260.15179077767726,-457.18936508922167,-673.2459604486274,57.05
3424,-82.77637740389568,-261.16166453542627,-457.2097531462197,-673.7639455458722,57.06666666666667
3425,-83.08452780725497,-261.0745940456211,-460.5806778109541,-675.5219767976481,57.083333333333336
3426,-83.33214297457712,-262.3926444792939,-462.73901243481606,-677.2151639892178,57.1
3427,-83.3323691345043,-263.531429705801,-463.90021007417766,-680.7515617416273,57.11666666666667
3428,-83.39919493357934,-262.73541921416535,-464.6318089048614,-682.2938649645339,57.13333333333333
3429,-84.69362662816543,-263.15039560076644,-466.9686091196441,-684.147375777152,57.15
3430,-84.07139819735555,-264.8529993300663,-466.8265282920277,-688.7134469635016,57.166666666666664
3431,-84.41571223062111,-265.4704761077668,-467.7910336283955,-687.4928773566111,57.18333333333333
3432,-85.16313399592704,-267.6332367532035,-469.22290761598634,-688.563804856884,57.2
3433,-84.92263041887287,-265.9977555927627,-469.935766352695,-690.9286596494175,57.21666666666667
3434,-84.64842586893758,-267.9190087304299,-470.0032736139309,-693.2453705539208,57.233333333333334
3435,-85.67176778887332,-268.52172825625485,-471.4440841829841,-691.811165723611,57.25
3436,-85.15728935926384,-269.42214270887985,-472.887658935581,-695.181027244623,57.266666666666666
3437,-86.09944336899434,-269.2708000081891,-473.38672192647937,-695.7903393736219,57.28333333333333
3438,-85.82982281886919,-270.0087527848532,-474.9064696111522,-699.7351472301201,57.3
3439,-86.73991939168076,-270.7262667310522,-477.5866050981041,-701.9064297727446,57.31666666666667
3440,-85.6566135613099,-272.43788376493677,-478.5269996249216,-702.846073161702,57.333333333333336
3441,-85.99484594364554,-271.998384956908,-478.3935085917314,-704.7853493247783,57.35
3442,-86.30312029071321,-271.7975349960632,-478.9731791494862,-705.6679931784232,57.36666666666667
3443,-86.82333447304218,-273.39736954530065,-481.6773323399269,-706.2507259742448,57.38333333333333
3444,-86.94162801947418,-273.53850488087244,-481.5550279476002,-707.7231192033433,57.4
3445,-86.81298073426402,-273.6142213192962,-482.80131056216015,-710.6956680617466,57.416666666666664
3446,-87.7113686761844,-274.6811065235319,-484.6494050147969,-711.9225692935099,57.43333333333333
3447,-87.39657641462944,-274.5564414630588,-484.8686745408875,-710.4292542593179,57.45
3448,-87.96789915913072,-275.2726304001348,-484.7399712879616,-713.6102328505726,57.46666666666667
3449,-87.84795132957437,-275.717947534804,-486.75852436283344,-715.0477184669658,57.483333333333334
3450,-88.33125785162238,-276.1026425164344,-487.1748069311974,-716.9249032491108,57.5
3451,-88.3582381644332,-277.5220372312515,-487.110327619338,-717.4005144558083,57.516666666666666
3452,-89.06203193916687,-277.95351243339763,-489.92648747399363,-719.2497651601038,57.53333333333333
3453,-89.01277819713047,-278.79951204988447,-489.71961816819373,-721.0519537310496,57.55
3454,-88.48937743733788,-277.87294565249164,-490.0446378513696,-720.4824290496928,57.56666666666667
3455,-88.14387760717332,-278.8917393551463,-491.8074183592577,-721.8293401120793,57.583333333333336
3456,-88.84993208147084,-280.4758588682262,-492.1602387877536,-723.1835374545259,57.6
3457,-88.78935864916093,-279.54561526277723,-493.98344534326935,-726.890559270089,57.61666666666667
3458,-89.04916944466324,-278.4045574918911,-492.8761619066685,-727.2835373872801,57.63333333333333
3459,-88.71892288995392,-281.09602655040146,-494.1939401688752,-726.461569684885,57.65
3460,-89.06267615530768,-279.7614790751735,-493.48177812072765,-726.0221510682384,57.666666666666664
3461,-89.09988414929373,-281.96009459063106,-496.25735747954957,-728.1519449088332,57.68333333333333
3462,-88.87589811468038,-282.6884015518511,-496.173560565801,-729.9029234066568,57.7
3463,-90.32446214077427,-282.2391872170252,-496.843232851864,-732.6652685055232,57.71666666666667
3464,-89.56868708219658,-282.05359110842585,-498.4808849739842,-732.2386324683275,57.733333333333334
3465,-90.71972507194116,-283.07325346741186,-498.9390321128104,-733.2498703084358,57.75
3466,-89.53520267911999,-282.549304747087,-500.12799403222317,-734.5722109056996,57.766666666666666
3467,-89.91824491435904,-284.52476799722257,-498.39780216167645,-736.4939022158524,57.78333333333333
3468,-89.7589663094234,-285.0701686312731,-501.658427227184,-734.1697639946689,57.8
3469,-90.28376237971182,-283.38619969522733,-499.4096736163293,-735.8017931644307,57.81666666666667
3470,-90.62393805779627,-284.23880395305605,-500.8600427021829,-737.185712551854,57.833333333333336
3471,-90.39026593776218,-285.31222645364886,-502.0202424816258,-736.4284518609743,57.85
3472,-90.20323077846301,-284.96512008609517,-500.47618667994186,-738.1408667790015,57.86666666666667
3473,-90.93572181756429,-285.74042779372536,-501.4983379441294,-739.4990777685233,57.88333333333333
3474,-90.36467203934694,-285.85200428318905,-503.35149903219457,-740.2920638250196,57.9
3475,-90.40915761298382,-286.5052166032401,-504.54468108192947,-743.274929391032,57.916666666666664
3476,-91.13755424806817,-285.8874596503592,-504.42667752867646,-741.6702352629314,57.93333333333333
3477,-91.34213158246251,-286.9165374058587,-506.329436097737,-742.7916771810693,57.95
3478,-90.9286113961216,-286.30409470678813,-505.91038518016614,-744.9214377519609,57.96666666666667
3479,-91.1186512446647,-287.55041755919615,-505.2506559661321,-743.2010015871047,57.983333333333334
3480,-90.97994657533056,-287.45311415481183,-506.2151037240858,-744.4231585871869,58.0
3481,-91.499873256777,-287.41580487047435,-506.66674918577024,-747.1046655020212,58.016666666666666
3482,-92.13014081417987,-288.6051706021105,-506.0206904852868,-746.2885020182588,58.03333333333333
3483,-91.22226034489856,-287.23115323443193,-509.99278081230153,-746.2815595129136,58.05
3484,-91.67166581219439,-288.5739830880372,-508.95290321049373,-746.9881772678475,58.06666666666667
3485,-91.9685289953423,-289.4397616661498,-510.64812910479185,-748.4850418598488,58.083333333333336
3486,-92.25525470563274,-289.63822107043865,-509.49968123552367,-748.1654815280016,58.1
3487,-91.85490201257713,-290.09666111525536,-509.8565631542922,-752.1576905447577,58.11666666666667
3488,-92.14460631198295,-289.4890743955203,-510.71536613681843,-748.2824245945727,58.13333333333333
3489,-92.0845891391126,-290.62106758855293,-511.6327860988135,-749.0992522106268,58.15
3490,-91.33356005257592,-290.46628814481863,-510.8454572527767,-752.2933621905669,58.166666666666664
3491,-92.99788748135342,-289.5616370585104,-511.6988815131166,-751.6620006824941,58.18333333333333
3492,-92.25806013252766,-289.65859402969943,-511.1885452897428,-752.7017512062587,58.2
3493,-92.26106541429719,-290.6313023561076,-511.63716435267645,-752.5664272564716,58.21666666666667
3494,-92.53300608829058,-290.75971706067304,-512.8329683330812,-752.0530051475763,58.233333333333334
3495,-92.44393184221765,-290.3341307120613,-513.0891011566033,-755.6510496154781,58.25
3496,-92.6170345225495,-290.30901182313687,-511.01510515392147,-754.841699241874,58.266666666666666
3497,-93.15817603597766,-291.52245641652297,-513.6356403878187,-754.8578649612001,58.28333333333333
3498,-92.35749519246085,-292.2082968050084,-512.7049504291664,-755.0802215518296,58.3
3499,-93.17445041812586,-291.317363812631,-513.0757974361727,-755.1004519064735,58.31666666666667
3500,-92.27021580639536,-293.18837055770257,-513.8056521424312,-755.7197706387279,58.333333333333336
3501,-93.2900213169946,-291.9033146804667,-515.2384235802162,-757.6773970870902,58.35
3502,-92.47354075059201,-291.26684953761634,-514.8549601502677,-757.0004166030884,58.36666666666667
3503,-93.36873063978499,-292.68610729333403,-513.8800363340026,-756.8524457139957,58.38333333333333
3504,-93.3117407414932,-292.57024795693235,-516.8431390741073,-757.2866316244756,58.4
3505,-92.43542455606942,-291.8803060209502,-514.7353655049843,-758.6409557083357,58.416666666666664
3506,-92.98892309663239,-292.38227494532714,-516.4031832413971,-757.9162026706284,58.43333333333333
3507,-92.3524815875565,-293.9746688308263,-516.3522237872207,-758.0908699307786,58.45
3508,-93.0952223252042,-293.4098540682686,-516.2785897214916,-760.4797594732944,58.46666666666667
3509,-93.65371325907661,-293.9636811711082,-516.0091015150294,-760.5675290580871,58.483333333333334
3510,-93.15610453347357,-293.6095494435548,-516.7448717170439,-759.8528608807435,58.5
3511,-93.37087677581755,-294.9817832089187,-517.7588804916903,-760.6683876694121,58.516666666666666
3512,-93.57005716105932,-293.81868795908144,-516.5735570558447,-761.7633812102373,58.53333333333333
3513,-93.55577096205405,-295.07317011528806,-517.9264482792066,-761.1757762744776,58.55
3514,-92.98081476426555,-293.0702356446755,-517.9963078136407,-762.4916468765557,58.56666666666667
3515,-93.61025901851039,-294.8872746552522,-517.1892145148968,-760.6207707306163,58.583333333333336
3516,-93.33696004036197,-292.9370021899158,-519.6575931229877,-761.7151331726342,58.6
3517,-93.90428802140553,-295.36324815814453,-518.6283628697922,-763.6919407259978,58.61666666666667
3518,-93.16375173596902,-294.6195491556109,-518.5785625993615,-763.6311241357922,58.63333333333333
3519,-92.61932933987231,-294.68738485632366,-518.7780648808813,-764.3957709860972,58.65
3520,-92.7694780785773,-295.4276605305935,-520.8221691444573,-763.8556688973651,58.666666666666664
3521,-93.77893693304561,-294.68042303401273,-518.9738093001832,-763.2354246442447,58.68333333333333
3522,-93.82121771951023,-294.43058975811476,-518.8608300725258,-763.619641691934,58.7
3523,-94.16901455442122,-295.45417859620096,-520.45260808388,-764.3053402410319,58.71666666666667
3524,-93.75931947589983,-294.2063770196632,-520.218240259988,-763.9899634871612,58.733333333333334
3525,-93.52618447407862,-295.3269470298408,-520.3734297788169,-767.3788050008914,58.75
3526,-93.61939028435911,-294.59819173498204,-519.855247063477,-763.174698994756,58.766666666666666
3527,-94.4736128616412,-297.05855121725864,-521.3125740990952,-764.6720401783023,58.78333333333333
3528,-93.7100413630947,-295.7492781194731,-520.488583070207,-765.0966574887785,58.8
3529,-93.95306064674425,-295.745697277316,-520.5934727513709,-765.8499018709409,58.81666666666667
3530,-93.96365031194264,-296.07685443589105,-520.427135832557,-767.6876306587596,58.833333333333336
3531,-94.1674281245598,-296.7218714483709,-520.2682805485974,-766.7157069862963,58.85
3532,-94.06864847264231,-295.3810473400723,-522.0877383027298,-767.7550133182363,58.86666666666667
3533,-94.6473309449843,-295.8422265669857,-522.7530003780615,-767.6920887706615,58.88333333333333
3534,-93.61286973956702,-296.3567151870611,-522.0868205429126,-765.8099410046344,58.9
3535,-94.68557811478206,-295.7948354029638,-523.3917108347829,-769.3518201918517,58.916666666666664
3536,-94.61694577755897,-297.43847306517546,-522.9901788199417,-768.529848011802,58.93333333333333
3537,-95.02583177870838,-295.68663214674694,-521.9960632844202,-769.1614217844683,58.95
3538,-94.04977292346189,-296.7901315767692,-522.0328649183299,-767.5000254561197,58.96666666666667
3539,-94.58050715639514,-295.4012016904236,-523.3311032014171,-767.5385754867781,58.983333333333334
3540,-94.63573537883775,-297.1897297659919,-522.1482503812365,-768.6405827560094,59.0
3541,-94.25351318768865,-297.2726262203774,-523.3122034926164,-768.8309654928212,59.016666666666666
3542,-93.15711093875137,-296.49891832108347,-522.7979766697096,-770.0129925286175,59.03333333333333
3543,-95.01412375884048,-296.7618921263646,-522.985309697561,-768.339565255479,59.05
3544,-94.50719147900958,-295.80660373739,-521.5668716373468,-769.0892298487894,59.06666666666667
3545,-94.18713312028358,-296.5015575838135,-523.8723481685284,-767.6133570307229,59.083333333333336
3546,-94.0599784386763,-296.45041934260524,-522.9730801561175,-769.4387715834334,59.1
3547,-93.9120467847965,-297.29109498031823,-523.7686842356084,-769.0243448869597,59.11666666666667
3548,-94.06495953062682,-295.77548299117854,-522.6951006270638,-771.1667611194973,59.13333333333333
3549,-94.66579507396669,-297.2280117759667,-524.151042674011,-768.447607619245,59.15
3550,-95.1964058670534,-299.2896250931246,-524.1249019620342,-772.3117960026381,59.166666666666664
3551,-94.31420095434788,-298.552767434772,-526.2069618988413,-769.7916420970171,59.18333333333333
3552,-94.33118046729543,-297.90168862935826,-524.1749167661253,-772.1877252563876,59.2
3553,-94.51846291758476,-298.2744667630944,-523.316208871885,-769.9459738551947,59.21666666666667
3554,-94.69431940412049,-296.77602543065314,-523.3196653043267,-769.1460021447667,59.233333333333334
3555,-94.139721842862,-297.98992285011883,-525.1935505506742,-769.242077749713,59.25
3556,-94.74730250067655,-299.0710135629042,-523.3711351783485,-771.6029725925348,59.266666666666666
3557,-94.97130469182301,-298.0851105822456,-525.6555070869077,-770.3959935556492,59.28333333333333
3558,-94.52226913447751,-298.61685760820586,-524.5159513771706,-771.4769296420526,59.3
3559,-95.07207326581351,-297.5991946359975,-524.5124103446142,-772.5419896707682,59.31666666666667
3560,-94.7507234015563,-298.8510109142761,-524.5177327528224,-772.3610951482726,59.333333333333336
3561,-93.90604410394269,-297.57613938155833,-524.3498940637651,-770.881493897372,59.35
3562,-94.93143067361714,-298.37894127840684,-524.1113923147743,-771.5630117387402,59.36666666666667
3563,-95.05595473361623,-299.0053326443254,-525.44911264082,-773.1803610631027,59.38333333333333
3564,-94.19721684737567,-297.92780453398535,-525.1922397385968,-771.7241151676262,59.4
3565,-94.56432563079841,-296.8815593482967,-526.1651238304698,-774.2529355563759,59.416666666666664
3566,-94.74941276968883,-297.59072486601065,-525.1884673322886,-771.1068587647472,59.43333333333333
3567,-94.55573411534338,-298.2613579909738,-525.989699658068,-774.2486941368343,59.45
3568,-94.71574986916728,-297.057863346796,-527.1769543196053,-773.3108184749369,59.46666666666667
3569,-94.9746195570115,-297.6012427575763,-526.0189005878356,-771.0810261400499,59.483333333333334
3570,-94.70382190778656,-297.7828029185953,-525.2836713037308,-773.2938802814951,59.5
3571,-95.23279217355943,-298.3536005543424,-524.9081565696738,-775.6839754413334,59.516666666666666
3572,-94.18234881101276,-298.26659009444137,-526.4439857720686,-773.0987434859292,59.53333333333333
3573,-94.61028765662711,-298.7270203587343,-525.0174985213611,-773.4383479497089,59.55
3574,-95.12748356444683,-297.5899845743918,-526.409805047331,-772.5344832679416,59.56666666666667
3575,-94.46651075262233,-299.3647898663172,-527.5131917288743,-774.4301612138471,59.583333333333336
3576,-94.31487561927314,-298.56694172480775,-527.6797135802034,-774.2349815904684,59.6
3577,-95.29919248495791,-298.9095629537419,-527.2181920477619,-772.07760947392,59.61666666666667
3578,-94.51631041666263,-299.5162586662782,-527.1293816752328,-771.9633642512835,59.63333333333333
3579,-94.54255241577526,-298.32028483442747,-525.224009950588,-774.019458097511,59.65
3580,-95.00657832582881,-298.1103921347348,-526.3338745131574,-774.8553544595649,59.666666666666664
3581,-94.37928525386869,-297.9584026463666,-526.4574669574151,-774.7549928921316,59.68333333333333
3582,-94.95663817133853,-299.0102294989824,-526.9040852645667,-773.1948320055974,59.7
3583,-94.96592561826144,-298.19271886357876,-526.3451029747016,-774.8586843493902,59.71666666666667
3584,-94.9854636862465,-300.6985851301233,-525.4868471006355,-776.0912982833206,59.733333333333334
3585,-95.16971230396312,-299.7778349695036,-526.1260519087737,-773.2700097731362,59.75
3586,-94.99720756574482,-299.54489950423823,-524.42135766264,-775.4898747722707,59.766666666666666
3587,-95.09788510925796,-299.37432016810357,-527.8169077435216,-775.2996184836455,59.78333333333333
3588,-94.7983035342882,-299.30045795450764,-525.5082671662306,-775.3498166064119,59.8
3589,-94.90304172950283,-300.08045555959734,-527.1587075007725,-773.6438066043584,59.81666666666667
3590,-94.98159680121216,-299.8838770956519,-526.2649222123115,-775.0511295945902,59.833333333333336
3591,-95.40775716160417,-298.14012784357215,-528.0570253303641,-774.4094417956834,59.85
3592,-94.97927368470802,-299.2120542047817,-528.1206912966933,-776.1610695999753,59.86666666666667
3593,-95.66631101131395,-299.273542394328,-526.8770127221851,-775.6945131204673,59.88333333333333
3594,-94.95718281785285,-299.0831704375422,-530.277225882428,-775.6428766338328,59.9
3595,-95.14502557085153,-300.3173871437383,-527.2886121406806,-774.9295338536573,59.916666666666664
3596,-95.56872914082655,-299.91605980728593,-528.2528854687353,-776.9338353487794,59.93333333333333
3597,-95.40655520868249,-300.07648977281593,-528.0549778212828,-775.8784812946321,59.95
3598,-94.56785540771132,-299.60574838434525,-525.4576202478319,-776.6132628762803,59.96666666666667
3599,-95.0935393181041,-299.5395570383759,-527.5873664060982,-775.7549421393408,59.983333333333334
3600,-94.8307835656652,-299.2525960868977,-526.6784131185237,-774.7915096888775,60.0
3601,-94.49832645088811,-300.5798768394179,-528.4992355704355,-775.6342832809735,60.016666666666666
3602,-94.9199161529941,-299.95473606422064,-527.8177577673079,-775.900986054708,60.03333333333333
3603,-95.06704234998254,-299.76698635937635,-529.3827014021755,-774.8733672987148,60.05
3604,-94.77106033139708,-299.41150680982946,-528.4221464103504,-772.36921587953,60.06666666666667
3605,-94.80392853982212,-299.5672981955065,-527.5694891707883,-776.9741518435258,60.083333333333336
3606,-94.15255220996804,-298.93768603474956,-527.5499884186701,-777.3626157299014,60.1
3607,-94.59030952160295,-298.98359733411417,-528.4998215171458,-775.524441859008,60.11666666666667
3608,-94.76822137807828,-298.88195286152865,-527.965272951906,-776.6307127235906,60.13333333333333
3609,-95.05916123169573,-300.18199153398587,-527.9947817828972,-778.2057948528425,60.15
3610,-94.5872093370382,-299.6730981058196,-527.4427456433791,-774.7580915769613,60.166666666666664
3611,-95.08608746574858,-298.7586824381868,-528.2179478678856,-777.153465597211,60.18333333333333
3612,-95.9268486799968,-300.71278121083026,-527.5961481685971,-776.3960606583177,60.2
3613,-95.07800286327345,-299.8388889818482,-526.4273131340937,-776.8199469024443,60.21666666666667
3614,-95.32496767734065,-300.3164601640497,-528.4127919686229,-776.0706489406219,60.233333333333334
3615,-95.34300031204701,-299.7719087024818,-528.1067714467563,-777.1737738046767,60.25
3616,-95.639264616703,-300.69823797815855,-527.4840929771767,-773.519291830842,60.266666666666666
3617,-94.99167243389587,-298.17578347950825,-527.3674730755303,-776.7299554134079,60.28333333333333
3618,-95.22135648948351,-300.7230988792799,-528.0092646818122,-776.4925800352601,60.3
3619,-94.75755070666128,-300.1009363865211,-528.3925687287277,-776.0127294058665,60.31666666666667
3620,-95.34109030257602,-298.83375889647186,-528.3445286465056,-777.0999437170954,60.333333333333336
3621,-95.01267248911164,-300.4189233171374,-527.7113415947592,-775.7809100642977,60.35
3622,-95.19330230806867,-299.99377173359755,-526.0874739101516,-777.5750638039788,60.36666666666667
3623,-95.74608854098145,-300.14684571624224,-528.0068447815913,-777.8645612169926,60.38333333333333
3624,-95.19528292854596,-300.8599178881582,-528.6446281415897,-777.2494275707327,60.4
3625,-94.92268554956887,-299.86835186180156,-529.4705190447968,-777.1481580092441,60.416666666666664
3626,-94.56843011283627,-300.2537961267142,-527.8420678241667,-776.5543092828017,60.43333333333333
3627,-96.05944044305164,-299.9492598827773,-527.6187208307214,-777.8095367116472,60.45
3628,-94.80980735230665,-300.1701523949727,-530.2440533725346,-777.132636467539,60.46666666666667
3629,-95.68647331142628,-299.99865886485173,-529.7649543556821,-776.8046426168044,60.483333333333334
3630,-94.84614365078238,-299.4709688023829,-528.3458799580569,-777.048945402416,60.5
3631,-95.68262572272046,-300.3790154530074,-529.1826137540195,-779.2310310153962,60.516666666666666
3632,-95.1488507501244,-300.7190890702557,-530.0240759325026,-777.679825044696,60.53333333333333
3633,-95.21044780741558,-300.7391930618778,-527.9536749028955,-778.8919091282295,60.55
3634,-95.54077106159916,-299.92544826676686,-527.9279110387112,-775.9249729300432,60.56666666666667
3635,-95.09170859005405,-300.183615443761,-527.6515497554537,-777.3327410893686,60.583333333333336
3636,-95.10249682368726,-301.0490614186711,-527.6908335748749,-776.4198375645285,60.6
3637,-94.84300357959854,-301.42302088472,-529.1332195248917,-778.0089770136824,60.61666666666667
3638,-95.01194971961927,-300.472293143176,-528.7027891372447,-778.2539547273554,60.63333333333333
3639,-95.89651705810569,-300.75453685972013,-528.7973804224365,-777.3884377812323,60.65
3640,-94.77043912575003,-298.81428729582365,-529.1913819775768,-778.6390815554581,60.666666666666664
3641,-95.46107531773676,-300.88204229791506,-528.9699042938679,-776.8975299409486,60.68333333333333
3642,-95.86325696568143,-300.3918557254225,-529.3299612857671,-777.910728235458,60.7
3643,-96.19186071095615,-300.4037678530054,-529.711346782008,-777.3789529531831,60.71666666666667
3644,-95.52336411693436,-300.558425636312,-528.3350834989193,-777.1219150333396,60.733333333333334
3645,-95.44897401195203,-299.78996957048315,-529.5120667088988,-778.4895142829001,60.75
3646,-95.69743741491413,-299.36646626395554,-528.5534139184351,-779.5176804370228,60.766666666666666
3647,-95.37441807424868,-300.19207761553116,-529.970165417241,-777.5425652386368,60.78333333333333
3648,-95.63149130862874,-300.08360438569537,-529.4810480157296,-776.5444027125747,60.8
3649,-95.33990772281533,-300.0918032219355,-529.177804546387,-776.6372284314763,60.81666666666667
3650,-95.62810811265663,-301.89556414064157,-529.2502697371235,-777.6651907810852,60.833333333333336
3651,-95.276448027263,-300.41830049929973,-528.9786174000723,-778.2726380678145,60.85
3652,-94.87428979337557,-301.2361857835327,-527.8377173428461,-776.2582315897347,60.86666666666667
3653,-95.3700575786953,-299.59243664977663,-528.8649401260133,-777.245001978431,60.88333333333333
3654,-94.9401888847803,-300.7757018659585,-528.724511584533,-779.3728418722962,60.9
3655,-95.31403709149677,-299.634439142456,-528.5894872453335,-778.937375724671,60.916666666666664
3656,-95.20108611760475,-300.00597055530034,-529.2481665588141,-778.2631137621578,60.93333333333333
3657,-95.2871710636642,-300.61109644744806,-529.0027945556365,-776.9313840743897,60.95
3658,-95.61341659689408,-300.55201269445035,-530.4279449962893,-778.5052736834907,60.96666666666667
3659,-95.16469230130821,-300.11175905463983,-528.8610294139743,-778.0257906802201,60.983333333333334
3660,-94.96439178742723,-300.5617801694242,-529.2247751520783,-776.520546208447,61.0
3661,-95.63046021246578,-301.6930035961002,-529.926764809406,-777.4956685448492,61.016666666666666
3662,-95.52127316660052,-300.0608920456541,-529.4555400527704,-776.45694327365,61.03333333333333
3663,-95.19278090380342,-300.71635986792205,-529.8297012901204,-778.9900199088196,61.05
3664,-95.77199808818466,-299.8783229811122,-529.3450845180901,-778.6759484080101,61.06666666666667
3665,-95.21911310490911,-300.3724755181918,-528.7302746746587,-776.3923840692212,61.083333333333336
3666,-94.87663577605039,-301.2242614707075,-527.2683266888107,-778.5758524889686,61.1
3667,-95.31128877679589,-300.55125302039403,-527.985065787666,-777.3929884901025,61.11666666666667
3668,-94.25833922678882,-299.85619451583716,-529.7371959014442,-777.3985551719118,61.13333333333333
3669,-95.94166985626987,-298.8574632095038,-529.4668535791476,-778.7263152156667,61.15
3670,-95.31883877847694,-299.80671441113145,-530.3132198390123,-778.8426318718539,61.166666666666664
3671,-95.28128462337236,-300.7701518482895,-528.9007008938627,-776.6078012654815,61.18333333333333
3672,-95.58729201463568,-299.28155085655777,-529.0409731372167,-776.3373920651904,61.2
3673,-95.28756039959775,-301.3054069459265,-529.4149529026029,-779.4967146072921,61.21666666666667
3674,-94.7642828225046,-300.30877612925406,-530.5627885384135,-777.7226936193964,61.233333333333334
3675,-95.71866792539859,-301.603138943694,-528.8552787588171,-778.3141261981187,61.25
3676,-94.9887133482534,-300.1295766899972,-529.2687015165119,-778.0590054848911,61.266666666666666
3677,-95.56841746214411,-302.11498665080916,-528.6536576483347,-777.4815126439906,61.28333333333333
3678,-95.72056954444756,-302.1426221636399,-528.2311901749903,-777.6305375715564,61.3
3679,-94.92460392071489,-300.50738697627315,-529.421702345813,-777.9017031635573,61.31666666666667
3680,-95.64833194970286,-302.0837461393548,-528.9903954413126,-777.6052820372073,61.333333333333336
3681,-95.0949559922806,-300.3535054059711,-529.4442580059937,-777.6142894368885,61.35
3682,-94.60702401721656,-301.0421071928332,-529.8465985774801,-777.1018107267404,61.36666666666667
3683,-95.27022604206994,-300.11474148684783,-529.1910226740714,-778.7836718756953,61.38333333333333
3684,-95.34536871135302,-300.97849998087054,-530.1771068285708,-777.54080369295,61.4
3685,-95.89061784564134,-299.6724488745739,-527.9698897078247,-781.3884818200744,61.416666666666664
3686,-95.11182821134797,-299.90098582641735,-529.2976607974852,-778.6699441405812,61.43333333333333
3687,-95.32094846502287,-300.9222548250997,-529.8581526500948,-777.9964074329457,61.45
3688,-95.44271462443447,-300.5662467320357,-529.7051715678697,-780.139739933396,61.46666666666667
3689,-96.00501091703782,-301.65830098314973,-530.3676480082654,-777.1638367018608,61.483333333333334
3690,-95.9701249556883,-301.54214397613515,-529.6556211722949,-777.3897775957148,61.5
3691,-94.62326121608216,-299.8256230706777,-528.7041996814806,-778.8329051901136,61.516666666666666
3692,-95.30116487212807,-299.53762195055276,-529.0047128968613,-779.6372832118678,61.53333333333333
3693,-95.06040638598361,-300.01124287787184,-531.6483496765036,-777.3723308540202,61.55
3694,-94.59669196808628,-299.8097959186066,-530.7735224397422,-778.8436276271372,61.56666666666667
3695,-95.56916098866802,-301.36665303407085,-529.550344737746,-777.7853204179372,61.583333333333336
3696,-95.30059545188978,-299.9911707583063,-528.451780732847,-779.1067503950677,61.6
3697,-95.46088916926517,-300.1559366751751,-531.5803325506072,-778.412931666944,61.61666666666667
3698,-95.34754872863158,-300.1157164487377,-529.0791057497167,-778.3323841885517,61.63333333333333
3699,-94.40935472966135,-299.6564080265248,-529.8350799872575,-778.1656154568257,61.65
3700,-95.04676088501814,-299.513802542192,-529.6608032857408,-780.8187673925282,61.666666666666664
3701,-95.80060686614041,-300.9378300221612,-528.8954880497636,-779.1833704367075,61.68333333333333
3702,-94.70723309589626,-300.6514923520455,-530.471028391488,-778.055590021682,61.7
3703,-95.75679638097273,-302.05447154326055,-529.2988983921921,-778.6659733042746,61.71666666666667
3704,-95.6639331849026,-300.32946693957956,-530.9413838729648,-778.497547076989,61.733333333333334
3705,-95.63923170109057,-299.6266622811164,-530.4038910431013,-777.5042528810809,61.75
3706,-94.9272359431966,-302.2034509426752,-531.07626909312,-779.08804125279,61.766666666666666
3707,-95.3209966957428,-300.9104112050996,-529.3318687523681,-779.1358363310758,61.78333333333333
3708,-95.5858195863321,-300.943536751994,-531.2811245117352,-779.2670242178851,61.8
3709,-95.63922336445128,-300.9794194613461,-530.5974379037671,-777.8158026011405,61.81666666666667
3710,-94.98643452601858,-300.04836119443644,-529.5335052072062,-779.0852591017224,61.833333333333336
3711,-96.8240755720167,-302.2891317311499,-529.7084167338237,-778.5501514863266,61.85
3712,-95.74129974786226,-300.6014321414327,-527.7392664807098,-780.3586400393034,61.86666666666667
3713,-95.80173748931006,-300.8282263010095,-530.9227731280016,-776.1576803952978,61.88333333333333
3714,-96.55150257566714,-301.54237495421205,-528.3246761711167,-780.0375309257807,61.9
3715,-94.74756941657988,-299.85689813466945,-529.8582284452795,-779.722399311285,61.916666666666664
3716,-95.47756978669241,-298.7524826994811,-530.87682245174,-780.6292264963519,61.93333333333333
3717,-95.67102183072151,-300.68389912734204,-529.868885877814,-778.5502351051003,61.95
3718,-95.53877254504893,-300.5902341563657,-529.410019185092,-778.4494861271901,61.96666666666667
3719,-95.0044350018216,-300.0788560010459,-530.0272256632056,-779.0949096919961,61.983333333333334
3720,-95.31849534326632,-300.6107681671547,-529.2785666763557,-779.7285433882857,62.0
3721,-94.9426324946339,-298.29947088077176,-529.6109044850275,-775.5977568539137,62.016666666666666
3722,-94.18352356815053,-297.9262712627377,-525.5779150104918,-773.1322530565308,62.03333333333333
3723,-94.39343505993413,-296.87757016984875,-524.1224274293885,-771.6362056869517,62.05
3724,-94.25202960231212,-296.7890323763168,-523.5842513856492,-768.5698220469912,62.06666666666667
3725,-93.29376267876421,-295.2370336725517,-522.6112888240493,-768.8697453879549,62.083333333333336
3726,-93.5412487725425,-295.20313945680954,-520.7982291966845,-766.6820116967887,62.1
3727,-93.2406864470948,-294.77780994018457,-520.1794715658993,-763.5516840171175,62.11666666666667
3728,-93.25419988721357,-293.30873589805566,-518.5205052771609,-763.3744980695345,62.13333333333333
3729,-93.09858332343843,-292.65930509184807,-515.6093641171851,-758.0058735259461,62.15
3730,-92.3215180464601,-291.31928779318764,-515.6483164893365,-758.9122085445453,62.166666666666664
3731,-92.42458941274283,-290.1746624428279,-513.7751938369213,-755.1249430490748,62.18333333333333
3732,-91.93627736601819,-291.4400080895383,-512.7814655424639,-754.2549205584327,62.2
3733,-91.69261292969566,-290.4672963338069,-511.9453632443503,-752.6196073843702,62.21666666666667
3734,-91.6745500927311,-289.1985994754527,-511.89976209981864,-749.0169637535778,62.233333333333334
3735,-91.23479406706855,-287.9994885430963,-508.72065601018045,-748.9200867807856,62.25
3736,-91.01860687260148,-287.6108091047435,-508.4638150626054,-748.0868350026591,62.266666666666666
3737,-91.42145319061669,-287.86979125758097,-507.9640286054609,-744.1494232185587,62.28333333333333
3738,-90.20086335534815,-285.67261121277863,-506.56250734376675,-743.8525163254154,62.3
3739,-90.38015497554665,-285.8917477112656,-504.72921117120615,-744.0843824404737,62.31666666666667
3740,-90.52219971368379,-286.0870831006665,-505.1309146903777,-742.7027401525701,62.333333333333336
3741,-90.95481543535145,-285.1996946297327,-502.1517200720737,-738.617581307815,62.35
3742,-89.88717913206217,-285.70211242187247,-501.39627059504113,-737.3629262204961,62.36666666666667
3743,-89.6113984878744,-283.1294940094153,-500.30799782665986,-736.8697459819182,62.38333333333333
3744,-90.0969802337497,-283.92904178330184,-499.1332024422224,-735.786485270983,62.4
3745,-90.0572438064321,-282.6725917554826,-498.3281899520003,-733.4746692910843,62.416666666666664
3746,-89.87955957865772,-282.18349839830717,-497.9140310454905,-733.9509240101208,62.43333333333333
3747,-89.03417620157246,-281.7307746090248,-499.0506254145001,-731.9525497310118,62.45
3748,-89.11317282983653,-281.0969666821592,-498.4067303934718,-731.1011277397372,62.46666666666667
3749,-89.43593649741483,-281.8002957766391,-496.8577303129198,-726.8294029585013,62.483333333333334
3750,-90.31085714725164,-280.27045921871303,-494.3061294338114,-728.4190285354807,62.5
3751,-88.2931691056275,-279.68362434267897,-495.35627749268644,-725.3611217172626,62.516666666666666
3752,-89.09547341083639,-279.91031259520173,-494.721211791929,-724.307692939596,62.53333333333333
3753,-88.5867241048979,-279.0366308526925,-492.81608935397,-724.040983103996,62.55
3754,-88.74615683998,-279.69986393965445,-491.2109243999579,-723.177060456906,62.56666666666667
3755,-88.03376016573812,-278.7240588146533,-492.33928176690375,-721.0150488913515,62.583333333333336
3756,-87.9324472815409,-278.0008592907917,-490.9178848036738,-721.1685901256265,62.6
3757,-88.11244354070722,-277.96719111105745,-490.37256982322856,-719.4858087098938,62.61666666666667
3758,-87.79029012240494,-277.9274066339323,-488.874997954192,-719.2030858446708,62.63333333333333
3759,-88.05263817568171,-277.84764257352185,-488.5305633060215,-718.0186906069488,62.65
3760,-87.61645851060486,-276.36482300043224,-489.2136576235395,-718.2323276041461,62.666666666666664
3761,-87.81578036461177,-276.7172418498922,-488.7561110839674,-718.7912084756078,62.68333333333333
3762,-87.5171256806178,-275.58355302835406,-487.99859318869494,-714.6045676525206,62.7
3763,-87.48213402700287,-276.0957609840987,-486.54550854459427,-715.8890771513553,62.71666666666667
3764,-88.32444750515427,-275.3231477006167,-484.7359797263419,-714.4250956150952,62.733333333333334
3765,-87.23794987069881,-275.2018459486835,-484.87650398731097,-714.4263634479113,62.75
3766,-86.89691201688541,-274.21010005395846,-485.62274095454836,-713.0679365868177,62.766666666666666
3767,-87.31607912793807,-274.45489224441974,-484.43321912843754,-712.6121886571718,62.78333333333333
3768,-87.45159107660086,-274.0822358415254,-483.8856708053377,-710.51734225593,62.8
3769,-86.69331478194687,-274.572210693696,-484.03123953941963,-711.1499335490068,62.81666666666667
3770,-86.90561728922731,-273.39183187050696,-482.4232571441116,-710.4386520975248,62.833333333333336
3771,-86.80453416248925,-273.0637207411212,-481.99163651689986,-710.0654208646481,62.85
3772,-86.7226796051037,-273.2393810452544,-482.4349496483853,-707.4484326758679,62.86666666666667
3773,-85.89150086451136,-273.04746863797106,-482.85223474526714,-705.6579948649683,62.88333333333333
3774,-86.80864877865987,-272.20519581394825,-480.5808301296362,-706.7528875204612,62.9
3775,-87.30815901929793,-271.89180250931605,-481.2294001325498,-706.7787314794688,62.916666666666664
3776,-86.74912234374278,-272.88564446384885,-481.18526264053935,-705.9204450743646,62.93333333333333
3777,-86.71790980770531,-272.43531426289974,-480.6174943725589,-706.4531594928235,62.95
3778,-86.57363226789597,-270.80306807253356,-480.4251763144927,-704.1108990367902,62.96666666666667
3779,-86.40043575569399,-271.27253091969044,-478.59486057440324,-703.8149245765393,62.983333333333334
3780,-86.20814172387261,-272.2117444853424,-478.6772649319899,-704.3697377095085,63.0
3781,-86.11998725592929,-270.9686599777165,-478.4999061418482,-702.8633460216621,63.016666666666666
3782,-86.1158554039722,-270.85181616382056,-478.25431991996146,-702.6118434754261,63.03333333333333
3783,-85.72434696491625,-269.23530058348626,-478.4829425188568,-700.5808157311687,63.05
3784,-86.4876408194602,-271.15220946434965,-477.13407128981623,-700.5730184537423,63.06666666666667
3785,-85.75674170613867,-271.1882156031826,-476.23576954100594,-701.595425835475,63.083333333333336
3786,-85.73184939886629,-268.68078000448736,-476.4268899279806,-700.9482253104483,63.1
3787,-86.09600109835924,-270.31038615545526,-476.44758196402034,-701.7780914396096,63.11666666666667
3788,-86.19439408379665,-270.1622027050078,-476.17874337896455,-700.4273882614024,63.13333333333333
3789,-85.32184822576852,-270.13734019074474,-475.5726889774555,-699.7507192343829,63.15
3790,-85.54944517495338,-268.49790474655293,-475.71979668045145,-700.5294890829787,63.166666666666664
3791,-85.46791875060728,-270.08214788931673,-476.13582206823855,-697.7503448588978,63.18333333333333
3792,-85.63209257452353,-269.46561646213945,-474.9436510781324,-699.5410687228053,63.2
3793,-85.42584318053127,-268.487493999622,-474.98695695468854,-696.7627813989245,63.21666666666667
3794,-85.63773710674771,-269.1616219581943,-474.4307958487263,-696.0971631568598,63.233333333333334
3795,-85.01588202723896,-268.27785531368266,-473.5850344187706,-698.2941165312124,63.25
3796,-85.36320148673353,-269.12329657918093,-473.26034248588417,-695.8468801982252,63.266666666666666
3797,-85.49341369662667,-268.8311923666315,-473.40109451671924,-696.2906769142238,63.28333333333333
3798,-85.39403071872404,-268.1531619603784,-472.46839978935753,-695.1776930138219,63.3
3799,-85.98067561755549,-268.87595862228534,-472.2444904036054,-695.7260448521123,63.31666666666667
3800,-85.58113368448026,-267.84909908905456,-473.5267519792998,-694.2508325819283,63.333333333333336
3801,-85.43661677833701,-268.5525615403905,-472.39862873521196,-695.5512896797778,63.35
3802,-84.99606653607592,-267.82547047353336,-474.2183161892395,-693.3550893984609,63.36666666666667
3803,-85.80666223711862,-267.9004233761594,-472.55340674546414,-693.4682512119932,63.38333333333333
3804,-85.52637520943698,-267.17159569174373,-471.68444634579294,-695.0035327303111,63.4
3805,-85.6296396173961,-267.81711430877533,-472.2930793440003,-692.5771619865616,63.416666666666664
3806,-85.12793353389404,-266.6106810588651,-471.5468136420584,-693.0783671404106,63.43333333333333
3807,-84.71755406503218,-268.2535222295709,-471.46912758287243,-693.3066840077003,63.45
3808,-85.20046254497662,-267.7184637093579,-470.76123439973907,-691.8469660483311,63.46666666666667
3809,-85.29442036086084,-266.78955655718676,-471.1169517208298,-692.1008484016264,63.483333333333334
3810,-84.74054586975832,-267.9503827479557,-470.1777285873593,-692.5885888231167,63.5
3811,-85.05489315646479,-267.62367599085377,-471.5046217951066,-693.3384746523532,63.516666666666666
3812,-84.68673685657866,-267.7810362856423,-470.9973655218212,-691.4538258099511,63.53333333333333
3813,-84.90731408095945,-267.10618657787415,-469.6826711939729,-691.9227584876764,63.55
3814,-85.8200096377096,-267.0975621185114,-470.3955945799441,-691.1635183124871,63.56666666666667
3815,-85.49161229950236,-266.9090438667441,-470.6741909197314,-691.2423078608862,63.583333333333336
3816,-84.17037711597209,-267.98438523749,-470.2745178451699,-689.6416064702508,63.6
3817,-84.27445501649957,-265.5918996476924,-469.76996829952435,-690.3941697705942,63.61666666666667
3818,-84.4838535486474,-265.5465728185408,-469.92745718653606,-688.8386488455124,63.63333333333333
3819,-84.28298237057923,-267.5390106401383,-469.98875219502565,-689.3188323964697,63.65
3820,-85.45844419712019,-267.0498780100164,-469.33056900161364,-691.7139126033055,63.666666666666664
3821,-84.92863629363099,-266.5178799999638,-470.9716519078183,-690.3258424359057,63.68333333333333
3822,-85.46781122125894,-266.56190240556595,-467.9862071903667,-689.7993185698956,63.7
3823,-84.43480314725323,-265.60062750386913,-470.9233410445182,-689.81364191788,63.71666666666667
3824,-84.83811967589274,-266.1549653893193,-468.18752491145705,-690.0886079943086,63.733333333333334
3825,-84.29231369380682,-265.7895637665283,-469.8943443028522,-689.0364360963546,63.75
3826,-84.1878239165247,-265.5271177807954,-468.67864298210884,-688.0453388994799,63.766666666666666
3827,-84.52605716972103,-265.40165878236286,-469.2959685156288,-688.8108159851414,63.78333333333333
3828,-84.10221808461951,-266.42075523097935,-467.3316286793881,-688.60486935577,63.8
3829,-83.51592718362528,-266.207390724654,-468.48184599710356,-689.4824441508717,63.81666666666667
3830,-84.55400499071366,-266.359266679937,-467.4165157923775,-688.970377373287,63.833333333333336
3831,-84.27252290943875,-264.77846164091864,-467.90695342639015,-687.9260804877596,63.85
3832,-84.22042385879166,-265.9192753889447,-467.97127058658674,-687.9302241928509,63.86666666666667
3833,-83.84348423019067,-266.28369728254205,-467.7356525958287,-688.500975582956,63.88333333333333
3834,-84.33492053844338,-265.6772670597263,-467.6567262983829,-689.492612096103,63.9
3835,-84.53384301175471,-263.86372794957487,-467.2028384685384,-687.9893855253451,63.916666666666664
3836,-84.73949503104646,-265.4815807942206,-469.7865355994855,-687.5839061090252,63.93333333333333
3837,-83.99132456940086,-265.6426123314466,-468.1333911987636,-687.6558488912485,63.95
3838,-84.31178157951057,-264.9512735984905,-468.0707523133157,-688.5139212541195,63.96666666666667
3839,-84.13634447480894,-265.1199715608848,-466.56943656521025,-686.962422104012,63.983333333333334
3840,-84.23504635208076,-265.17210689434586,-468.06909927607245,-686.2355732460206,64.0
3841,-84.04346188637686,-266.256686747894,-467.1706283966927,-686.2338339858075,64.01666666666667
3842,-84.46375813783361,-266.0048969078941,-467.6682501667006,-685.9185506118536,64.03333333333333
3843,-84.69733001105209,-264.56558851869573,-466.9606677708447,-687.2885797486935,64.05
3844,-84.03823100295223,-265.27985947727,-467.1191307536487,-686.8302901946859,64.06666666666666
3845,-84.29503539097037,-265.43311190309214,-465.9743243761753,-686.4325760183125,64.08333333333333
3846,-84.3055386723582,-264.69183593775176,-466.8372026587245,-686.4184091283187,64.1
3847,-84.19556248662737,-264.33285892490426,-466.74635356440615,-686.7841059913115,64.11666666666666
3848,-84.57514074261248,-265.2983581387208,-466.46581536400936,-686.6848460111099,64.13333333333334
3849,-84.0745819187008,-264.8593796055426,-466.2649412270408,-685.5555754153777,64.15
3850,-83.75268471339449,-264.0115459487531,-466.2468444121482,-685.138129347931,64.16666666666667
3851,-83.58162281661751,-265.16174936997487,-466.1828301471249,-687.7043444619515,64.18333333333334
3852,-84.17432004810915,-264.398512579054,-467.0889167493238,-687.0722087399892,64.2
3853,-83.56009021725488,-265.656532993014,-464.37963522757485,-685.2196792942348,64.21666666666667
3854,-84.4468278961016,-265.2531204157471,-466.18229583581285,-687.2161310700224,64.23333333333333
3855,-83.82579347862153,-264.90496634674264,-465.5449140628798,-684.8151720821131,64.25
3856,-84.01448912983705,-264.5609264369343,-467.10378926992115,-685.9716773519876,64.26666666666667
3857,-84.62686139935767,-264.1070647910234,-466.60068884089856,-685.7664105134518,64.28333333333333
3858,-84.63268643811672,-264.7284129828926,-465.9116061543182,-685.9882546406307,64.3
3859,-83.90570449648226,-265.2837849963197,-465.356616889938,-684.4986028194436,64.31666666666666
3860,-84.27437075325629,-264.64144736330775,-466.8033900168438,-683.2271031805226,64.33333333333333
3861,-84.32089585836339,-264.7760377776528,-465.57566814752045,-684.2244584916693,64.35
3862,-83.55075884755094,-263.3994337612326,-466.92336507878736,-683.8406187208624,64.36666666666666
3863,-84.03889555578125,-263.92219382057823,-465.77623190884896,-685.0327700070185,64.38333333333334
3864,-84.28468501302771,-264.3044787781439,-465.86475241700634,-684.6004218110655,64.4
3865,-84.55782026459477,-264.7537702608741,-466.09161678010275,-683.9233438238357,64.41666666666667
3866,-84.34899450143325,-264.395067716466,-466.5152387156675,-685.6341856670801,64.43333333333334
3867,-83.86439489712488,-264.4724703454082,-466.87086706111677,-685.2531546541666,64.45
3868,-84.5594119153229,-264.31801221792847,-467.2886366550059,-685.7878550402007,64.46666666666667
3869,-84.32872048681828,-263.3521668825468,-465.8754653176513,-687.6345305091231,64.48333333333333
3870,-83.36149154169762,-264.3024603147988,-464.70840124668524,-683.9634301264252,64.5
3871,-84.33259704945519,-263.2537399610008,-466.01837878390097,-683.8713632752452,64.51666666666667
3872,-84.21028155568122,-264.80254629849475,-465.78926284767283,-684.3317398440703,64.53333333333333
3873,-83.96617705186961,-264.7435847127834,-464.00770913071506,-684.162143084198,64.55
3874,-84.06287901546013,-264.1503411163393,-466.4963071909995,-683.5002640799681,64.56666666666666
3875,-83.73747200309603,-264.9455774209578,-466.16814341688274,-684.5372597149768,64.58333333333333
3876,-83.57322086024584,-263.7477257311263,-465.7194556725075,-684.1221153962272,64.6
3877,-83.4914279926253,-263.6516891290659,-465.202986044043,-685.41402785682,64.61666666666666
3878,-83.68602861809771,-264.0966284967872,-466.1297878025974,-685.8419313431307,64.63333333333334
3879,-83.73363403153787,-264.3546883463891,-464.85802761418546,-685.1936104592936,64.65
3880,-84.02065368487878,-263.360908825416,-465.28649821160707,-682.2283069950149,64.66666666666667
3881,-83.9203091556855,-263.9861407782512,-464.63058096508354,-684.0779666505264,64.68333333333334
3882,-83.70687574929954,-264.0315456792241,-466.63077637862295,-683.4418929148461,64.7
3883,-84.33947276042538,-265.49779758613266,-466.50125270111687,-683.1219945908036,64.71666666666667
3884,-84.18550068996522,-264.3473261096492,-465.8453010591485,-683.8275532087542,64.73333333333333
3885,-83.66997781589998,-263.69736079178193,-464.7108218082872,-683.9222373487181,64.75
3886,-83.66712549318765,-264.4421333468198,-465.31017860750916,-684.0563409295466,64.76666666666667
3887,-83.65598238756739,-264.2891959557681,-465.4383602400699,-683.5729907748488,64.78333333333333
3888,-83.76812128618083,-263.12055617554563,-466.1878182535337,-685.0776317093506,64.8
3889,-83.94370357762749,-263.3720667145226,-464.3883404243599,-684.1912854851704,64.81666666666666
3890,-83.62640327315057,-264.01219819816237,-466.3167113494893,-682.2783300076832,64.83333333333333
3891,-83.80666148021018,-263.19783557298535,-465.08849647158144,-683.472727875169,64.85
3892,-84.40816339136921,-263.27386233590516,-464.5787369114748,-683.0529745046707,64.86666666666666
3893,-84.28882827653918,-265.0527217149478,-464.36102582116985,-683.00218826397,64.88333333333334
3894,-83.67087619873348,-265.6223018266546,-464.48072684342924,-685.3490511240594,64.9
3895,-83.56496610359304,-263.32981598604323,-465.1774865884892,-682.1157505297016,64.91666666666667
3896,-83.62062675806274,-263.43671182783845,-465.5388136145588,-683.8469103277611,64.93333333333334
3897,-83.3556590519683,-265.08137341779735,-465.0956443308318,-684.4446581239192,64.95
3898,-83.65766571134952,-263.8213018758177,-465.7931862352052,-683.420609103547,64.96666666666667
3899,-83.13380267098808,-264.85178925770845,-465.35483474061425,-683.2212816943569,64.98333333333333
3900,-83.0893875970878,-265.14774165786764,-464.36048547934183,-681.6151380812936,65.0
3901,-83.84223769299385,-265.16305041381656,-467.0620019021228,-687.6899857552396,65.01666666666667
3902,-84.04534515667383,-266.92790228783963,-468.18880606003427,-687.0893858008601,65.03333333333333
3903,-84.02142417981086,-267.543367795708,-470.48116574300263,-692.0180199551452,65.05
3904,-84.19368145909698,-269.24435560281063,-470.6311457691415,-690.9572776841231,65.06666666666666
3905,-84.35907926661997,-268.49995410214717,-471.5372062141994,-695.8579178224501,65.08333333333333
3906,-84.75574262091301,-269.3950730510155,-474.7498698089194,-696.5868382971948,65.1
3907,-84.11207396896192,-270.7283891418194,-476.25741433959513,-696.9966430970757,65.11666666666666
3908,-84.7033879361226,-270.86386361322235,-475.64814877952455,-699.1632580441922,65.13333333333334
3909,-85.87548579644896,-271.6104176203995,-477.6483115121369,-701.3910088199282,65.15
3910,-85.3469300275488,-272.16123113887596,-479.66026819404834,-701.7172008936675,65.16666666666667
3911,-85.95126666856096,-273.0764459861654,-479.5837911974845,-706.2867047600115,65.18333333333334
3912,-85.8670903243056,-274.21157773902945,-481.28979223762866,-707.0770491319505,65.2
3913,-86.34711425018713,-275.1541415278867,-483.4771685843303,-708.4767014668661,65.21666666666667
3914,-86.29898212465594,-274.5649338150708,-485.57519245408145,-708.870458947932,65.23333333333333
3915,-86.38945939616114,-276.1999236173398,-486.2498953459143,-713.8881836861278,65.25
3916,-87.341695937807,-277.22816033807834,-486.1760045067797,-714.79664740623,65.26666666666667
3917,-87.08070640581288,-278.20011712616196,-488.6958435550501,-715.1320211435872,65.28333333333333
3918,-87.72847421587612,-278.8029048780864,-487.9713562009607,-716.5150420947608,65.3
3919,-87.60241738150728,-278.4964983689611,-488.46897466887424,-717.5494908815956,65.31666666666666
3920,-87.20296985193652,-278.7516442290367,-490.5532339129904,-719.6057772968667,65.33333333333333
3921,-87.50316451247849,-280.47143623140295,-490.3591470798949,-721.0827745366648,65.35
3922,-87.56766723918074,-279.9203398737272,-492.2572260706395,-722.8574224520103,65.36666666666666
3923,-88.1462297236306,-280.54098164448817,-493.2829596870094,-726.979129906739,65.38333333333334
3924,-88.72928916572258,-280.7670391002024,-494.40479179237224,-723.6906653841689,65.4
3925,-88.31268660430312,-280.7108641935206,-494.5868312721127,-727.8142364790854,65.41666666666667
3926,-88.68366633773464,-282.6079345930905,-494.78016756465627,-728.0377210035156,65.43333333333334
3927,-88.43197163543606,-282.0169125695325,-497.45440167442564,-728.6059492670995,65.45
3928,-89.50391678875957,-283.2976701566081,-497.3055938167847,-732.3137426932774,65.46666666666667
3929,-89.12794461513475,-283.62678307902365,-498.7457491585514,-731.7334011539986,65.48333333333333
3930,-88.85545985646421,-283.1110011652777,-500.0448222663165,-734.0536623131277,65.5
3931,-89.19855835463147,-286.66146768991746,-501.1452347934847,-734.6142833625502,65.51666666666667
3932,-89.58602485513656,-285.1279276520756,-499.7432408958184,-733.8522685507365,65.53333333333333
3933,-90.11008791759616,-285.52264524352563,-502.36153336457306,-738.262763646888,65.55
3934,-89.4685189391096,-286.8284149628432,-502.33299916314525,-737.6705997420642,65.56666666666666
3935,-90.00264247301838,-286.68483275415116,-503.74117559534784,-738.9866433880288,65.58333333333333
3936,-89.91356695417856,-287.73765228844684,-504.96085399038475,-741.348480689319,65.6
3937,-90.52909659515781,-287.3397268098199,-502.69446090370894,-740.8804047514487,65.61666666666666
3938,-90.49174118089955,-286.86869705119693,-506.5916183885944,-741.5824295562064,65.63333333333334
3939,-90.76155375054046,-287.8686717841911,-504.7998608155191,-744.5215538295271,65.65
3940,-90.33052712216306,-288.9704892096222,-507.6207219117804,-745.4992169300427,65.66666666666667
3941,-90.35320437264099,-289.1987724059305,-506.08551931299,-744.602074252749,65.68333333333334
3942,-90.84802309679874,-289.5039520276738,-508.5242000182803,-745.7789027143812,65.7
3943,-90.68289868095732,-290.5811708235253,-508.5164809937397,-748.1452517467467,65.71666666666667
3944,-91.5743479929098,-290.2135331538146,-510.4845687209774,-749.0790487824186,65.73333333333333
3945,-91.30519460800141,-290.2386624840605,-510.6971476608701,-749.2122327939453,65.75
3946,-91.66729030102809,-291.15695855864396,-510.0067295289603,-752.3661817293121,65.76666666666667
3947,-91.83929202350407,-290.7120015382873,-512.4775225247473,-752.1928861987104,65.78333333333333
3948,-91.33735508630122,-291.00556850898056,-510.8810793217858,-751.533920551682,65.8
3949,-91.89511614618942,-290.6677536874555,-514.6016997220845,-751.7907247760502,65.81666666666666
3950,-91.4964469234876,-292.2003367359063,-513.5365175880148,-753.0991151335477,65.83333333333333
3951,-92.16455102339981,-293.0118987675141,-513.0351142584954,-754.7173413864552,65.85
3952,-91.62285335409241,-292.9890733479552,-517.0174856923746,-755.8013179529077,65.86666666666666
3953,-92.43452392022655,-293.91063727224264,-514.106664139296,-756.8319012937216,65.88333333333334
3954,-92.38462422608276,-293.8704519189213,-516.491295681407,-755.1613023050812,65.9
3955,-92.30247910144978,-291.6977082066476,-515.0410125497168,-756.7826153020551,65.91666666666667
3956,-92.42172742862158,-293.88840179884596,-517.3073216743793,-760.8780441306337,65.93333333333334
3957,-91.30983293385813,-293.6786882068013,-516.1119654429494,-757.5303571542365,65.95
3958,-91.92361042657186,-294.6441059476215,-517.6041118208216,-759.8936993015288,65.96666666666667
3959,-92.37034817164674,-292.7794780384889,-517.3646964500268,-760.399696490871,65.98333333333333
3960,-92.30723054790037,-294.64808282994676,-518.9354732103479,-759.4916050447465,66.0
3961,-93.02746318885895,-295.9753820810706,-519.4441870996801,-761.619008929097,66.01666666666667
3962,-92.78264033811695,-294.35004447527825,-518.1571386725595,-762.8794370205042,66.03333333333333
3963,-92.37887696479844,-295.99476961630006,-519.1994003071263,-765.355257726807,66.05
3964,-92.70732995899854,-296.5637672788767,-521.7565808942566,-762.892860925486,66.06666666666666
3965,-92.63397287913917,-295.00581621120773,-521.5949094376648,-764.3230455258034,66.08333333333333
3966,-93.01297300840213,-296.92040950458204,-522.0169116584317,-765.9710588221529,66.1
3967,-92.90542628143542,-295.39998917436276,-520.0238103309822,-765.831247752027,66.11666666666666
3968,-93.03867202423068,-297.01393724777733,-521.5368607592962,-765.5917457673658,66.13333333333334
3969,-92.88955678984402,-296.9993939552228,-523.5447426707894,-765.657444909712,66.15
3970,-93.38337004541359,-297.7882677602369,-522.8880373481587,-767.9823305743516,66.16666666666667
3971,-93.97749501260235,-298.1243542343207,-521.8729172184849,-768.2597498707987,66.18333333333334
3972,-93.28500732077218,-297.3678739020143,-522.6416467716393,-768.2634728774328,66.2
3973,-93.60725986937966,-296.9112847780872,-523.971977695739,-768.6825390622664,66.21666666666667
3974,-93.44048278620272,-298.76372281006417,-524.5014610017425,-768.7426820248924,66.23333333333333
3975,-93.37584306372244,-298.92901970189337,-524.1259749397614,-769.70276168898,66.25
3976,-94.08955884138065,-298.1312206861179,-524.7193380184714,-769.0189303125181,66.26666666666667
3977,-94.00710276231727,-299.3133072045003,-525.1964495955316,-771.9017314342786,66.28333333333333
3978,-93.76032548884267,-299.46200010743513,-525.1372474365074,-770.1523136086889,66.3
3979,-94.06890311435504,-299.27124597220956,-524.9814338390204,-771.9333691771812,66.31666666666666
3980,-93.03417874218577,-298.85270772759685,-524.5896504192426,-772.7774864688402,66.33333333333333
3981,-93.7837065374557,-299.82682639204273,-526.0250099670942,-772.1770772531477,66.35
3982,-93.78676753877549,-298.74323342222,-526.1977867008383,-775.3406384477258,66.36666666666666
3983,-94.94796833673921,-299.1109684966704,-527.9901482380843,-773.2381165672696,66.38333333333334
3984,-94.2020018167959,-301.00179940548196,-526.6195707272442,-772.347831983378,66.4
3985,-93.73780980595902,-300.190699090622,-526.6447370455298,-773.9809224934004,66.41666666666667
3986,-94.67931563376057,-301.215247900684,-526.2252459051392,-774.5906821494926,66.43333333333334
3987,-94.38444739236473,-299.71574569673373,-527.496741169786,-775.5886919517228,66.45
3988,-94.30544093079857,-302.04519856934905,-528.4300945816756,-773.5395007042653,66.46666666666667
3989,-94.3516229897956,-301.35768320895727,-527.1659365931754,-777.2176426440411,66.48333333333333
3990,-94.20946788020206,-300.52007598659515,-529.0099937024639,-777.2356782790922,66.5
3991,-94.36865474075601,-300.66438321407315,-528.6087286454061,-774.5498401159391,66.51666666666667
3992,-94.80530252836269,-301.4434246873847,-528.6676008465661,-775.3546547029147,66.53333333333333
3993,-94.26090120654098,-301.7045288399954,-530.2970919351174,-777.5811187434355,66.55
3994,-94.67230020864474,-301.93022569530865,-531.1634623635423,-776.7595418335973,66.56666666666666
3995,-94.29819468986454,-300.990288313983,-529.651661658849,-777.5304472628167,66.58333333333333
3996,-94.77004094467658,-299.4782388239765,-530.4768194249214,-779.0034928893604,66.6
3997,-94.85587671024378,-301.7008713492825,-530.4534716321087,-778.8184431925426,66.61666666666666
3998,-94.25586867187093,-302.3543238653606,-530.4969446505409,-778.2386854122803,66.63333333333334
3999,-93.89726674562937,-301.09819934842017,-532.3884314822435,-778.4164249604673,66.65
4000,-94.5285170056557,-301.0257200947623,-531.3224755719918,-778.2349410701663,66.66666666666667
4001,-94.54431598397515,-302.16368257029643,-531.4777501637727,-780.6468134836678,66.68333333333334
4002,-95.01199168601308,-303.9625752079763,-531.2913886217588,-779.7942127050403,66.7
4003,-94.56857110156315,-302.9071087884771,-532.0307968030033,-779.2832092459413,66.71666666666667
4004,-94.75808979867146,-302.4172959132662,-532.0000225229801,-779.5092961055049,66.73333333333333
4005,-94.34396949811519,-302.9691290663435,-532.0739349881237,-781.384610784594,66.75
4006,-94.42314180653906,-303.60380465212637,-531.5696458189551,-781.8423796710966,66.76666666666667
4007,-94.86780764716019,-302.9840884300106,-531.8025650269999,-780.5756046055646,66.78333333333333
4008,-94.27732205486063,-302.2772672550831,-532.4635548973636,-781.241494315408,66.8
4009,-95.39018046542228,-302.89245204672306,-534.1965757370388,-781.5145780605136,66.81666666666666
4010,-94.99764778930817,-302.3190035331318,-534.2692565412857,-783.1690326446591,66.83333333333333
4011,-95.09659137089868,-302.5114346179507,-532.9181464270471,-782.6488426082528,66.85
4012,-95.6872091734899,-302.3445609263519,-533.2793853700949,-782.3361646972343,66.86666666666666
4013,-94.89879852418181,-304.32318493092106,-534.0871682325354,-781.3129007900251,66.88333333333334
4014,-94.98130318550523,-302.84005695782145,-532.3841220944654,-783.8009343828846,66.9
4015,-95.09783708232062,-304.61258453751276,-532.4023663573582,-782.3094434179135,66.91666666666667
4016,-95.75142797090501,-304.1159871637692,-535.1919930177421,-784.0072152242785,66.93333333333334
4017,-95.55414414049841,-303.24440466965814,-532.6554265036805,-785.9896522815185,66.95
4018,-95.80673140592319,-303.07021329822663,-533.1151250833954,-784.5260982494328,66.96666666666667
4019,-95.69258368479746,-302.88295517136527,-534.6072154937158,-783.5476766524068,66.98333333333333
4020,-95.02252018849535,-304.2449635113793,-534.4598194614097,-786.7644317984668,67.0
4021,-95.47156206414041,-303.2759954992994,-534.4256326211392,-784.6292092046191,67.01666666666667
4022,-95.37691342428172,-305.228256366743,-534.2672189134302,-784.6942672285466,67.03333333333333
4023,-95.4045119319036,-303.414303835904,-535.1656437429308,-784.1800209919911,67.05
4024,-95.8236509564248,-303.90883735511056,-533.7920199946196,-785.959291949403,67.06666666666666
4025,-95.26927000275695,-304.06545902854253,-535.7986397930529,-786.4208553539411,67.08333333333333
4026,-96.33714193048884,-304.4496920333477,-534.9614563537353,-785.8403760156885,67.1
4027,-95.70523650048374,-304.22036476284416,-535.4618702636449,-787.2405740804984,67.11666666666666
4028,-95.71432229951878,-304.3461896131927,-535.0814842588683,-786.6251594703606,67.13333333333334
4029,-96.13004240847047,-304.1173562941715,-535.534601233061,-784.642851691797,67.15
4030,-95.75604400462423,-304.7121549161653,-536.7245523641936,-785.0240902372564,67.16666666666667
4031,-95.02287762203855,-305.3858335907232,-535.6622964045363,-785.8640249403455,67.18333333333334
4032,-95.47792650469545,-304.69424114757874,-534.553445968419,-788.3613192424422,67.2
4033,-96.12167561444751,-305.1843766742262,-535.4528030645878,-787.4976897280931,67.21666666666667
4034,-95.80655544660385,-304.46363091113517,-534.9728735651047,-787.2497294010261,67.23333333333333
4035,-96.12430237487126,-304.3834967639752,-534.9725433925635,-786.5508591492329,67.25
4036,-96.14019455160495,-304.7502173249072,-535.0158461410202,-786.4874812385319,67.26666666666667
4037,-95.43336634572228,-304.5158326530452,-534.8843806331249,-786.7039758811492,67.28333333333333
4038,-95.83589667208093,-305.08154975589224,-535.758225865344,-787.0892294161827,67.3
4039,-96.05054685580077,-305.9760243832842,-535.5441450814347,-789.7315281332433,67.31666666666666
4040,-95.62509086246904,-304.073598696527,-537.0222527183889,-788.434380933816,67.33333333333333
4041,-95.73529658208798,-304.82256021714886,-536.5632702652791,-788.7192315498081,67.35
4042,-95.39713247648815,-305.6217762546483,-536.8678443985091,-788.6260365786795,67.36666666666666
4043,-95.4240105180993,-305.2313899086297,-536.140148882736,-788.3897867858693,67.38333333333334
4044,-95.69147310233913,-305.05515616167094,-535.8692779383089,-788.1147393122185,67.4
4045,-96.71933850388584,-304.5627248538681,-537.3474290615678,-789.0672901393938,67.41666666666667
4046,-95.92701444652626,-306.7785498591975,-536.9403783316621,-789.1592423524804,67.43333333333334
4047,-95.68019306198352,-304.9723241359917,-537.6847222112478,-789.5296229683925,67.45
4048,-95.79543082692811,-305.8565649674947,-536.7218728762482,-789.59355670062,67.46666666666667
4049,-95.79682192069758,-306.5036869087261,-537.2441863528097,-787.1072091485682,67.48333333333333
4050,-95.95853651717727,-306.3128899000434,-537.885200272274,-790.7504428447,67.5
4051,-96.23190175134921,-305.6537131262536,-536.1524577093711,-790.7684546343975,67.51666666666667
4052,-95.3520110214792,-306.8138441972831,-538.5584506908191,-788.5025058383374,67.53333333333333
4053,-95.5372202178418,-305.86273099392673,-537.2718235308317,-788.3088477363233,67.55
4054,-95.88103493020662,-305.58714354200157,-538.1334050517019,-790.4287543581258,67.56666666666666
4055,-95.48259912130015,-307.43964094482976,-537.306703683554,-790.6026618453756,67.58333333333333
4056,-96.24146428847757,-305.34780221554763,-537.0963320932653,-788.7095348209515,67.6
4057,-96.92594495094124,-306.04214290239867,-539.1626941893535,-789.2870719475238,67.61666666666666
4058,-96.34721029690401,-305.26092865266645,-537.1331537362372,-789.6010724120318,67.63333333333334
4059,-96.34838630336341,-305.7361708996877,-537.5860156518935,-788.7882710133445,67.65
4060,-95.84434051642779,-306.54077563310943,-537.44402697558,-790.0554743239544,67.66666666666667
4061,-96.44959529242044,-305.7345668370789,-538.7880006841742,-789.9304566365105,67.68333333333334
4062,-96.4594370342305,-305.9445631355019,-539.5302016873645,-790.9105383187256,67.7
4063,-96.41249576019524,-306.6909985578779,-538.4121713899582,-791.0315010093839,67.71666666666667
4064,-96.2324811891657,-305.8245359328601,-538.8784000172345,-791.009735331416,67.73333333333333
4065,-96.26644762838438,-304.325697655334,-539.7270409386475,-789.9387588681092,67.75
4066,-96.34488033360829,-305.2666440735166,-536.3607894278048,-790.4078220873018,67.76666666666667
4067,-95.89954069329762,-306.9977388951337,-537.9581856066897,-789.903516294239,67.78333333333333
4068,-96.46517115715547,-307.4797065599219,-538.2728367958982,-790.3861268263016,67.8
4069,-95.97410673007613,-307.1249000158004,-539.3245602594172,-790.9247635880746,67.81666666666666
4070,-96.3871961351335,-306.67187304328263,-536.6709295625635,-791.8346346244749,67.83333333333333
4071,-95.96120351114448,-304.8250133330402,-538.8282600403052,-789.1702207952978,67.85
4072,-95.35629453975544,-306.7031089355212,-536.8892107626373,-790.1164818617835,67.86666666666666
4073,-95.38985938446534,-305.9758307768491,-539.3844826952565,-792.8379061970946,67.88333333333334
4074,-96.46617971643248,-306.83546879745325,-538.0845212401015,-791.3635651760604,67.9
4075,-96.33106293900889,-305.8055872044785,-538.3811442008362,-791.5890532002951,67.91666666666667
4076,-95.76917373958368,-306.2213678018458,-537.4954185856205,-791.1008276573549,67.93333333333334
4077,-96.67490546219626,-306.5174909892575,-538.3398574673791,-792.0705012203061,67.95
4078,-95.68100776258687,-306.7575599502328,-539.1563581335092,-791.3811475426157,67.96666666666667
4079,-96.82894329840238,-307.85739551914077,-539.034485035783,-792.2354693826685,67.98333333333333
4080,-95.34868518387032,-306.02624015663747,-539.6473942873122,-792.0380864680649,68.0
4081,-97.02119635825274,-307.77356933097303,-538.7742034992209,-793.1303963543013,68.01666666666667
4082,-96.35813418970166,-306.0744674774258,-539.5586929704676,-791.7632376013546,68.03333333333333
4083,-96.42935638604457,-307.5015304488421,-537.8517028445294,-794.1831818393989,68.05
4084,-95.9824843668053,-307.62117183587253,-537.3114142847759,-790.9321584198286,68.06666666666666
4085,-96.8697061614751,-305.9732379224352,-540.2591000181772,-791.146584621675,68.08333333333333
4086,-97.10022093417174,-306.8282198904138,-539.2162126958618,-792.7493353432058,68.1
4087,-96.67348953060734,-307.23711067201623,-539.5353288393396,-792.261390590174,68.11666666666666
4088,-96.89372193464348,-307.57614921576993,-539.5447663647252,-791.1600819048834,68.13333333333334
4089,-96.2374749148198,-306.80076034305256,-539.7500610896321,-792.8323884054612,68.15
4090,-95.36967181763377,-306.8831481558411,-538.5959064497224,-791.8963401632699,68.16666666666667
4091,-96.40083348111163,-307.56778613506526,-539.0620822478595,-790.0600709182136,68.18333333333334
4092,-96.1708827313234,-307.6840156365623,-539.2466856864053,-792.4097552081932,68.2
4093,-95.71667280587886,-307.172280129092,-539.5367418581034,-792.8668056109786,68.21666666666667
4094,-96.57523471721026,-307.8801693146541,-537.9478649229268,-792.7335314104171,68.23333333333333
4095,-96.15222887187606,-306.7368340408046,-538.603425502381,-792.8541788081689,68.25
4096,-96.51003650797135,-305.8053063699927,-538.7664932056848,-792.2078333445302,68.26666666666667
4097,-97.08647731352133,-307.0124863077219,-538.7247269302159,-791.6931915309057,68.28333333333333
4098,-96.19228530523347,-307.576930890103,-539.2448548696772,-791.5201767086879,68.3
4099,-96.34739544466046,-307.3912830216175,-539.7002234584495,-793.2660289709534,68.31666666666666
4100,-96.30197836788734,-307.73774968884857,-540.0916293076077,-791.1421517036413,68.33333333333333
4101,-96.14416464863976,-306.27770306870116,-540.3879646941591,-792.6999824549393,68.35
4102,-97.29520170450826,-307.08146109001666,-538.6533781311717,-791.5660090136003,68.36666666666666
4103,-96.59768253194538,-307.7560670341714,-540.4333194192593,-793.2757331969465,68.38333333333334
4104,-95.93795421028412,-305.89159069401967,-540.0501545249568,-790.1801471658097,68.4
4105,-95.61117667763908,-307.00242239752924,-538.3600440730874,-794.7699701333315,68.41666666666667
4106,-96.43103057105877,-306.8679315470118,-539.4419154716837,-791.852245942896,68.43333333333334
4107,-96.77909524350828,-307.2541214767939,-539.9985284793192,-792.4066741126975,68.45
4108,-96.62359845192297,-308.03083329119994,-541.0806030246479,-793.0688292321023,68.46666666666667
4109,-96.66206499659596,-308.7978408083373,-539.1658116440316,-793.1591628969908,68.48333333333333
4110,-96.94763652490606,-306.91156904683305,-540.9228817066564,-793.4525050272944,68.5
4111,-96.10768513611731,-307.48804092137453,-537.0759672232491,-794.6988522102228,68.51666666666667
4112,-96.73334025082961,-307.11666749911024,-540.3493327802762,-792.1174680004453,68.53333333333333
4113,-95.94785271455734,-307.2462052931384,-538.6986030037689,-792.8148497054233,68.55
4114,-96.63757060502292,-306.5810968893087,-540.0508793564039,-793.4196650250389,68.56666666666666
4115,-96.50995693470226,-307.8825323529309,-538.8063303290853,-793.798685002135,68.58333333333333
4116,-96.02159392231644,-307.5424963895616,-539.9736214872958,-792.6985725031253,68.6
4117,-96.45743053232934,-308.2248481390558,-540.8008793826693,-792.1309138312123,68.61666666666666
4118,-95.85550065303786,-306.5104078101701,-543.299801869786,-791.4667751222623,68.63333333333334
4119,-96.55765442372343,-307.6360805224892,-540.6317034389424,-794.7051301920307,68.65
4120,-96.89195213669235,-307.06668892981156,-540.2546759348297,-792.5413752707193,68.66666666666667
4121,-96.53261425560204,-306.8937736108139,-540.1152184572284,-792.7561960791381,68.68333333333334
4122,-96.65972737756225,-308.2582871034978,-539.6576592751974,-794.0186090283823,68.7
4123,-97.17721082408315,-306.93664268320623,-540.2416213008868,-794.1072995000652,68.71666666666667
4124,-97.07312777915257,-307.78915850452773,-540.6699178863746,-791.1596063226108,68.73333333333333
4125,-96.94836780437379,-307.4362603474713,-539.8756472907162,-794.4642313916177,68.75
4126,-96.4872655835204,-306.33091116956354,-540.7849102525777,-794.3205804842603,68.76666666666667
4127,-95.52962929323662,-306.4394992199346,-540.539865650946,-793.6182157881584,68.78333333333333
4128,-96.61924595651367,-307.29789471147575,-540.9507203119558,-790.8869453712538,68.8
4129,-96.3195087243349,-306.53909298425435,-541.0515779059645,-795.120333756409,68.81666666666666
4130,-97.23544202214966,-307.35261576221205,-539.0923189847204,-793.356621232201,68.83333333333333
4131,-96.7278157912603,-307.8140031531568,-540.183712752805,-792.9596920561828,68.85
4132,-96.4151236963885,-307.3109034485522,-539.1740485346157,-794.9351863957995,68.86666666666666
4133,-96.01584608771238,-307.1813285233582,-540.1968140934065,-793.4985530696032,68.88333333333334
4134,-96.95102087158583,-307.94541757904176,-540.4494288091857,-792.5709768879851,68.9
4135,-96.62066743782128,-308.25415720989315,-540.7962331594856,-794.1019371151131,68.91666666666667
4136,-96.99145527233252,-307.4067066349159,-541.0026085630557,-795.0624655519852,68.93333333333334
4137,-96.29778379935752,-307.1755637080345,-542.6707957724393,-792.6020455085634,68.95
4138,-96.54995718366717,-308.4428396376855,-539.4351838082368,-793.5459475321228,68.96666666666667
4139,-97.21401770075909,-308.42912870787904,-541.0675480514153,-794.6847171276592,68.98333333333333
4140,-96.37554804136144,-308.079276241023,-540.2687331966746,-794.4671805533588,69.0
4141,-96.73165142329535,-306.72780291003255,-540.1642259232412,-792.9263824139318,69.01666666666667
4142,-96.30798290226329,-307.7124228261617,-541.8325970640699,-791.9659132429314,69.03333333333333
4143,-96.48282104414142,-306.9308766594635,-541.1518754207397,-794.5505319014117,69.05
4144,-97.0130724475142,-308.0804428832918,-538.9015735156657,-794.1382710031752,69.06666666666666
4145,-96.34408431917214,-309.25271992978793,-540.711702480702,-794.1907168914474,69.08333333333333
4146,-96.3843390009667,-307.06859662146076,-540.9098228865291,-793.5553637697569,69.1
4147,-96.91185318382841,-306.94991660002523,-540.5777085699092,-794.8632239062528,69.11666666666666
4148,-96.36921627280788,-306.7397732939157,-539.2137813252168,-793.1463015589329,69.13333333333334
4149,-96.5762076166015,-307.6355175782605,-540.2964862707972,-794.139698445862,69.15
4150,-96.44116953381217,-308.2530143988347,-539.9058437180839,-792.2951150754973,69.16666666666667
4151,-96.17476193035807,-308.0223180455538,-540.2230847286309,-793.7846179530767,69.18333333333334
4152,-96.2244089034486,-307.49277894229215,-540.106093422233,-791.6100591517202,69.2
4153,-96.39615363732892,-306.95288565257795,-542.3168759375648,-794.1977418597455,69.21666666666667
4154,-96.31205880908428,-307.7468124688411,-540.9722023471693,-793.7914175986504,69.23333333333333
4155,-96.13973037480474,-307.37680895240317,-539.8464090648207,-793.5847314783475,69.25
4156,-96.6900796467153,-308.81475874761367,-542.8158257681775,-793.9550735236154,69.26666666666667
4157,-97.07984933300425,-306.7958909394767,-539.0820415343151,-793.1026938493709,69.28333333333333
4158,-96.27848150186028,-307.4001594570276,-539.5989149292709,-792.588700521514,69.3
4159,-95.96011883941502,-307.54631445288015,-539.7918741551645,-796.367792584446,69.31666666666666
4160,-96.58246503216779,-307.95059117250895,-541.1131843160986,-794.6334092845788,69.33333333333333
4161,-96.84834371949661,-306.93931598488757,-539.2347758908195,-793.5071026354552,69.35
4162,-96.17477295327846,-307.7898400641229,-540.2138768633554,-794.1631887585315,69.36666666666666
4163,-96.90935368481227,-307.66189079043784,-542.5245512952376,-794.4553210783578,69.38333333333334
4164,-96.46638784887693,-308.11725420966263,-538.4014934361012,-792.1474625269256,69.4
4165,-96.43965415586027,-307.66742470666236,-540.2966027291648,-794.4837999952989,69.41666666666667
4166,-96.28422627432228,-307.2176363965871,-539.7362556341149,-794.2923920513157,69.43333333333334
4167,-96.39189980560637,-307.1871509485668,-540.8936765094056,-792.3555895185906,69.45
4168,-96.74629334941481,-306.5324892053676,-542.094099618368,-792.3936905118841,69.46666666666667
4169,-96.49715087033523,-306.75481883937624,-539.470730480456,-793.0102791753039,69.48333333333333
4170,-96.63796312663389,-307.862512885921,-539.8186955471273,-796.7645344458258,69.5
4171,-96.47776857691491,-307.0126659640622,-540.6946971057516,-794.4010842997113,69.51666666666667
4172,-96.52618926385374,-308.47817024465,-540.7052109985176,-794.5893650217535,69.53333333333333
4173,-97.02371572395501,-309.0750947438444,-540.0309692330652,-795.1527579366957,69.55
4174,-96.44050887084583,-306.01158076933285,-540.3717871988651,-794.6727364686768,69.56666666666666
4175,-96.41151113039628,-307.0490863365314,-542.1210839867957,-793.9991539576483,69.58333333333333
4176,-96.75061374721088,-308.23211553306135,-539.9696440234441,-795.7561057481093,69.6
4177,-97.28054031758981,-308.15660287479363,-541.2269763691247,-792.4142808944096,69.61666666666666
4178,-96.34521591715166,-308.1676844279938,-541.7709753880241,-795.8804536311231,69.63333333333334
4179,-96.24149850928,-308.04166923506676,-541.2300006403163,-793.0587912317965,69.65
4180,-96.70104136008393,-309.34042956758145,-540.5234542293592,-795.2392126228161,69.66666666666667
4181,-96.32568113720059,-307.7951835648294,-541.9596564090729,-793.8444235229139,69.68333333333334
4182,-96.54216061207532,-308.8838973182891,-540.6497038493823,-795.5868784223744,69.7
4183,-96.72210072100228,-307.19999772985983,-540.0837710744222,-793.6167008505995,69.71666666666667
4184,-96.81001572199607,-307.44238827470303,-541.5199693758128,-794.9346210914935,69.73333333333333
4185,-96.4392663940666,-308.0131441665066,-539.7019511650567,-794.2467203362585,69.75
4186,-97.15898516987274,-306.9500883554573,-541.2016541757462,-794.9954598114524,69.76666666666667
4187,-96.40983325958112,-307.4744396061654,-542.1876788380672,-795.2971142902328,69.78333333333333
4188,-96.81382393424515,-307.08418437771417,-540.6799090305076,-794.6309608104793,69.8
4189,-96.64575504921136,-307.4348263423047,-539.6785239525636,-794.6911337105195,69.81666666666666
4190,-96.73110965696841,-306.61738474402625,-540.885659628867,-793.0694852246589,69.83333333333333
4191,-96.46062277901396,-307.9501738545269,-539.9588217810854,-795.2847687740405,69.85
4192,-96.73420214191526,-305.97110609461186,-539.5849868540145,-794.7937340231703,69.86666666666666
4193,-96.40533216147129,-308.31131814810936,-541.9714059833713,-795.1547313317338,69.88333333333334
4194,-96.85236988438928,-308.0918737830291,-543.4199253333798,-795.4600959730326,69.9
4195,-96.87629662248838,-308.02965233204964,-540.8351492191144,-794.1045423044004,69.91666666666667
4196,-95.77546062901871,-308.7042238228529,-542.094385445921,-796.1619241832369,69.93333333333334
4197,-96.51095264462121,-308.1459394997876,-541.1308166714628,-795.5271004033737,69.95
4198,-96.60089849972674,-308.152550096343,-540.914776057997,-794.9478871822179,69.96666666666667
4199,-96.3488390729779,-308.71165824119595,-542.4173833188628,-794.2270328416573,69.98333333333333
4200,-96.58170096055063,-309.04915262742537,-543.0087008456469,-794.3792341837019,70.0
4201,-95.62782702945177,-307.32657333801444,-539.6290612882326,-791.4647907055763,70.01666666666667
4202,-95.37402913949471,-307.81308788700153,-539.5235788004574,-789.7764885944065,70.03333333333333
4203,-95.75718059399502,-306.2079502289533,-537.2802755544395,-786.9061136687895,70.05
4204,-95.90557418244784,-305.33140323556717,-537.7556772880903,-786.159140219097,70.06666666666666
4205,-94.40738432461939,-303.947521803802,-533.9317217804701,-783.2049982645103,70.08333333333333
4206,-94.9301348284654,-304.286701036016,-534.6507028340934,-781.5695210692122,70.1
4207,-94.87270062955808,-303.54228001586176,-531.0239183759721,-779.8804006516257,70.11666666666666
4208,-93.66195463099191,-301.72870635663253,-531.7495273460554,-776.9941270610927,70.13333333333334
4209,-93.92991724859931,-301.4782993137248,-529.4578316478484,-774.4911336520505,70.15
4210,-94.11278333505697,-300.0993499991193,-528.9648991293758,-774.342640551264,70.16666666666667
4211,-94.29786315190245,-301.30849852168933,-525.9764596204363,-770.9873431288694,70.18333333333334
4212,-93.67630966086537,-298.5724651752747,-524.287392874853,-767.6122722505219,70.2
4213,-93.52927854990367,-299.58372004582014,-524.1974233233856,-767.1111650177751,70.21666666666667
4214,-93.38654488873148,-297.7260825710212,-521.804445265989,-763.8806622587348,70.23333333333333
4215,-93.14219949094044,-297.3836806848337,-520.560833300646,-764.6699652425795,70.25
4216,-92.60191725148263,-297.39717952998865,-520.2570660133746,-763.2924700781965,70.26666666666667
4217,-92.51365916102479,-295.0592283217722,-521.0832789598696,-761.3766018864952,70.28333333333333
4218,-91.53775267873263,-295.8209484434078,-518.7870348617669,-759.2107046533739,70.3
4219,-92.31522151201425,-295.18587248595213,-517.8484417533828,-758.7654488845172,70.31666666666666
4220,-91.57002476559421,-293.7548423589963,-517.9135982058351,-757.2895510558966,70.33333333333333
4221,-92.06404250765664,-293.46831185362214,-515.835258238602,-755.0774958869803,70.35
4222,-92.06921175856434,-292.8605742034776,-515.5718773328382,-753.6928414371279,70.36666666666666
4223,-92.05829406181674,-291.55430201686033,-513.8322609838028,-751.8808387506756,70.38333333333334
4224,-91.3789677790515,-291.81481750657605,-512.6031888421844,-751.1702389934742,70.4
4225,-91.20625282736168,-291.03543742732273,-511.915699297605,-751.9625128668471,70.41666666666667
4226,-91.23178410520508,-290.8195318743413,-510.43322609036267,-748.3826747853045,70.43333333333334
4227,-91.21671876268043,-290.413155364012,-510.95475206062446,-748.727142460102,70.45
4228,-90.85234540066367,-289.3542092601574,-508.9956188768908,-746.5340041293555,70.46666666666667
4229,-90.25295162265999,-288.99940969849837,-508.6690910577211,-744.3676618612972,70.48333333333333
4230,-90.06141322063404,-287.9119717281224,-507.0730779699266,-743.2760339471673,70.5
4231,-89.9773013936463,-288.56867135701214,-508.5404913380215,-744.3871896706154,70.51666666666667
4232,-90.62490339648373,-288.0428888784656,-505.4612265584045,-743.4420849611848,70.53333333333333
4233,-90.26963256617795,-287.1534094709504,-506.094167714527,-741.9952753129476,70.55
4234,-89.67197344957302,-287.4330507941424,-503.92882214625513,-740.4697393364947,70.56666666666666
4235,-89.7125217717053,-286.904358119236,-504.23116916077703,-739.0924314488002,70.58333333333333
4236,-90.08343627514745,-287.2569486979339,-502.42418103859416,-736.1014592237657,70.6
4237,-89.82227171478327,-286.99009833727877,-502.903668442368,-738.5189714334739,70.61666666666666
4238,-89.10959545438763,-286.223331031355,-501.6184147845563,-736.7562129424113,70.63333333333334
4239,-89.13878482628373,-285.56252524294734,-502.29038629378044,-735.6880591904487,70.65
4240,-89.48688996421875,-284.47188402614404,-500.5628593699199,-734.2840298799796,70.66666666666667
4241,-88.19446357849542,-284.79151521818903,-500.8397882023332,-733.3872735321144,70.68333333333334
4242,-89.05969754748213,-285.0452137255636,-501.3070010660255,-733.4067392471677,70.7
4243,-89.19750123567225,-283.34566913496894,-499.93053272530074,-732.2000668881147,70.71666666666667
4244,-88.30758895201136,-283.7094854455695,-499.40687390369106,-731.7073419620848,70.73333333333333
4245,-88.53698016747624,-284.71481619981495,-498.2209014527523,-731.9321773165759,70.75
4246,-89.320099403763,-283.6906470299115,-499.2057861596746,-730.7737881498089,70.76666666666667
4247,-88.31265905015512,-283.28248744981653,-499.2159820388044,-728.8731416937802,70.78333333333333
4248,-88.05006137521664,-283.3954675562692,-496.68019100642607,-728.2639217649704,70.8
4249,-88.57832653954725,-282.4996514640331,-495.2531093494378,-727.1274458588492,70.81666666666666
4250,-88.5198824368875,-282.7918682449598,-494.84925868585435,-727.1085137420592,70.83333333333333
4251,-88.31465714408418,-283.66175740960387,-495.91813505085133,-726.6793306789473,70.85
4252,-88.18425717603522,-282.2456773367042,-493.6376174781018,-725.4159299496678,70.86666666666666
4253,-87.70247037722574,-281.1725867077013,-493.5595637812347,-725.4279400801657,70.88333333333334
4254,-88.36416419542236,-281.0755825734084,-494.3835275338334,-722.4587388253723,70.9
4255,-88.0455868023774,-281.0440514744585,-492.8442367649549,-724.2202097409952,70.91666666666667
4256,-87.82749428951405,-282.4734232258231,-493.4677027940422,-722.616746227795,70.93333333333334
4257,-88.86367155778855,-279.7619184614133,-493.37276247196917,-722.028890013395,70.95
4258,-88.20654847321275,-279.8268452498167,-492.876277430837,-720.415245858176,70.96666666666667
4259,-87.53208203470643,-279.9910043861393,-492.91563667366023,-721.5737665767873,70.98333333333333
4260,-88.06867062539116,-279.0603239658472,-491.46852631371416,-719.3881094171855,71.0
4261,-87.45915919998554,-279.42286025290264,-492.1042364731779,-721.4295083441342,71.01666666666667
4262,-88.2368473226308,-277.87508438300773,-491.06223356091533,-718.6074899502139,71.03333333333333
4263,-87.20808671120443,-279.7373589860706,-490.78949348647035,-719.5601266425532,71.05
4264,-87.28800801509833,-279.9663238811059,-491.4867148946618,-719.0649534692894,71.06666666666666
4265,-87.7186434765342,-277.7572894836622,-489.5603938285852,-718.2783580396372,71.08333333333333
4266,-87.11700488122213,-278.9958400068115,-488.63305747923675,-717.0964229477984,71.1
4267,-86.69590986614854,-278.56682744990593,-488.9570229166117,-716.8563559161393,71.11666666666666
4268,-86.81185773100668,-279.1135560956053,-488.88907255800217,-718.2861699495544,71.13333333333334
4269,-87.499393582697,-279.4914883002808,-487.0701371689778,-718.7675969024427,71.15
4270,-87.18998208712263,-277.17149820588395,-488.53027659155407,-716.4163377966564,71.16666666666667
4271,-86.89737028586272,-277.5000797290746,-488.95501554544717,-715.5046324624916,71.18333333333334
4272,-87.70421525831554,-276.9648883219933,-487.95701460169334,-714.1714423597838,71.2
4273,-86.43043989671413,-277.52754828306485,-486.79102488856836,-714.9613723031089,71.21666666666667
4274,-86.48341347331018,-277.49174309319744,-487.95565287630023,-714.45821142037,71.23333333333333
4275,-86.81248702159147,-278.51565066447597,-487.8494831831389,-713.9539597687052,71.25
4276,-86.46682121606045,-276.9774828597733,-487.72940849402283,-714.0545670523921,71.26666666666667
4277,-86.3430379702212,-277.48503649366165,-487.265836739595,-713.5356546378397,71.28333333333333
4278,-87.18798719278577,-277.8723887984908,-486.8551205152402,-714.6029802585688,71.3
4279,-86.6865279235538,-276.5494269745742,-485.7942044983561,-712.5768241769882,71.31666666666666
4280,-86.40790897218753,-277.1881106722892,-485.3803245454633,-713.1915293836568,71.33333333333333
4281,-86.59088410641765,-276.08768662736554,-486.0079579745954,-709.6213049790097,71.35
4282,-86.91468361771628,-275.4067403586393,-484.4755463975882,-712.2568335395215,71.36666666666666
4283,-86.1220394094255,-275.82706352440846,-484.2100377788525,-711.131334782495,71.38333333333334
4284,-86.33749665454684,-276.11606134224985,-484.4740559284538,-712.7789208194448,71.4
4285,-86.28910660399217,-276.3096720770738,-483.5131244159509,-709.5407983841949,71.41666666666667
4286,-86.42647395129659,-276.3805993073972,-484.06197800620754,-711.6059258636909,71.43333333333334
4287,-87.18558785742995,-274.7972157127259,-485.0240510910437,-711.5790322243413,71.45
4288,-86.45092916065458,-276.02783939966434,-485.17249909796334,-709.6069554979711,71.46666666666667
4289,-86.55345848929646,-275.4920373289581,-483.28729030440957,-709.994422142068,71.48333333333333
4290,-85.99669168749975,-275.2075775539138,-484.2436122069177,-709.5572755122123,71.5
4291,-85.86106390500925,-275.46619525258814,-484.13647856303834,-708.6731712698555,71.51666666666667
4292,-86.93151880910149,-274.89217718365813,-484.5016979862006,-709.7071229339357,71.53333333333333
4293,-86.26261168105358,-275.59220265131023,-482.5898198528095,-709.2846898698116,71.55
4294,-86.27638407360818,-275.9719716622895,-483.6496352624611,-708.2791244338757,71.56666666666666
4295,-87.23491379894965,-274.43145005225887,-483.502314695513,-711.3910978353704,71.58333333333333
4296,-86.16607065377106,-274.6227047482407,-483.26008026176146,-707.2247394200865,71.6
4297,-86.8419733852328,-274.08917585088744,-483.21511591302146,-709.0893780710991,71.61666666666666
4298,-85.81830075277787,-274.5093582598794,-480.28230021127763,-708.8995184897453,71.63333333333334
4299,-86.09243726111663,-274.93582777022914,-482.97901636009146,-708.236426726338,71.65
4300,-86.78527801040865,-274.429895226575,-483.5361208900734,-707.17635444336,71.66666666666667
4301,-86.54912851407944,-273.68222672084914,-481.5562626935035,-706.7417968106377,71.68333333333334
4302,-85.77171126349184,-273.49552919180934,-482.17451324784514,-707.5331108077233,71.7
4303,-85.92490868755976,-274.3981347565379,-482.1963247937879,-706.2834077712706,71.71666666666667
4304,-86.58739193818919,-274.5163610473804,-481.69626787025777,-705.1459046984659,71.73333333333333
4305,-85.59302451890724,-274.8915753950963,-480.8710186500236,-706.9539787773884,71.75
4306,-85.59672103247895,-273.5572595841797,-480.39376815120823,-707.3279122442407,71.76666666666667
4307,-85.50714879506997,-273.6364737981389,-481.4930225689001,-705.8079850101155,71.78333333333333
4308,-86.02364807632843,-273.6520780187445,-481.8586887044699,-706.9489616162712,71.8
4309,-85.4932111792831,-274.2227318223096,-481.37102065175446,-708.2602353737337,71.81666666666666
4310,-85.17382126209539,-273.6393679424181,-480.7133896230114,-706.6145977260508,71.83333333333333
4311,-85.89963778087467,-273.3993728226307,-480.41270925206663,-707.1583018476717,71.85
4312,-85.84107557824875,-272.98663508570297,-480.08149917941313,-705.3106293134168,71.86666666666666
4313,-85.41741785100572,-272.8523375316474,-480.64713404843644,-703.3789344146459,71.88333333333334
4314,-85.26645431004358,-272.72895295640416,-482.36955794403906,-705.1613014116631,71.9
4315,-85.59319703771972,-273.90750584496243,-480.1342406385899,-705.3358059572079,71.91666666666667
4316,-85.81309628517558,-273.1198773941889,-481.0168164591691,-703.6223342633376,71.93333333333334
4317,-85.70708845250263,-273.4878679516222,-479.1190630268121,-702.9473490851002,71.95
4318,-85.63601431852638,-274.0212021485638,-481.6270095562469,-706.1426712768741,71.96666666666667
4319,-85.62015630680186,-273.47749927368676,-480.0828006205236,-704.8607186615836,71.98333333333333
4320,-85.77175966577015,-273.6458721186147,-480.2289392387815,-702.8886348818806,72.0
4321,-85.41044312990168,-272.91160959385934,-480.0850936476404,-704.4484616030486,72.01666666666667
4322,-85.31780046442722,-272.7546497907873,-481.029199488121,-705.1753673892076,72.03333333333333
4323,-85.85288221578271,-272.24400160790333,-481.20462507158874,-703.7168847137523,72.05
4324,-85.74769520768918,-274.09068500519055,-480.10821171568114,-704.487747939585,72.06666666666666
4325,-86.25740649478833,-272.6602939216846,-478.1267220313358,-704.193932935793,72.08333333333333
4326,-85.25370376055913,-272.89909035841424,-479.6193054132923,-703.3815884527496,72.1
4327,-86.35298229499399,-273.8419724948492,-479.7602530818359,-704.1575906072273,72.11666666666666
4328,-86.1118020481987,-272.2115346085995,-479.3025231771154,-703.6163199189428,72.13333333333334
4329,-85.41604343388309,-273.2128048743988,-480.1654772095948,-703.0245036004548,72.15
4330,-85.39966221700584,-273.16394284483204,-480.3125451192377,-702.9241732190105,72.16666666666667
4331,-85.59517508698296,-272.07118224134007,-479.9530702979842,-704.3045499613373,72.18333333333334
4332,-86.08348506455579,-272.14050223985987,-478.5420219198489,-702.9235552520212,72.2
4333,-85.6462786351708,-272.02820242415254,-479.6731266122686,-702.690331394025,72.21666666666667
4334,-85.32992711921885,-272.40302902534575,-479.61602742007113,-703.3081344106794,72.23333333333333
4335,-85.81151946143977,-272.7685660012985,-479.9030576114072,-703.380710516175,72.25
4336,-85.64138221661553,-273.7829787244345,-477.8955060558304,-702.2127699365941,72.26666666666667
4337,-84.93702333804967,-272.35545591308204,-478.01654137218924,-703.5177038863769,72.28333333333333
4338,-85.68151046249743,-272.12123079087985,-479.29566811683935,-702.7204531732534,72.3
4339,-85.36301852155566,-273.2826377779953,-478.7139511252214,-701.8544149330397,72.31666666666666
4340,-84.91326044132053,-271.56210878083624,-478.8421382948144,-703.2061800130656,72.33333333333333
4341,-86.155930609044,-273.01529682273105,-479.51133674559,-703.3491293555516,72.35
4342,-85.49663879262418,-273.11057395136106,-478.7216865020611,-701.9782500744959,72.36666666666666
4343,-85.28376004420309,-271.63943633764086,-478.4636162836444,-701.9064405748832,72.38333333333334
4344,-85.09741002519088,-271.64465245210124,-479.14782040238157,-703.0777823991,72.4
4345,-85.43082518686597,-271.8749571520846,-478.45968379265645,-701.7634092970111,72.41666666666667
4346,-85.57597365936357,-271.9773405788764,-478.56716451692114,-704.0353639633512,72.43333333333334
4347,-85.0859853767828,-272.4310349054915,-477.878564568854,-704.0618194872803,72.45
4348,-85.06645878244899,-272.28009466933963,-478.8805295709871,-701.9141429953655,72.46666666666667
4349,-85.36839446944084,-273.19911788783475,-479.1350337143416,-701.9202810045757,72.48333333333333
4350,-85.70266480782362,-272.2610582300002,-478.72400397966067,-703.4439287618827,72.5
4351,-85.6188960098184,-272.07027252571265,-478.36214660568714,-700.1456936627466,72.51666666666667
4352,-85.51056653266535,-271.57298373293565,-479.26758723904715,-702.7734344395577,72.53333333333333
4353,-85.54070000761446,-272.236323400588,-477.8059198732807,-701.3209720391338,72.55
4354,-85.27476413072648,-272.5067974744226,-476.66370235628534,-701.1813538248506,72.56666666666666
4355,-85.41643515459118,-272.3014174089756,-479.24440696304663,-702.8155676382929,72.58333333333333
4356,-84.83592744024796,-271.46811106420313,-477.6117608694013,-700.6319486220582,72.6
4357,-85.92126912116443,-272.814506847778,-478.1368820162279,-701.3120524668128,72.61666666666666
4358,-85.03282523639791,-271.51936585553557,-478.275689885837,-701.1440401174413,72.63333333333334
4359,-85.4038834149749,-273.198198380149,-477.44153055041204,-700.8133221340674,72.65
4360,-85.3264927872293,-274.22461746050806,-477.276958350106,-701.3023821683475,72.66666666666667
4361,-85.48949563873481,-272.4001129052985,-477.75188225890963,-701.3713278530319,72.68333333333334
4362,-85.6964560925093,-271.52315984011835,-478.3598770785993,-702.4025416411577,72.7
4363,-84.75817881312986,-271.0835326308568,-479.1445070856362,-703.0818622103006,72.71666666666667
4364,-85.4267736692185,-272.2892921874698,-477.6133484944037,-702.2584259015879,72.73333333333333
4365,-84.8473998863695,-272.5511319746727,-478.3340520631947,-701.6984867894334,72.75
4366,-85.61180411013363,-271.96114681002894,-479.0838692507803,-700.8429060014238,72.76666666666667
4367,-85.10681705985623,-271.3548235925373,-478.20309111571373,-700.5081965505475,72.78333333333333
4368,-85.07507189589415,-270.9107647743682,-477.71603877470255,-702.3081019877911,72.8
4369,-85.04092334996349,-272.90249158725004,-478.7886300461638,-701.4581246082587,72.81666666666666
4370,-84.8930663823128,-270.4014547195263,-479.16589690300873,-702.6760832984811,72.83333333333333
4371,-85.60857874374442,-271.0129200577749,-476.9145572567875,-702.0142991775332,72.85
4372,-85.43812223003037,-272.0494021357662,-477.8262575043337,-700.9357944474948,72.86666666666666
4373,-84.79434469576928,-272.8271375192538,-478.55450466398406,-700.5774748819148,72.88333333333334
4374,-85.03551649102859,-272.88230650486975,-477.7643263766928,-702.654901955105,72.9
4375,-85.31425811867902,-271.7769692183607,-479.1094544585968,-702.4514992953794,72.91666666666667
4376,-84.87765457075999,-271.45773953113735,-476.98807742920417,-699.5204081326635,72.93333333333334
4377,-85.29381996758381,-272.16005421624055,-477.96268858972377,-701.2141102120565,72.95
4378,-85.67344748093767,-270.9971319231197,-477.7880304306733,-699.842139163269,72.96666666666667
4379,-85.22599310641084,-271.4649813267129,-477.1082015983943,-701.0029690689261,72.98333333333333
4380,-84.60668246238878,-271.263514617732,-476.70683857292875,-702.4460374524363,73.0
4381,-85.13539720102493,-272.32525610554006,-479.1229729591298,-703.106346146242,73.01666666666667
4382,-85.14805214410565,-272.8615685307838,-477.7107480944185,-705.0578494694485,73.03333333333333
4383,-85.69083715737356,-274.3820780680513,-480.2796677001801,-706.6703044767097,73.05
4384,-86.0205047979388,-276.0278639999824,-482.96722090334634,-706.9191185716707,73.06666666666666
4385,-85.72217889703154,-276.4997824856394,-484.0954933496887,-710.7182515762865,73.08333333333333
4386,-86.6907611692213,-276.5012506731116,-486.18398170978094,-712.6962410271077,73.1
4387,-86.75556353230604,-276.5277948823228,-486.20174477754813,-714.9757926712733,73.11666666666666
4388,-87.59220682634329,-278.719984758819,-488.31735819560174,-718.2563627992789,73.13333333333334
4389,-88.00463736210315,-278.5744637879073,-489.96584291784353,-717.4548797410475,73.15
4390,-87.88200612437859,-278.76494125954787,-491.71692272782445,-720.344365448804,73.16666666666667
4391,-87.53985706467861,-278.95451927830425,-490.2313663139891,-723.4052154784791,73.18333333333334
4392,-88.31554611046982,-280.5690574312473,-492.12815071012017,-724.3975370498382,73.2
4393,-88.23106027169116,-281.04941808729814,-495.18440469337895,-725.6684962979035,73.21666666666667
4394,-88.71407645160606,-281.6459055780709,-495.4028050537375,-728.0255612496461,73.23333333333333
4395,-88.32796787417651,-283.08975821019163,-497.2886535150157,-728.9190016342824,73.25
4396,-89.11715768998306,-283.0662753345944,-496.7704693590176,-730.2793128646119,73.26666666666667
4397,-89.5219926675845,-284.7465168373484,-498.1263478331905,-732.9603021083284,73.28333333333333
4398,-88.81595915211692,-284.644965092028,-498.9016437784689,-734.0464511541315,73.3
4399,-89.51574342886792,-283.30874003625246,-500.5400029471327,-735.9432094793214,73.31666666666666
4400,-89.4055827227424,-286.12538039206976,-500.93325437923096,-736.2710940158136,73.33333333333333
4401,-89.43526732309755,-285.75049162639294,-501.87453462212477,-740.9574642196579,73.35
4402,-89.9189486908613,-286.78074883854,-503.7181046479219,-740.8081069362781,73.36666666666666
4403,-90.02838218323691,-288.32184548830907,-504.7669583926737,-741.4198827377401,73.38333333333334
4404,-89.92500781076261,-287.7485480486532,-505.69843988144083,-741.8374023408988,73.4
4405,-90.56132464994116,-287.4842379028117,-505.3141623805474,-744.015226534896,73.41666666666667
4406,-90.73847398843357,-287.78847564312474,-507.3023233097751,-746.5231397110059,73.43333333333334
4407,-90.75873504596832,-289.2556656897553,-508.1000934794087,-744.8127609770665,73.45
4408,-90.49304128865401,-288.50423382744486,-507.8274976086046,-747.2979942373238,73.46666666666667
4409,-91.12758433877329,-289.65265314560315,-511.24740697238695,-748.3521384523814,73.48333333333333
4410,-90.83158995061306,-290.847616554996,-510.75667700636006,-751.9468763536473,73.5
4411,-91.2562166899717,-291.11776225559123,-512.328204014393,-752.6132067750146,73.51666666666667
4412,-91.66179166928971,-291.1153576269428,-511.9618141858435,-752.5157474572586,73.53333333333333
4413,-92.22259053876354,-292.17353031564227,-513.8025690487225,-754.3511952475263,73.55
4414,-91.79978514483511,-293.2171846476265,-514.1342554439727,-754.771073723083,73.56666666666666
4415,-91.57973087169941,-293.1375550608964,-515.6998612903525,-755.7975614175407,73.58333333333333
4416,-91.38355493941259,-293.13438553325875,-514.6332409098994,-757.0631009858494,73.6
4417,-91.39396062354521,-293.43693814335614,-514.4784029075532,-758.6877123705385,73.61666666666666
4418,-92.31767769353176,-293.6264952586337,-517.1041412566916,-758.5729035427083,73.63333333333334
4419,-92.61884521717128,-292.7553415816395,-516.4939573178966,-758.0358530601505,73.65
4420,-92.34286245711462,-295.4423515250904,-517.2965417850796,-761.1936049913734,73.66666666666667
4421,-92.39599193328408,-295.27828996142455,-519.1756099693041,-762.0390160307156,73.68333333333334
4422,-92.75199643111016,-294.66468592320604,-518.7075430860723,-763.1686054731931,73.7
4423,-93.16633086598141,-294.0492612893948,-519.6595563287137,-763.9272476840896,73.71666666666667
4424,-93.22449101322901,-295.75411972085163,-521.1918740922441,-765.855892068332,73.73333333333333
4425,-92.22821911813635,-295.86763960824624,-522.2823845631009,-767.3798269628846,73.75
4426,-93.43826875960745,-297.450685403559,-522.2727992916273,-766.3715548572201,73.76666666666667
4427,-92.98937754059102,-295.2882799391787,-522.840573923989,-768.5405290218205,73.78333333333333
4428,-93.35943725549261,-297.40281064206266,-523.4268358576985,-769.8376978404499,73.8
4429,-93.51961009738272,-298.1610519685505,-522.7110685722022,-771.0305838379095,73.81666666666666
4430,-92.50056201397395,-298.0965124579876,-524.5201805120325,-769.1362000069855,73.83333333333333
4431,-93.41225644346133,-298.40417887140745,-524.8729366617598,-769.2411397705451,73.85
4432,-93.45158233497737,-300.17968061027887,-524.056673143127,-771.9689581014618,73.86666666666666
4433,-93.84754782453174,-298.8278572967257,-524.9538463332611,-771.8602365403232,73.88333333333334
4434,-93.82518889127485,-300.2909446858637,-526.9069705783005,-773.546686030725,73.9
4435,-93.91069735841499,-299.3648375263642,-527.6382578171919,-774.0459940737948,73.91666666666667
4436,-94.444224181926,-299.4622106310938,-525.9025797896593,-775.7892481890374,73.93333333333334
4437,-94.6551490594386,-299.9031432100055,-528.790706890109,-773.4730314411189,73.95
4438,-93.5321004547478,-299.5637055539655,-529.6498715511354,-775.8534385204408,73.96666666666667
4439,-94.69926522946415,-299.5184798143763,-527.1734903998871,-779.6845185020605,73.98333333333333
4440,-94.20275742161937,-301.0949061117459,-529.0327608269694,-778.4543196543464,74.0
4441,-94.60895323439293,-301.0219997042028,-528.4133670536826,-776.508123893402,74.01666666666667
4442,-94.17104183947652,-301.6097479468149,-529.2580174650126,-777.4582152678006,74.03333333333333
4443,-94.94401673801359,-301.3033917100866,-527.6969350800379,-779.6064726391946,74.05
4444,-93.7618661704663,-301.43730499677406,-532.7183980394894,-780.8905700036103,74.06666666666666
4445,-94.38220219300194,-302.7214681833749,-530.9275777784865,-780.068123520407,74.08333333333333
4446,-95.25968146504934,-302.3002186527121,-531.3211989647468,-780.4303237600615,74.1
4447,-95.16378672422857,-302.7027594989964,-531.9422717066637,-781.8212145224093,74.11666666666666
4448,-95.59192272547863,-303.63581842098415,-531.5072200646654,-781.5756917112577,74.13333333333334
4449,-95.9866413107165,-301.7427715865897,-533.1071709913069,-783.6360155646156,74.15
4450,-94.57941474516888,-301.6195827171717,-533.6884184363774,-784.3456136233108,74.16666666666667
4451,-95.80579965801526,-303.0435197212108,-533.6425983615059,-786.6157486510409,74.18333333333334
4452,-95.80004898086406,-304.11410996418545,-532.947626233743,-785.2508021158513,74.2
4453,-94.95671692433295,-303.88092777331394,-534.3891539048176,-784.9616740861189,74.21666666666667
4454,-95.14893048376655,-303.1791531200537,-534.371519011349,-785.8718188295347,74.23333333333333
4455,-95.35336406032148,-304.1698745106988,-534.4562297375195,-784.5942946521983,74.25
4456,-96.18424306871856,-305.1841345512292,-533.0314864658675,-785.7409041750244,74.26666666666667
4457,-95.95972812743646,-304.26613463671936,-532.7966714380966,-787.9334696823846,74.28333333333333
4458,-95.38980966735387,-303.9809081996043,-535.2966682507666,-787.4407154883138,74.3
4459,-95.49956088350645,-303.604290382831,-535.8962440201408,-788.181329195429,74.31666666666666
4460,-94.94025758134055,-304.4696881050477,-535.7458072859281,-788.6823451809424,74.33333333333333
4461,-95.30342493302928,-305.2644705447636,-536.2903696568837,-788.2500406105851,74.35
4462,-95.94315611421942,-305.34059078755774,-536.8714864430874,-790.2115459002101,74.36666666666666
4463,-95.91943436749374,-306.18618436662337,-536.9023833515563,-788.6718676031031,74.38333333333334
4464,-96.41512102722669,-305.7821008611079,-536.6791695363871,-791.2759320928983,74.4
4465,-95.59576984204759,-306.53172988008697,-537.8760562007426,-791.3680076122052,74.41666666666667
4466,-96.67392716074508,-305.8945290574936,-538.6076321565253,-788.593689669322,74.43333333333334
4467,-96.47950263315738,-306.47739913990546,-537.9969992545348,-790.0006169112298,74.45
4468,-95.86488057289097,-305.3203957082132,-537.6771119309293,-792.7331738749676,74.46666666666667
4469,-95.54653565193502,-307.21909855020465,-539.1236965431578,-791.3099737776566,74.48333333333333
4470,-95.6909682818496,-306.0809067320891,-539.4794305698497,-793.125057452918,74.5
4471,-96.06742023353266,-306.40390292106133,-538.4907456119907,-791.5237110717975,74.51666666666667
4472,-96.78492238882234,-306.48147035461966,-540.3047913378936,-791.9922582523882,74.53333333333333
4473,-96.75952209059068,-308.0327309657825,-538.417817374406,-794.3081327740032,74.55
4474,-96.69746465617224,-307.3002239357737,-539.9818942728866,-793.8716104736857,74.56666666666666
4475,-96.55577869655305,-307.84311235624523,-539.3239546301994,-793.7023693310115,74.58333333333333
4476,-95.85253376046813,-307.351502198288,-541.015506796235,-791.5146580877754,74.6
4477,-96.7518373250922,-307.4039601771352,-539.6983350721067,-794.9956418958529,74.61666666666666
4478,-96.41095250607253,-306.3655736710535,-540.1981306265553,-794.5782955682128,74.63333333333334
4479,-96.55417268318786,-307.5430399068528,-542.05230893476,-794.5980423393345,74.65
4480,-96.96097083795259,-308.0985259514761,-541.1637342166391,-794.6887565880327,74.66666666666667
4481,-97.31441615411676,-307.7662685208279,-541.3384885733425,-794.2473074877325,74.68333333333334
4482,-96.8577610688981,-308.5224875025373,-541.8090118980538,-796.3107833654957,74.7
4483,-97.37733101906592,-308.2477957005667,-541.3672555021022,-796.6370949790336,74.71666666666667
4484,-97.53668730239659,-308.7481282483576,-541.3834752350631,-795.2128851189021,74.73333333333333
4485,-97.4282268946333,-307.9318418832875,-543.1200210392635,-797.101874480518,74.75
4486,-96.21443385857339,-309.1089831907221,-541.0746442831828,-797.7828805963719,74.76666666666667
4487,-96.89858785241941,-308.74566928008477,-542.0041802709649,-798.107553786178,74.78333333333333
4488,-96.89356690225723,-306.8825566923411,-543.7785430390444,-796.5948505219314,74.8
4489,-96.99973542354415,-308.3481152285605,-542.7963889227238,-797.2814803178409,74.81666666666666
4490,-96.53977551348054,-308.6884951956887,-542.3021558513719,-798.4993900432316,74.83333333333333
4491,-97.55310560707962,-308.3491882978054,-544.259165758968,-798.597345867017,74.85
4492,-96.99863405590119,-308.2009146421864,-544.8627264670272,-799.7845318702268,74.86666666666666
4493,-97.14119383768019,-309.51035703289364,-543.835416389688,-797.7708232111371,74.88333333333334
4494,-97.57141719472469,-309.21884535530734,-546.1269284148161,-798.8749430660448,74.9
4495,-97.27984446508786,-308.8912840567335,-542.1540658757825,-799.1351376981885,74.91666666666667
4496,-97.50753802716648,-309.331554112048,-544.0003199138249,-798.542298678165,74.93333333333334
4497,-96.81240476282255,-308.94929282607256,-545.5076344496041,-797.0777231379006,74.95
4498,-97.44670877194194,-309.3510278666512,-544.8171931833708,-799.851673545604,74.96666666666667
4499,-96.84855948208619,-309.0787547893822,-544.9706240057699,-801.3272499804558,74.98333333333333
4500,-97.45146922649126,-308.704689262708,-545.1221053537741,-801.254732393142,75.0
4501,-97.09534476053561,-310.51530597840195,-544.6720228569321,-800.360222462979,75.01666666666667
4502,-97.60231934044175,-309.1069828341329,-542.7259028601577,-798.5405948745124,75.03333333333333
4503,-97.08960225423843,-309.6837713094826,-543.0699334014138,-801.5959878765259,75.05
4504,-98.35301500300521,-309.6529944865216,-544.418590712175,-801.2514635688678,75.06666666666666
4505,-97.0367354270286,-311.716196582086,-545.5068168378684,-801.5376811690982,75.08333333333333
4506,-96.84403090604779,-310.2555609167314,-545.5575497759504,-801.7257978181542,75.1
4507,-96.96841445905095,-310.2053385344319,-546.7104290777055,-801.5423426593917,75.11666666666666
4508,-97.64194681435329,-310.519641104499,-545.4669961897303,-801.1744049266699,75.13333333333334
4509,-96.88059030320031,-310.051100265241,-544.1646379145812,-803.7734698789629,75.15
4510,-97.32052536151242,-309.0948770595317,-544.4888379394863,-802.0472505467749,75.16666666666667
4511,-96.92714471120314,-309.82235196836314,-546.9675239522549,-801.7272430980062,75.18333333333334
4512,-97.58465275758579,-309.9914855201841,-546.4971695436678,-802.2590873909594,75.2
4513,-97.51305053080296,-311.47652543839615,-546.7572425583458,-803.5954080546288,75.21666666666667
4514,-96.52426845669311,-309.12467664696413,-546.2163579671061,-802.0712910728753,75.23333333333333
4515,-97.36713972284099,-310.8630993608515,-546.7945776891572,-801.9986211145756,75.25
4516,-97.7605445705207,-310.45170016693993,-545.8111550443713,-803.7686232612444,75.26666666666667
4517,-97.545389324293,-311.0291335487195,-547.0972921545151,-803.0016075686177,75.28333333333333
4518,-97.30063742101846,-310.977344908182,-546.2822768869729,-803.8487795843143,75.3
4519,-96.90113794090347,-309.91967093183143,-546.8590293279364,-802.9236600585674,75.31666666666666
4520,-97.61362052217925,-310.3659995922478,-546.2170340466869,-803.5913313544173,75.33333333333333
4521,-97.8483132036743,-311.91649152147903,-546.7771675059103,-802.0653333544061,75.35
4522,-97.60089488150919,-311.1906332822769,-545.8213318393259,-803.0874189619431,75.36666666666666
4523,-97.84236805167576,-310.4496724018079,-547.4487409495486,-803.7129238401477,75.38333333333334
4524,-98.09417020090225,-310.2036999200663,-546.4774708308647,-805.8244260395315,75.4
4525,-97.79954524240411,-312.64696941823433,-546.3557484269563,-804.3934777417884,75.41666666666667
4526,-97.8904357367512,-312.0058329801011,-546.5781867881874,-803.1465716940945,75.43333333333334
4527,-97.45640583545052,-311.942222751813,-547.9949316105744,-803.9653585651358,75.45
4528,-97.55808550247525,-310.2477298431925,-548.7412311362039,-804.8548613045062,75.46666666666667
4529,-97.83136064723101,-311.09185317973356,-547.645144661229,-804.0184168800515,75.48333333333333
4530,-98.24157339153155,-310.7683584718589,-547.3208951981574,-805.8186957503789,75.5
4531,-97.79031997580128,-312.32977677867893,-547.8100778093401,-805.7325768338561,75.51666666666667
4532,-98.08382560617322,-311.27044781144843,-547.8987169638377,-805.4486354641379,75.53333333333333
4533,-97.65138154201316,-311.2124556679158,-546.8719552269346,-802.7095938000421,75.55
4534,-97.66592619924683,-311.6214741473317,-546.5729911518317,-804.9336149216628,75.56666666666666
4535,-98.01196263986257,-311.0212173158351,-547.3822143895715,-804.7080920029058,75.58333333333333
4536,-97.68363523150768,-311.61570112153873,-549.3342698280304,-805.3805334094774,75.6
4537,-97.14881857645713,-311.62976680817366,-547.1667378667358,-805.6017554088082,75.61666666666666
4538,-98.22097506430543,-311.94938876027106,-546.2851042632249,-806.4880964708639,75.63333333333334
4539,-98.41557147308411,-312.17373262332063,-546.4363222710923,-804.6710660708669,75.65
4540,-97.76787610107662,-312.03302365458734,-548.6956526291731,-806.2583124505198,75.66666666666667
4541,-97.92577242302156,-311.5144782193933,-547.1396043810785,-807.5429395928536,75.68333333333334
4542,-97.61286066300164,-312.6269137076731,-548.077054103026,-804.7489474856727,75.7
4543,-97.95447612553015,-311.92596303584673,-548.1703551348835,-804.7828662708557,75.71666666666667
4544,-97.76162882453468,-312.5427959929479,-547.1164054852662,-806.1587505309885,75.73333333333333
4545,-97.96837689798909,-312.2030385322474,-548.2582364315647,-805.970998895542,75.75
4546,-97.62859739455321,-312.4287056748576,-548.3140165893109,-807.1122391907584,75.76666666666667
4547,-97.61124518932111,-310.63608960704767,-548.4431129929932,-804.4890040722399,75.78333333333333
4548,-97.6309552667231,-312.122894686399,-546.729643804886,-806.4248978142642,75.8
4549,-97.80391764047042,-312.97949416267676,-548.4264348684014,-805.4030629052013,75.81666666666666
4550,-98.13783837538372,-312.8010478102187,-550.0331959581272,-806.3430868267814,75.83333333333333
4551,-97.96095249780272,-311.5026453363777,-548.6361970237082,-807.0965559910178,75.85
4552,-97.04177324224572,-312.3950465537498,-549.122645320438,-806.6038123709629,75.86666666666666
4553,-97.93098634325648,-312.6513876492878,-550.0485293374376,-806.2136853756726,75.88333333333334
4554,-98.67872620033062,-312.68738989144083,-548.748170543979,-805.9214307415377,75.9
4555,-97.67920919280478,-311.53488636677116,-548.4390583405713,-804.6835012685943,75.91666666666667
4556,-98.47246582800851,-312.94347970373474,-548.876443562176,-807.3712735140236,75.93333333333334
4557,-97.7933308165073,-311.646752389772,-547.8692116096748,-807.6559482906079,75.95
4558,-97.65589463981,-311.74446139609654,-550.7989788087943,-806.5845266973776,75.96666666666667
4559,-98.89911171796177,-312.15330777390494,-551.0352246702504,-807.8445622818888,75.98333333333333
4560,-98.03536539994785,-312.29244737139874,-548.9800852194489,-806.4127662136069,76.0
4561,-98.39598831517571,-312.0495567991783,-549.0504438459826,-808.440697694542,76.01666666666667
4562,-97.98552248009904,-311.51229431365704,-550.6463857201019,-807.3920450270016,76.03333333333333
4563,-97.86110110275085,-312.81706999846176,-548.8094301779615,-808.2671972963328,76.05
4564,-98.0152677926316,-311.8500022017441,-549.1334834796431,-807.5256530946443,76.06666666666666
4565,-98.18568726881287,-312.3524805036755,-548.8351460763936,-806.513423946436,76.08333333333333
4566,-98.2004199198271,-312.11999598455213,-547.6994424806194,-806.8387926535088,76.1
4567,-97.81881802299193,-312.14259517830715,-547.8871638457235,-807.1476590994337,76.11666666666666
4568,-98.31458303385806,-313.44306712353824,-549.0592039373043,-808.6479887443181,76.13333333333334
4569,-97.49255780100532,-312.9543341251919,-549.533256195083,-808.1173392196922,76.15
4570,-97.66783666250969,-312.0465221821114,-549.4450718875656,-808.570989077255,76.16666666666667
4571,-97.66578186478031,-313.2464967678387,-550.5451769651967,-806.0866420120926,76.18333333333334
4572,-98.44558773790969,-313.1907953954603,-548.3735647572237,-806.5055467387,76.2
4573,-98.40277919628588,-313.02846850033956,-549.3031543967929,-809.2142467685782,76.21666666666667
4574,-98.27564919925497,-310.99562731085564,-549.8434843570177,-808.1026124248144,76.23333333333333
4575,-97.65215247283668,-311.94039153693495,-548.922137416376,-809.391603792451,76.25
4576,-97.6788133131975,-313.6468086616065,-549.5373599460804,-806.350228384517,76.26666666666667
4577,-97.92152258127382,-313.48536549253583,-549.7987236877722,-807.2389223932548,76.28333333333333
4578,-97.82401193461753,-312.0549109924957,-551.4354027972736,-807.7398685843759,76.3
4579,-97.88665754751246,-312.66527671546146,-550.088378100963,-807.4215349684982,76.31666666666666
4580,-97.95016764495404,-313.4429101227582,-551.8589992783424,-807.1259554756012,76.33333333333333
4581,-97.81488623445982,-312.8682084435146,-549.7126400657448,-805.5354694596643,76.35
4582,-97.98868044889552,-312.86724305939515,-550.1743980998134,-807.3977235579162,76.36666666666666
4583,-98.55922230360228,-312.526475714957,-548.6854694620471,-808.4615903443337,76.38333333333334
4584,-99.0357085987369,-312.04293155504035,-551.8513721177628,-809.9250910185953,76.4
4585,-98.36724531091326,-311.98957131325415,-550.2449073688622,-808.4891455488633,76.41666666666667
4586,-98.28474155839356,-312.0700667682449,-550.4194597658843,-808.9525858484083,76.43333333333334
4587,-97.71949552339872,-311.63319443075795,-549.2364907467309,-808.3013014875381,76.45
4588,-97.94558450556946,-313.20847345954166,-549.8435085014335,-810.6271019684965,76.46666666666667
4589,-98.02115341364316,-311.4979639635031,-549.993935162012,-808.5187577846822,76.48333333333333
4590,-98.47755978440912,-312.70229926895337,-549.4376247738774,-807.9795361532271,76.5
4591,-97.49235566035628,-312.5432253501793,-549.0080012455101,-807.2318821969199,76.51666666666667
4592,-98.53323203019723,-312.72665795072885,-549.9503075072847,-809.5523237202931,76.53333333333333
4593,-98.21805940080158,-312.6903320160961,-549.2268162563691,-808.9532539070203,76.55
4594,-98.40562132141469,-312.3582211485156,-550.6199031324768,-809.187905548223,76.56666666666666
4595,-97.80621718896559,-312.71643658471703,-549.4515788694372,-809.6298037508524,76.58333333333333
4596,-99.32841533334722,-312.5932014012436,-550.6720503749915,-810.4384416177672,76.6
4597,-97.72464855753717,-314.12313439867705,-549.2929694805998,-810.6889261967159,76.61666666666666
4598,-97.91171740228607,-313.37274370312736,-550.1414742867455,-808.8697809911703,76.63333333333334
4599,-97.90560160994508,-313.2150681024588,-550.0843949400921,-808.1569596997648,76.65
4600,-98.37880487507086,-313.63520355653935,-550.185039290767,-809.9309103148858,76.66666666666667
4601,-98.44064032206671,-313.1848384459864,-548.4963482678058,-807.3016401761565,76.68333333333334
4602,-97.41130767625286,-313.67545175003835,-549.8262550719242,-809.5153068629472,76.7
4603,-98.56287160289921,-313.44694834392925,-548.9906175416147,-807.3736123967999,76.71666666666667
4604,-98.81659658984843,-313.6306413533427,-548.5647819107145,-807.6878621941725,76.73333333333333
4605,-98.84146296103758,-312.77780234938496,-549.5779779965753,-807.0518714679075,76.75
4606,-99.05646755941251,-312.585811841192,-550.7826155293155,-810.6260097915092,76.76666666666667
4607,-98.0559994967898,-312.45646233998036,-551.1595643749624,-808.4429112393852,76.78333333333333
4608,-98.5233247765257,-313.21740425208066,-551.1393021914716,-808.3676833163677,76.8
4609,-98.18493399431293,-312.9114514403121,-549.8585001241693,-809.87251215064,76.81666666666666
4610,-97.66882612835465,-313.1944854957119,-550.3752160592272,-807.5595035730865,76.83333333333333
4611,-98.32141322323757,-312.3417358285059,-548.3865354576044,-809.2431317289435,76.85
4612,-99.21791842540149,-312.7036463304388,-550.7905412237926,-809.9872217380872,76.86666666666666
4613,-98.76710721111618,-312.9614309413878,-551.1996187717376,-808.3435484267931,76.88333333333334
4614,-98.62483473299429,-313.60969980645297,-549.071811985842,-809.6183839060907,76.9
4615,-98.07529763953957,-312.7865292897303,-550.5063268935262,-807.865194216626,76.91666666666667
4616,-98.23229825927403,-312.92955426040163,-550.3386486719436,-808.1367486609424,76.93333333333334
4617,-98.48903025486608,-312.0971610291895,-549.0553125791188,-807.4403033622829,76.95
4618,-97.96523594693281,-312.7556312421683,-548.942959976703,-808.2384378968775,76.96666666666667
4619,-97.89205152776181,-313.06595113008336,-550.8113307358966,-808.8003465870743,76.98333333333333
4620,-97.77756684413906,-313.0599198099273,-551.77580015234,-809.4238882835739,77.0
4621,-98.3412530936972,-312.6498889514287,-549.6478770895876,-809.1337765636792,77.01666666666667
4622,-98.47677080779638,-313.13155590737296,-551.6667697796822,-809.0695005939906,77.03333333333333
4623,-98.16325083591929,-313.42878366428897,-550.8702473564188,-810.7785126188692,77.05
4624,-97.9810886536563,-313.3137479175765,-551.723787727445,-808.4683451326754,77.06666666666666
4625,-98.66518263939724,-312.35105019935196,-551.1376346079711,-809.4117739000542,77.08333333333333
4626,-98.14632224391035,-312.98859700959486,-551.9217015831331,-807.2796617805662,77.1
4627,-98.27390772968539,-313.2588305440466,-549.9207141100967,-809.766794063768,77.11666666666666
4628,-98.73117356720111,-313.4177888635767,-549.5782075511985,-808.2910403673154,77.13333333333334
4629,-98.79350170316569,-313.17023847758855,-551.4199888799917,-809.2334148968271,77.15
4630,-98.66661493979942,-311.9221411849977,-549.7406353649493,-811.0610438878865,77.16666666666667
4631,-98.31424047614473,-312.8698928552152,-553.24961008662,-808.3158318146372,77.18333333333334
4632,-98.08535925408097,-313.43380749218034,-551.9796539340991,-809.5667177503756,77.2
4633,-98.03216818756127,-314.5439705666699,-551.4934015825892,-809.8317277928853,77.21666666666667
4634,-97.875571988904,-313.53121676108003,-549.3267329823261,-809.8766188627109,77.23333333333333
4635,-98.140804442586,-311.9593734037757,-550.2285097328713,-809.7039753010245,77.25
4636,-98.55924441477289,-312.78122161496503,-551.0924699810101,-809.2632053074481,77.26666666666667
4637,-98.51800459514618,-313.5603499259775,-550.3816080313586,-809.4712647353551,77.28333333333333
4638,-98.40994040995041,-314.45906175549055,-551.2825709778006,-808.8266882043972,77.3
4639,-98.34210128836159,-313.4239279447229,-551.0441610944166,-810.1686642737616,77.31666666666666
4640,-98.4508854486461,-314.099458366663,-551.3085867785453,-808.9330016716544,77.33333333333333
4641,-98.3694055105844,-312.7365690720675,-550.6145887943128,-810.7318326382751,77.35
4642,-98.46846891244701,-312.8675752671481,-551.84958473381,-809.0939243488433,77.36666666666666
4643,-98.58452721951394,-312.35574252205663,-550.9684075100915,-809.9344061039124,77.38333333333334
4644,-97.80768299780502,-313.5400236963389,-549.0588071973527,-809.5284403726181,77.4
4645,-98.52176900310421,-313.34756961100413,-550.5711714719641,-809.4629272043072,77.41666666666667
4646,-98.40773366946651,-313.4773484566243,-552.0171317364307,-809.2301769476076,77.43333333333334
4647,-97.52882685925003,-313.7543955943328,-550.3058745852421,-809.4166551234902,77.45
4648,-98.29583608151255,-313.72725261818306,-550.4147217608893,-809.5012328612419,77.46666666666667
4649,-98.03719842146157,-312.12790553743247,-550.280434690417,-809.8947051031621,77.48333333333333
4650,-98.37561211819552,-313.8222590344549,-551.6882090950148,-808.6696344072493,77.5
4651,-98.27050615959709,-313.51090910858574,-552.5287804445404,-809.1709833773718,77.51666666666667
4652,-98.3145565412778,-313.8301597641582,-550.0475793116153,-809.8445356399725,77.53333333333333
4653,-98.23461864473884,-313.79768371673913,-550.2659188850263,-810.6872615739387,77.55
4654,-99.19330914652372,-313.57067212362745,-549.9549753014503,-810.2904095206867,77.56666666666666
4655,-98.62177841167528,-312.81005656985826,-551.7292477196938,-810.6360780839946,77.58333333333333
4656,-98.20253743373218,-314.05847592176474,-550.9098892447712,-809.3545754779374,77.6
4657,-98.89408460510506,-313.5739161374894,-550.4289870404766,-808.4582565071827,77.61666666666666
4658,-98.63192372441603,-312.2871949410998,-548.6181921392196,-809.8930555179946,77.63333333333334
4659,-97.93183351645445,-314.6341729377884,-549.2835757405584,-809.8058504339912,77.65
4660,-98.1126949068275,-313.59489238468535,-552.8039293218998,-809.0360899204686,77.66666666666667
4661,-98.37116795063595,-314.1128324217066,-549.1478836370404,-809.8899517557454,77.68333333333334
4662,-99.33391783155346,-312.6501023616181,-550.982041723762,-809.6231233195334,77.7
4663,-98.33246885841676,-312.65371362470904,-549.8933146644847,-808.1699410038016,77.71666666666667
4664,-97.75320244875974,-314.5052580719718,-549.9584132193063,-808.95851163194,77.73333333333333
4665,-98.24426852069753,-313.3945839212238,-550.4432702662004,-811.264634751793,77.75
4666,-98.47870939987693,-313.2726350716709,-550.9943788463871,-809.9676567006861,77.76666666666667
4667,-97.98500350648243,-314.2772329186147,-550.1199592677938,-809.8433362438241,77.78333333333333
4668,-98.49623608716158,-313.2083245710283,-550.32846073315,-810.5739648204983,77.8
4669,-99.2633202246466,-313.68293210079565,-551.8409846164857,-809.7822723119586,77.81666666666666
4670,-98.57441861292959,-314.3127883303606,-551.3378559379407,-807.5582617558764,77.83333333333333
4671,-97.99475476799287,-313.18279466135897,-550.7643805340642,-809.6941425819634,77.85
4672,-98.4159036385436,-313.7061862360468,-549.8252960696971,-809.9105528502183,77.86666666666666
4673,-97.82193744039758,-313.61877261248145,-550.6551926467336,-807.8796806101986,77.88333333333334
4674,-98.4460420065099,-313.95720751865747,-549.3299303204977,-808.9731984188933,77.9
4675,-97.48191278454321,-313.6059549553657,-550.6511231574118,-809.1202561492056,77.91666666666667
4676,-97.82362294111734,-312.95288142818515,-550.7962444562264,-809.1487348871674,77.93333333333334
4677,-98.63937344156936,-314.35202165475886,-550.4410585960386,-809.1903542064038,77.95
4678,-98.00503524458739,-313.3487300212561,-550.0158867773772,-809.7416343973786,77.96666666666667
4679,-98.6398268599344,-314.9017972808444,-551.657824092354,-809.342333958341,77.98333333333333
4680,-98.40233082332844,-314.40305146603777,-550.5368608680451,-808.8628604623917,78.0
4681,-98.37158103845978,-313.13583319173483,-550.7220107494959,-806.9353305930694,78.01666666666667
4682,-98.39463964245347,-313.8988368470681,-547.9026267619244,-805.1317977794297,78.03333333333333
4683,-97.63977705027513,-312.03390304360124,-546.8581457362652,-802.8482783060922,78.05
4684,-97.28582978611877,-311.56521230362387,-546.2453865920011,-800.6057992041722,78.06666666666666
4685,-97.29471951534074,-311.5232997848475,-544.2025213088342,-799.4586697269954,78.08333333333333
4686,-97.53278839021046,-310.1759859146222,-543.947370255337,-797.3269650266647,78.1
4687,-96.6440219832069,-309.5315918310058,-542.2501206902385,-795.185457056919,78.11666666666666
4688,-96.46639889080596,-308.10521004165554,-540.2404921385506,-793.48266003394,78.13333333333334
4689,-96.77456973187249,-307.2699778373934,-539.4114020930232,-792.6815004826494,78.15
4690,-96.29326893867724,-306.4681700040658,-537.6047431277467,-788.2561425371042,78.16666666666667
4691,-95.65914357884749,-305.89532440381043,-536.0217167069724,-786.7654614411455,78.18333333333334
4692,-95.62126939922715,-306.24267630295674,-533.7817663289712,-786.0511105223537,78.2
4693,-95.67498678874198,-304.213484732379,-533.8818097421527,-783.3324740520238,78.21666666666667
4694,-94.77559615147919,-304.05605416455245,-533.9920254309459,-784.2087332707328,78.23333333333333
4695,-95.46372781008009,-303.563884814484,-530.9306957998302,-780.0334910240621,78.25
4696,-95.55143996429938,-302.6399210297688,-531.3023249906313,-779.5414528809658,78.26666666666667
4697,-94.05220848805104,-301.5137438204061,-530.288603067926,-776.3020768573275,78.28333333333333
4698,-94.71291707868872,-301.2347425825716,-528.2705517487623,-775.5302275234268,78.3
4699,-94.64951711275208,-301.60744482635823,-525.8161807917882,-773.4570095939683,78.31666666666666
4700,-94.00503753205051,-301.25383703046776,-525.0054585821308,-773.2728143978865,78.33333333333333
4701,-93.7879844949957,-299.5408716008481,-525.58570638204,-771.6151264156326,78.35
4702,-93.67347046906562,-299.08036927681655,-524.6731795859974,-771.4238110028006,78.36666666666666
4703,-93.65115537208534,-298.4526145647822,-523.4375494768301,-767.360195652706,78.38333333333334
4704,-93.13304957587815,-298.68570950840154,-522.5871703689946,-766.8764818940368,78.4
4705,-92.97260213192692,-297.7713253404908,-522.3212190882124,-766.1915480105187,78.41666666666667
4706,-93.00333128880605,-297.476020861083,-519.6183375912611,-764.038295208418,78.43333333333334
4707,-92.68789403752132,-296.70390060198497,-520.3404786889382,-763.7729432884405,78.45
4708,-93.14624043372183,-296.9367371073271,-520.2380488645898,-764.012630998859,78.46666666666667
4709,-93.0489431971973,-295.72380369449183,-518.1214731666589,-761.1145828083849,78.48333333333333
4710,-92.68368200162507,-295.70883403712025,-518.9036022354622,-761.9772483762731,78.5
4711,-92.17551479526885,-294.170027327887,-517.1118646090047,-759.0478116570135,78.51666666666667
4712,-92.67186155507562,-294.5809661478946,-517.3591446262581,-759.1613782263273,78.53333333333333
4713,-92.39005224651795,-293.8267297661586,-515.8236886404302,-755.476770824575,78.55
4714,-91.47287029369109,-293.9929561353798,-515.0762279394253,-757.8716889435455,78.56666666666666
4715,-92.21939485437436,-293.8031816969565,-515.3575223403999,-756.8520907363975,78.58333333333333
4716,-91.84396159256988,-293.9861565303458,-512.8410520777867,-754.7311486756777,78.6
4717,-91.16128680094857,-292.15078163581234,-513.7446878880233,-754.1017187881209,78.61666666666666
4718,-91.4560985978045,-291.56488494908024,-511.74684335328936,-754.5436088469442,78.63333333333334
4719,-91.30579229318444,-290.47902727886714,-511.99737157552323,-752.8818616125897,78.65
4720,-91.2094679261599,-292.2453826060685,-510.82107885150697,-751.7589003448679,78.66666666666667
4721,-91.80530946711836,-289.9227951327135,-510.57075885697617,-750.7495290555723,78.68333333333334
4722,-90.64254199083216,-291.2580625403967,-509.29704751505324,-748.3710502862239,78.7
4723,-91.0317838981868,-289.66842864841146,-508.840740288119,-748.9862248044229,78.71666666666667
4724,-90.76145001970163,-290.8508082953942,-509.36063551397024,-747.5097821330435,78.73333333333333
4725,-91.03668874781728,-289.852762803652,-509.0874474485844,-746.9067214839231,78.75
4726,-90.76785990498784,-289.1746476714945,-508.9246218989015,-745.4823008951079,78.76666666666667
4727,-90.91292128888024,-289.03694239760677,-507.7598319470153,-746.2802298084359,78.78333333333333
4728,-90.6488678110062,-288.77939513285,-507.9120933471143,-744.9863289188759,78.8
4729,-90.80482812116952,-288.5451681864416,-507.34254224542985,-744.58973369143,78.81666666666666
4730,-90.28482790906097,-288.6147994693657,-504.94570333711715,-744.8919329633759,78.83333333333333
4731,-90.76599336327213,-287.87801432935163,-506.237077156946,-742.7823319372485,78.85
4732,-90.58212365336273,-287.97075073120476,-506.65078120639805,-742.091753728537,78.86666666666666
4733,-90.16118991920435,-287.9872770877862,-505.6110623841497,-740.8694867464005,78.88333333333334
4734,-90.13292792150153,-287.54555374561494,-503.3978124821616,-742.9932336024069,78.9
4735,-89.53458727293483,-287.74393198663927,-504.2430230522013,-742.5383698084325,78.91666666666667
4736,-89.77827692084202,-285.9409545508028,-504.19517011454155,-739.4324910456874,78.93333333333334
4737,-89.68025789382007,-286.790128664174,-503.2376238943682,-739.4076020891897,78.95
4738,-90.02584124687817,-286.0045802298955,-504.2629128070902,-739.5442051830939,78.96666666666667
4739,-90.71379781817525,-286.36165152137215,-502.0819148907739,-737.7446804974087,78.98333333333333
4740,-89.26594446798822,-285.10030228307204,-502.81799745155325,-737.0038572305065,79.0
4741,-89.4785685714153,-285.34501735210443,-501.15291605319555,-738.4464850964424,79.01666666666667
4742,-89.49320215900559,-286.6959088181452,-500.6701051524805,-737.05906625664,79.03333333333333
4743,-89.77941362485369,-283.61190138963116,-501.43143959740087,-737.1601899027202,79.05
4744,-89.889135745196,-285.53284684863655,-501.1415845037585,-735.5406185077364,79.06666666666666
4745,-89.52733714706574,-285.7590314405316,-500.6580395518104,-734.0817851401723,79.08333333333333
4746,-89.39065749678979,-284.23093639515446,-500.26562458801527,-735.3074437309034,79.1
4747,-89.23515309796123,-285.3250069683871,-500.2080487293635,-734.5692966818305,79.11666666666666
4748,-89.27246421415994,-284.5875084744237,-499.63682808918867,-734.4925040126419,79.13333333333334
4749,-89.17549997424692,-285.2033478087339,-500.1763284457919,-732.7704197850665,79.15
4750,-89.4115507877894,-285.32315500196626,-499.43837568539544,-733.1282663368996,79.16666666666667
4751,-89.17693960824695,-284.02907401637884,-500.0887059136867,-732.0091846978695,79.18333333333334
4752,-88.92888537129919,-284.2703780604572,-498.3939581827979,-732.9404231833041,79.2
4753,-89.01741527683284,-283.77930755598595,-498.24498247934315,-730.1761715076293,79.21666666666667
4754,-88.23462831121915,-282.6055141940502,-499.46426076876253,-732.0191696842651,79.23333333333333
4755,-88.34859018173165,-283.0027880499252,-496.9304944927359,-731.2453829090306,79.25
4756,-89.59409869659446,-283.7256526955023,-497.3525336666284,-731.9532150801767,79.26666666666667
4757,-89.00332266775393,-282.06241435396925,-497.93262737395594,-730.8689788720527,79.28333333333333
4758,-89.1883971283968,-283.4602062268621,-497.26097218572534,-729.3930997510737,79.3
4759,-88.3846452468748,-281.9824733485845,-495.6823846597473,-730.3954424947219,79.31666666666666
4760,-89.35604994918019,-282.3310427425551,-496.70881764626455,-730.8198728102167,79.33333333333333
4761,-88.93139258893052,-283.0268304287464,-497.2109881225946,-731.1526328947027,79.35
4762,-88.20754350867385,-281.7547997186147,-496.2106296518472,-727.239851384105,79.36666666666666
4763,-88.22832083367295,-282.11678210961867,-496.6765581811068,-728.211520037179,79.38333333333334
4764,-88.71480145764099,-281.59309915913104,-496.1993880560733,-727.4968569782416,79.4
4765,-88.32187411456539,-282.5833194521368,-494.66638670655715,-727.0087409857198,79.41666666666667
4766,-88.32487615820334,-282.04357351022037,-495.32487065163775,-728.9201126194818,79.43333333333334
4767,-87.91658551610513,-281.78644094913625,-496.00682326873743,-727.2155155114683,79.45
4768,-88.82610633053213,-282.29694656243606,-492.93373053881317,-727.6560747390088,79.46666666666667
4769,-88.39723748243227,-282.164041558659,-494.30322456221546,-725.9805647923553,79.48333333333333
4770,-88.33420080443358,-281.7584585198781,-495.07342362387175,-726.8011186897808,79.5
4771,-87.90706437327198,-281.0529039583484,-495.65847651148687,-727.2107308053919,79.51666666666667
4772,-88.49393950508474,-281.55205825068015,-494.240662445014,-726.3850747471246,79.53333333333333
4773,-88.44710732323347,-281.4786314617157,-494.4411435768862,-727.7916085890323,79.55
4774,-87.80490434039378,-280.4047957943963,-493.2065143121054,-725.7215762288516,79.56666666666666
4775,-87.83768545930705,-280.9340994256185,-494.6641332841944,-724.4276427072938,79.58333333333333
4776,-88.14852380440958,-281.5716907271999,-492.90048542243164,-726.6098450475104,79.6
4777,-87.95269834534858,-281.85511581222573,-493.1464435399034,-725.2890326886992,79.61666666666666
4778,-88.05489539884016,-281.98412073442313,-492.6074654808732,-725.3333532775141,79.63333333333334
4779,-87.83340169508885,-280.8336297762097,-493.91141472799745,-724.664004922315,79.65
4780,-88.30704088688285,-281.20424797768715,-493.62392219906474,-724.7814689070307,79.66666666666667
4781,-88.03620633341852,-281.0066652889743,-493.74934892415365,-726.4745412833712,79.68333333333334
4782,-88.46974338616765,-280.84480243700085,-493.28406599539153,-725.112243504587,79.7
4783,-88.5231083209129,-279.97166412287754,-492.0673317887957,-724.1143621624784,79.71666666666667
4784,-88.77120453428972,-280.6726115236073,-494.5831196368943,-725.2260919369553,79.73333333333333
4785,-87.88802909952167,-280.13285821899046,-492.1805395997787,-724.4474025433638,79.75
4786,-88.23448359500553,-280.7433044080508,-493.1865970285919,-724.7904827045435,79.76666666666667
4787,-88.13720444588164,-280.5144966706811,-494.2992156892305,-723.768079903895,79.78333333333333
4788,-88.13670263554968,-281.29460593464165,-492.65642156410723,-723.808712221587,79.8
4789,-88.37755188254852,-280.28533836474827,-493.20373992394474,-722.8907864089606,79.81666666666666
4790,-88.17462676216506,-280.7629101721582,-494.5720775069941,-725.7192987668224,79.83333333333333
4791,-88.1061746160402,-280.7594488777175,-492.98447455328255,-722.660762176343,79.85
4792,-88.12377751317177,-280.1095925963474,-492.27827460790604,-723.0431938731093,79.86666666666666
4793,-88.60748705058808,-279.5368199008836,-492.5766873154071,-722.5994477951325,79.88333333333334
4794,-87.21074630816621,-279.4439577202196,-490.4516590969066,-723.0783918630253,79.9
4795,-88.47121102886133,-280.3715843947264,-492.1505640752212,-722.9681200593592,79.91666666666667
4796,-87.418188808234,-280.6071034940616,-491.70455283082174,-722.6224109531191,79.93333333333334
4797,-88.39315699018356,-279.90133284510677,-491.72937770774416,-721.9887988469468,79.95
4798,-87.51803906922848,-280.11204138511926,-492.26786694320515,-720.4180005660036,79.96666666666667
4799,-87.45781169844268,-279.3308189909336,-492.14669822314283,-722.4968231239756,79.98333333333333
4800,-88.05420315091894,-278.89680453694643,-492.0985474460615,-722.1804451034618,80.0
4801,-88.08874307038302,-279.0153885896174,-491.8977378376899,-723.2074178411945,80.01666666666667
4802,-87.3902697253801,-280.52538063375806,-490.6920879055783,-722.6757937711715,80.03333333333333
4803,-87.64298661689472,-280.20088237294465,-492.0390831273625,-721.773281786316,80.05
4804,-87.83683754702797,-279.0055625269591,-490.0256053753954,-720.583637495196,80.06666666666666
4805,-87.5120007789077,-279.4023513089948,-489.75264251947135,-720.1888534616559,80.08333333333333
4806,-87.3612854479647,-280.5436159189996,-490.49018548283317,-720.8918821577884,80.1
4807,-87.44094309283123,-278.652525412932,-491.6187071254924,-721.5521515663166,80.11666666666666
4808,-87.12446986209967,-278.88078375297675,-490.30937990298185,-720.9727712434803,80.13333333333334
4809,-87.72902324959419,-278.34968863003763,-490.9297553789061,-721.49811447637,80.15
4810,-87.3398674058105,-281.1192560668333,-490.96721283022583,-720.6508554599169,80.16666666666667
4811,-87.5886898653172,-280.55292707340993,-490.6960512984683,-721.507171730406,80.18333333333334
4812,-87.75804277406972,-280.64895273576855,-490.7753772943333,-721.7588821664361,80.2
4813,-87.7402113093849,-279.6057720912424,-490.09292456841484,-720.2713925985285,80.21666666666667
4814,-88.2889815030421,-279.1559056040434,-490.0734488136905,-722.497505376276,80.23333333333333
4815,-88.45749523228112,-279.2024968098232,-490.0684791199311,-720.3398980759183,80.25
4816,-87.49561541775473,-279.76178224506435,-490.556992691779,-719.4812865036926,80.26666666666667
4817,-87.44060324137287,-278.73521100353827,-489.69100401648865,-719.6092047220059,80.28333333333333
4818,-87.85029945298105,-278.834318042643,-489.0588171777883,-718.9807304962726,80.3
4819,-87.75757053256295,-279.19167596781364,-489.8005488094865,-721.5130879775111,80.31666666666666
4820,-87.74117009867369,-279.9777850884414,-490.31448010046637,-719.6341527488976,80.33333333333333
4821,-87.70927494763846,-279.4200407793467,-489.573104271655,-719.5417385935178,80.35
4822,-87.5585095723463,-279.41964041324593,-490.2597628102806,-720.7964141464049,80.36666666666666
4823,-87.69295858477386,-278.6382102438913,-489.7368869198768,-720.9180927055586,80.38333333333334
4824,-88.00771592168944,-278.4983396994795,-490.82199827844204,-718.270575947963,80.4
4825,-87.9155194767151,-278.91299511705455,-489.0489588916795,-718.8670681800511,80.41666666666667
4826,-87.85086145034339,-279.24882301298385,-490.9250770281993,-719.9513754833154,80.43333333333334
4827,-87.81266309421376,-278.60344288668665,-489.3024767898239,-718.1708535151953,80.45
4828,-87.48516593672963,-279.994585452666,-489.07641743641767,-719.7721741989067,80.46666666666667
4829,-87.27265027466261,-278.4689271792524,-490.25474238075685,-719.4217431995694,80.48333333333333
4830,-88.24086464274706,-278.80459881631185,-489.45242033476006,-719.2903742898607,80.5
4831,-87.30768657486799,-279.43706787904716,-489.32946259721683,-719.814445047105,80.51666666666667
4832,-87.26040117851788,-278.98215459576426,-488.04492745560765,-718.3164419520663,80.53333333333333
4833,-87.12889890316661,-278.345623799425,-489.2533441813424,-719.340295900962,80.55
4834,-86.87539507813622,-278.1595801145815,-490.61011295799364,-719.011501411737,80.56666666666666
4835,-87.13761149621108,-278.9935995749828,-489.0108381710248,-720.0765883093337,80.58333333333333
4836,-87.44001037455791,-278.58025252487914,-488.9596091944453,-719.053810586961,80.6
4837,-87.15170052351169,-279.9851319136989,-489.9595225260394,-719.6359928319977,80.61666666666666
4838,-87.38545170098416,-277.56270765817305,-488.9216853545329,-719.7053884834273,80.63333333333334
4839,-87.98762121268574,-278.6415210772708,-489.69328472454754,-717.6038614358432,80.65
4840,-87.42622754222928,-277.5525089031987,-488.71657061253205,-718.5428181041644,80.66666666666667
4841,-87.28592668889226,-278.6888617708655,-489.1440042617142,-718.8650402154979,80.68333333333334
4842,-87.35364893774397,-279.6932308384185,-489.0960567552564,-719.2870490482702,80.7
4843,-87.8790389273103,-278.39192564829557,-489.7990451284033,-718.8172341227208,80.71666666666667
4844,-87.13682752456184,-278.4663030084782,-490.8222957906346,-719.0982198489227,80.73333333333333
4845,-87.79647893880612,-278.5427816293599,-489.85955992011003,-716.0971925462842,80.75
4846,-87.13004202963297,-278.75993712860367,-490.5657555352198,-719.1222515670006,80.76666666666667
4847,-86.76687911391375,-278.3925552063713,-488.4343658051036,-718.1875017818604,80.78333333333333
4848,-87.06045630483442,-277.33962512540666,-490.01508013864577,-719.8141556894897,80.8
4849,-87.23923380832989,-278.8650336537157,-488.6892503401636,-719.166642361178,80.81666666666666
4850,-87.36853423324523,-277.67037422359044,-488.59553298452215,-718.8653036156418,80.83333333333333
4851,-87.07141205876823,-279.45608484294127,-489.91753659629234,-719.0889078764404,80.85
4852,-87.36235224325195,-279.2007694302232,-489.3656500722927,-717.7160574981258,80.86666666666666
4853,-86.70965087802301,-277.65964331045166,-489.22660165550207,-717.6111205106243,80.88333333333334
4854,-86.85432347725423,-279.61445317604415,-488.9107656194166,-719.2977198275871,80.9
4855,-87.07716716496415,-278.94381013501214,-489.15709452333425,-718.2285636578781,80.91666666666667
4856,-87.62457868536673,-278.78014835464836,-489.2681262195139,-718.8938785303629,80.93333333333334
4857,-87.6317473714188,-278.5514465149734,-489.27426222484473,-717.9905532050132,80.95
4858,-86.90782626635495,-278.1827848880436,-488.43679031938785,-717.7818185204849,80.96666666666667
4859,-87.25701971204073,-278.1592635246176,-487.6547765324993,-717.272173566101,80.98333333333333
4860,-87.88922686209035,-278.6362912137754,-486.4717917639707,-718.2654260441979,81.0
4861,-87.78114606814194,-278.76131060230983,-488.43073251719863,-718.630121296078,81.01666666666667
4862,-87.65102964975375,-279.762636720941,-490.4281155794346,-722.6668639837625,81.03333333333333
4863,-87.43178939306874,-279.4283745196184,-490.8286867224688,-724.9030485321664,81.05
4864,-88.9864295400881,-281.5664264880786,-493.37277629169404,-725.8073388514879,81.06666666666666
4865,-88.12980127303959,-282.13803340757323,-494.458429146888,-728.5151780897276,81.08333333333333
4866,-88.96611017291912,-283.8969778124933,-494.19254564750923,-731.8050347581392,81.1
4867,-89.19276043480511,-283.8842734266073,-497.69318285780935,-731.6021965132883,81.11666666666666
4868,-89.10935243005544,-283.87346264488275,-497.79837409664106,-734.4796876192987,81.13333333333334
4869,-89.15665073265986,-285.7256268190024,-500.3809222108991,-735.9434808878834,81.15
4870,-89.24761946823449,-285.70397869079596,-500.49935399236625,-733.3514245445202,81.16666666666667
4871,-89.70255530066702,-287.11950514124186,-501.39925513239325,-738.2232267256228,81.18333333333334
4872,-89.99075448740257,-285.45013273933677,-501.924453962657,-740.8076404618434,81.2
4873,-90.78834625642155,-288.1848844439306,-503.48398019772276,-741.3007636000814,81.21666666666667
4874,-90.16946935658426,-287.91972052665585,-506.0802880330105,-743.5191961446872,81.23333333333333
4875,-91.02687682609313,-289.9332829835332,-506.2243321391435,-743.630208286385,81.25
4876,-90.52962528493333,-289.89552356782383,-506.6445242710071,-747.326711473015,81.26666666666667
4877,-91.79039617428307,-289.4404556456705,-509.1788727883907,-747.7742624087617,81.28333333333333
4878,-91.58235133538626,-290.94024876797556,-510.45106497352054,-748.8451440097596,81.3
4879,-91.67795803185562,-291.3177446936496,-508.301975269219,-751.4087288652412,81.31666666666666
4880,-91.60168410846042,-291.4536016002111,-512.093390445092,-751.0375249840639,81.33333333333333
4881,-92.2632715423167,-291.9045306264425,-512.3022890152009,-752.7329822425444,81.35
4882,-91.91830876707714,-292.83468295367965,-513.4494728842254,-754.5607526029603,81.36666666666666
4883,-92.08676551038037,-293.2401355438319,-513.9787183161804,-757.2123636010915,81.38333333333334
4884,-91.82916661106893,-295.26603551214896,-514.083926621881,-757.0751253572962,81.4
4885,-92.35466651909533,-293.7818736220044,-517.1267411169463,-760.2389358591311,81.41666666666667
4886,-92.9426408202218,-293.3506546943507,-517.1515443460773,-759.2326213776307,81.43333333333334
4887,-92.55773724663814,-295.65495654306966,-517.3456541318616,-760.5982819596231,81.45
4888,-93.04272291640984,-295.79813039283044,-518.6082595930944,-763.442831922856,81.46666666666667
4889,-92.50199783638215,-297.290464026259,-519.1504187227744,-763.8186305850168,81.48333333333333
4890,-93.4022674608624,-296.1327328910384,-521.0620220719497,-765.4742549749088,81.5
4891,-92.4939071204663,-297.59408713373085,-521.6744745733411,-766.630797071254,81.51666666666667
4892,-92.8050239615187,-297.98652249629,-521.4474518524643,-767.5191270777188,81.53333333333333
4893,-93.73701712507889,-298.09400010919074,-522.9448553264764,-771.6418501514198,81.55
4894,-92.8886496469564,-299.1092388287046,-523.2243874001094,-770.295721536351,81.56666666666666
4895,-94.0249875166631,-298.73915025446615,-523.5360696129717,-770.7785914486885,81.58333333333333
4896,-93.37864670182749,-298.74387389754077,-525.4277388722965,-769.3277514472054,81.6
4897,-94.95817144314591,-299.43572485012766,-525.6820205955767,-772.4713172018303,81.61666666666666
4898,-94.44883503331285,-300.6146867412803,-526.6652219066489,-772.6716118855212,81.63333333333334
4899,-94.05984132967858,-300.62775217975513,-526.5070470231287,-773.3142448754917,81.65
4900,-93.69719522229789,-300.05596230517875,-527.8726007163345,-775.7942888952257,81.66666666666667
4901,-94.85731191620175,-301.1159891145435,-528.2183422966195,-777.6860561400787,81.68333333333334
4902,-94.33853806343784,-302.6332404353398,-529.6284070078184,-777.1876088243989,81.7
4903,-94.51793067693092,-303.33688943434504,-528.4256027944054,-779.0155097339813,81.71666666666667
4904,-95.45932481062685,-300.53313532397783,-529.6677816814627,-777.8464303624191,81.73333333333333
4905,-94.8385951593335,-302.8820406357097,-530.788248592618,-780.3017791477674,81.75
4906,-95.02372874632485,-303.5355746798675,-530.1460539645968,-780.7589877410105,81.76666666666667
4907,-95.68168536929417,-303.46876810085047,-533.2235260717312,-781.2339202041933,81.78333333333333
4908,-94.72598365746944,-302.8771861091801,-531.9371941334389,-782.4279554251287,81.8
4909,-95.70875838620151,-303.06919229852826,-532.2665377754599,-784.6142834662505,81.81666666666666
4910,-95.51000784588673,-303.39336118969106,-534.5537807226625,-782.7119485385766,81.83333333333333
4911,-95.60174110005225,-304.9619776519575,-533.4131809614947,-787.8774752704715,81.85
4912,-95.20683146248344,-304.02703373877495,-535.5670158518873,-784.841000913224,81.86666666666666
4913,-95.86345646940678,-305.89358595085446,-536.1660513918875,-787.1748726204064,81.88333333333334
4914,-95.72893155649938,-305.224915751881,-535.2982092194509,-788.8190655688353,81.9
4915,-95.72642706765559,-305.8470327911347,-535.080181283726,-787.7935701933852,81.91666666666667
4916,-96.38040684529194,-305.84615833039555,-535.3322393979155,-789.3150735187639,81.93333333333334
4917,-95.97275680264299,-305.47766029389754,-537.7725041784863,-788.8981349793157,81.95
4918,-96.76689629499532,-305.17987118048416,-538.3729624243647,-788.7687190038993,81.96666666666667
4919,-95.87413323298549,-306.4182563898733,-538.2354902967766,-791.0419540883629,81.98333333333333
4920,-96.56647339708272,-307.89636704648365,-537.5849023375833,-790.1141464934341,82.0
4921,-96.52203882862203,-306.95730325311166,-540.0003606737502,-793.7377313402943,82.01666666666667
4922,-96.40229919513024,-308.614289140935,-538.327023867423,-791.6278984268921,82.03333333333333
4923,-96.7443939177709,-308.0375731059137,-540.3994928440825,-794.9578497793029,82.05
4924,-96.70303934392604,-307.8744096626012,-538.5734920005368,-795.7512514305845,82.06666666666666
4925,-96.21143931473927,-308.22153551686586,-540.230142211408,-796.2446892458792,82.08333333333333
4926,-96.60798525722817,-309.5215511789777,-540.4117666391106,-795.4841977225641,82.1
4927,-96.60859881848428,-308.916405425837,-539.2035053047562,-797.7841201297563,82.11666666666666
4928,-96.4368435071188,-308.6266495415806,-541.4053004316739,-796.9391184855484,82.13333333333334
4929,-96.38716208228317,-309.51663120858393,-541.1406436884673,-798.5611463156544,82.15
4930,-96.57572550066442,-308.63397848116773,-542.5015861714091,-797.1395799366151,82.16666666666667
4931,-97.1410421854655,-309.506161482097,-543.2962919898905,-796.3686967230249,82.18333333333334
4932,-97.00164619371894,-308.9354897925189,-542.2231052574527,-798.8153770476066,82.2
4933,-96.62960349153943,-309.6021739489664,-543.7606171654216,-796.7089588595788,82.21666666666667
4934,-96.9361171487861,-309.72676077779624,-543.5652832131647,-799.5787154790866,82.23333333333333
4935,-97.41055780400256,-310.02811245897846,-542.7225653315317,-800.327783022584,82.25
4936,-97.54791523197363,-309.8881521892399,-543.7758053762809,-800.290324738148,82.26666666666667
4937,-97.31174923634585,-310.0459498359645,-543.9010308849291,-799.2968899815402,82.28333333333333
4938,-96.9825903541287,-309.95170197654585,-544.8269160271235,-801.204378922136,82.3
4939,-97.23694378258335,-311.25276260640726,-544.9790806494658,-801.7503436890305,82.31666666666666
4940,-97.29568240679319,-309.9268929154332,-545.0250062327616,-801.3799506167218,82.33333333333333
4941,-97.91672155086212,-311.85603339339383,-546.273987297899,-802.2325268237527,82.35
4942,-98.13884123439087,-310.9702856770931,-546.4027905732726,-802.7392942237498,82.36666666666666
4943,-97.90832868487136,-310.9340251444457,-546.3216876832827,-803.5062449584856,82.38333333333334
4944,-98.06024218471848,-312.20626856119196,-546.0671385183123,-806.674851580162,82.4
4945,-97.33444698635469,-311.67078229333436,-546.6002857508541,-804.6372108186316,82.41666666666667
4946,-97.15705709026057,-311.8711998516595,-547.2024678640248,-803.0734724295176,82.43333333333334
4947,-97.25975133171328,-312.14360932254476,-546.7300513811441,-806.6561734444458,82.45
4948,-98.25412630923113,-312.2434051118322,-546.9615400044763,-806.5212027888806,82.46666666666667
4949,-97.72962998637767,-313.27929470418974,-546.981738953566,-806.3870549477793,82.48333333333333
4950,-98.01550266315017,-311.70587700929883,-547.388119949002,-807.9501957981169,82.5
4951,-98.29467710933085,-313.2610632858302,-548.6535328547108,-807.4887263990943,82.51666666666667
4952,-98.09521643532243,-312.8362446503872,-548.6185882993792,-804.8887406186807,82.53333333333333
4953,-97.37521971653457,-312.4484008060291,-549.5215506203913,-807.9127954768824,82.55
4954,-97.84190482349932,-313.08365075703443,-548.9220723801468,-808.127790161386,82.56666666666666
4955,-99.63546040140788,-312.5175000757444,-548.5750296146729,-808.6312338255033,82.58333333333333
4956,-98.61185625330468,-312.7008113392982,-549.037270939898,-806.0925564407904,82.6
4957,-98.518239943184,-312.6978481293311,-550.1224581826237,-808.8459702842089,82.61666666666666
4958,-97.74124937945467,-313.47197132637996,-550.1828010341544,-807.2495069883681,82.63333333333334
4959,-98.70013602279924,-313.3630443406807,-550.7907224231817,-809.6225359549096,82.65
4960,-98.12079893994586,-313.51694460241896,-548.933363192366,-808.9637439504229,82.66666666666667
4961,-98.92723431153033,-315.1961315339387,-549.427167419265,-809.9973888888428,82.68333333333334
4962,-98.0544022202586,-314.4627650077524,-549.9396472229155,-810.2794739562353,82.7
4963,-98.0855925979391,-313.5262052814734,-552.3345250878644,-810.539977292773,82.71666666666667
4964,-98.22531656856385,-314.0042723840943,-549.0647368226902,-812.1731530341175,82.73333333333333
4965,-98.42873295097799,-314.0123694982053,-551.2260303155231,-809.9576356248982,82.75
4966,-99.1755614510085,-314.77888708770445,-550.1230914820625,-812.7257266913485,82.76666666666667
4967,-98.53126419329953,-313.9572647165214,-551.9595752303628,-811.2744062010325,82.78333333333333
4968,-99.07269076488429,-314.74477869803565,-552.987936470129,-811.08946842722,82.8
4969,-98.65250586659653,-314.978864326539,-550.3733073572085,-812.8774637907976,82.81666666666666
4970,-98.67041911704959,-314.9959701669085,-552.0771811096695,-813.1576646322093,82.83333333333333
4971,-98.80518591149023,-314.3440819265903,-552.8701927398306,-810.8423485774944,82.85
4972,-97.91144862873267,-314.8165407482626,-550.3100491313452,-811.4237344979011,82.86666666666666
4973,-98.85674687227137,-315.8208282277894,-552.7442266602247,-811.7938910159145,82.88333333333334
4974,-98.62087993779863,-315.44093299256247,-555.1863763253954,-814.3671453041172,82.9
4975,-99.17698635730011,-314.68693793146633,-552.6232836973866,-813.628037859809,82.91666666666667
4976,-98.30246265049591,-315.6050782111156,-554.1241607378961,-812.7420285256783,82.93333333333334
4977,-99.3111826727864,-316.12452927698615,-553.3461629416033,-814.1395841271592,82.95
4978,-98.78744322198969,-316.39784879202165,-554.2446855005365,-813.4574868557834,82.96666666666667
4979,-98.87365472409022,-315.33609546212983,-552.966267372499,-813.4415080976905,82.98333333333333
4980,-98.9189572251395,-315.36653965996396,-551.6785748838713,-813.3003662544999,83.0
4981,-97.87618910139253,-314.6687683278902,-553.0110542581255,-814.1278706173636,83.01666666666667
4982,-99.30579097267741,-315.7965456801848,-553.338030691978,-814.7312599417745,83.03333333333333
4983,-98.51001376921226,-315.6877745633327,-553.9154859358782,-815.1999665167593,83.05
4984,-98.57181309997463,-315.798992156315,-554.009113097467,-814.9113159616891,83.06666666666666
4985,-98.79270728016687,-314.6594522074222,-554.8786264425496,-816.2635253416056,83.08333333333333
4986,-99.15617472196656,-314.6365511934775,-553.4567469359613,-815.0147375015432,83.1
4987,-99.88898748588534,-316.17183188137665,-554.6949039267251,-815.1566822516957,83.11666666666666
4988,-98.80599475050919,-316.2475023314339,-554.5263140822599,-815.7548429382979,83.13333333333334
4989,-98.43022930076582,-315.6020548371495,-553.5977931607611,-815.9345795758219,83.15
4990,-99.6254020700941,-316.05123537051463,-553.6617347048135,-816.4371773042195,83.16666666666667
4991,-98.69246517645183,-315.59124569875684,-554.0349721543448,-816.7862597193293,83.18333333333334
4992,-99.12617265830697,-316.0162058285453,-554.693184489496,-815.1223379693431,83.2
4993,-100.04580414403328,-315.4265293263551,-553.7372688957843,-816.3712861625609,83.21666666666667
4994,-99.08949914065869,-315.96144760923045,-556.4616232798999,-816.2746418518793,83.23333333333333
4995,-98.812925259568,-317.6383505394381,-556.6401991013895,-817.1297947266697,83.25
4996,-98.88026445418657,-316.91794752628317,-555.1172929773859,-818.2524201196737,83.26666666666667
4997,-99.11103656621573,-318.00858806240194,-555.0986580937112,-817.7620501831765,83.28333333333333
4998,-99.4217824231092,-317.0579119312505,-557.0531591100344,-818.3013319292824,83.3
4999,-100.31210593479275,-316.468511588473,-556.3800169041324,-817.6701550606884,83.31666666666666
5000,-99.15788799501908,-316.4622932385892,-554.7073113141655,-817.8343673253864,83.33333333333333
5001,-99.35752325730712,-316.8574027474731,-555.2656797150506,-819.2696284731153,83.35
5002,-99.2794008935881,-317.0519416394737,-556.2291217273512,-819.2448948052634,83.36666666666666
5003,-99.55894916894336,-316.95063724517956,-555.4626526760545,-819.1041220222427,83.38333333333334
5004,-99.31017839005634,-316.6893139798688,-554.7429252670252,-817.876283993454,83.4
5005,-99.48157477251077,-315.73214195059717,-555.5832979533598,-817.457418919802,83.41666666666667
5006,-99.21366017572127,-317.0075702080548,-557.3473209683951,-818.3992358830565,83.43333333333334
5007,-99.08802523444102,-318.1429464680682,-554.635457145688,-817.342672056367,83.45
5008,-99.28864091496403,-316.6797838444571,-554.8558577024909,-817.9558224594331,83.46666666666667
5009,-99.61047702538617,-317.2139135370695,-556.2555892776214,-816.138293891247,83.48333333333333
5010,-99.07143020325742,-317.48551616183227,-554.9546080628842,-817.918113099724,83.5
5011,-99.35047124939678,-316.7429781815405,-556.6114397412073,-820.1898093888987,83.51666666666667
5012,-100.18302705600439,-316.5980848051246,-555.9822234625457,-818.6413395632045,83.53333333333333
5013,-99.37515452561624,-316.40607219852353,-557.8063527852582,-817.7305074676681,83.55
5014,-99.3495556969529,-317.3850134055924,-557.1335143467451,-819.2648618594268,83.56666666666666
5015,-99.46929052930075,-316.71563317155903,-556.3158254662998,-818.1910939175925,83.58333333333333
5016,-99.41914112530765,-317.32722871597264,-557.5669995466714,-820.0184857419396,83.6
5017,-99.88635602591155,-318.03034810078947,-555.037338470635,-819.9411198135391,83.61666666666666
5018,-99.75927503436941,-317.3461711245701,-556.7439069485239,-820.5057351816995,83.63333333333334
5019,-99.63509457484301,-317.57031348528596,-557.0436726753226,-818.9220783675139,83.65
5020,-99.4848312683047,-318.1060402169603,-557.8155244615366,-819.7557565220447,83.66666666666667
5021,-99.4861860794605,-317.534637391402,-557.8993476058939,-819.4811076694428,83.68333333333334
5022,-99.63837525526634,-316.98936146096537,-558.7032753308633,-820.6500716020805,83.7
5023,-99.6557935822116,-315.94443618760613,-557.5028075138896,-818.6178711257002,83.71666666666667
5024,-99.4197605224801,-317.41181186210184,-556.267361974479,-820.2447440072625,83.73333333333333
5025,-99.36947287005988,-316.8673073098666,-556.7282907965439,-819.0008266639088,83.75
5026,-99.70121266190404,-317.3782577285976,-556.8071000205751,-821.2740198200149,83.76666666666667
5027,-100.19458179492948,-317.01040044280427,-557.4723653666866,-821.0090110356882,83.78333333333333
5028,-100.03160354552033,-316.7846844245638,-557.6782695552286,-818.6773518153652,83.8
5029,-99.9461847366806,-317.78490014864445,-556.6786737474093,-820.1395649047306,83.81666666666666
5030,-99.54738478063717,-318.18837195312733,-556.7357398902859,-819.7199217153609,83.83333333333333
5031,-99.83708423750481,-318.73873590422653,-557.8314046382883,-820.4686187921146,83.85
5032,-100.28358844832648,-318.2253721929994,-558.6868247832749,-821.0457872590636,83.86666666666666
5033,-99.62733490902987,-317.3805651432324,-558.7971537333345,-820.4157013699711,83.88333333333334
5034,-99.81055576986378,-318.0892973203984,-559.3025395238154,-820.9972821155252,83.9
5035,-99.66134188810182,-318.8456442229835,-558.6639007306547,-821.5851319222894,83.91666666666667
5036,-99.94724937729274,-318.12590630044986,-557.9639514348139,-821.2246064865827,83.93333333333334
5037,-99.72320160057268,-317.0158527526153,-556.1074391100492,-821.0340503776497,83.95
5038,-100.23514139895407,-316.69081802696746,-557.4760947726713,-820.9281091687378,83.96666666666667
5039,-99.2134707466795,-318.6005337893958,-556.137535008967,-822.3230635852508,83.98333333333333
5040,-100.45023735757476,-318.50463204054455,-558.3536762973459,-822.1894368304012,84.0
5041,-100.30714092370424,-317.5623997973123,-559.299706611286,-820.3959962392707,84.01666666666667
5042,-99.93549091072738,-317.6958820947117,-557.2639523655793,-821.8362477270276,84.03333333333333
5043,-99.69513470156635,-316.6809507736305,-557.5632368258538,-822.0250727102413,84.05
5044,-99.80553820017326,-318.02646871232247,-558.4353718713079,-819.0742912711428,84.06666666666666
5045,-99.5130985698242,-317.76595536422303,-557.6179550197392,-821.0836076447837,84.08333333333333
5046,-99.39700201156593,-317.25152972849384,-560.4714995209715,-818.5307073317257,84.1
5047,-99.93224875595314,-318.0116074705939,-555.535368275304,-821.3161269023268,84.11666666666666
5048,-99.81518484532415,-317.74952023432036,-559.8431738922291,-819.3329851071778,84.13333333333334
5049,-99.71057159227675,-317.2747856750558,-558.806906742742,-820.4366775551367,84.15
5050,-100.15905725782993,-319.4783456293813,-557.1764573326489,-821.9568703934902,84.16666666666667
5051,-100.17072811088738,-317.8031183082343,-557.6503303273442,-820.4586599876814,84.18333333333334
5052,-99.7788636929667,-316.89359986384136,-558.1316726644723,-821.3647642104324,84.2
5053,-100.36856384024303,-318.1831338253423,-560.1025972654766,-821.0403088433483,84.21666666666667
5054,-99.81236365332124,-319.2396107401294,-559.5341321197858,-821.6751078339291,84.23333333333333
5055,-100.14765088701715,-318.4609264173508,-558.6901012348626,-823.2940394059792,84.25
5056,-100.39342168639645,-318.7303970309308,-558.2856058740706,-822.9963351932956,84.26666666666667
5057,-99.99131998035642,-320.10398314481944,-558.3389208380645,-823.9831026773896,84.28333333333333
5058,-99.43443538016884,-319.04410333087486,-558.5651841046662,-822.5285175263706,84.3
5059,-100.62318017777757,-318.22066882185663,-557.518268625047,-821.1148248909615,84.31666666666666
5060,-99.66771608090585,-319.38528693461484,-558.0537420225804,-821.3457720017956,84.33333333333333
5061,-99.96910699373437,-319.3581543083835,-560.2273682136805,-821.1731626698493,84.35
5062,-100.18322922633998,-319.5427210219791,-558.8544298675861,-822.3776390389548,84.36666666666666
5063,-99.9922859738917,-319.128124450844,-557.5491509543383,-822.2936968695046,84.38333333333334
5064,-99.87371409721584,-318.0860927298647,-559.1085581410147,-822.4034097506742,84.4
5065,-100.02156426347698,-318.5744796275288,-557.4896978007081,-822.06080466727,84.41666666666667
5066,-99.62488667380099,-317.45511799355756,-556.1583785165842,-821.5587067444875,84.43333333333334
5067,-99.27309257332594,-317.0822403061294,-557.2075992377808,-822.5070172888145,84.45
5068,-100.11823188518129,-317.80766174056754,-559.8291585284173,-823.1541847616548,84.46666666666667
5069,-99.73217221498908,-319.66005642938563,-558.6492700702889,-822.4253314980839,84.48333333333333
5070,-100.52033008611342,-318.7717502851527,-559.0923559640794,-822.46576519973,84.5
5071,-99.75122127420869,-319.7190317455438,-559.5679820979767,-823.2304166838722,84.51666666666667
5072,-99.51085960583643,-318.1516381286178,-559.1393655643362,-820.7928930903694,84.53333333333333
5073,-100.34823997458203,-318.1123392918954,-557.9108960899459,-823.8136688037474,84.55
5074,-99.9339818742047,-320.12254971958157,-559.1075879211616,-823.979664948355,84.56666666666666
5075,-99.10313171355946,-318.59145083160206,-559.6975797793563,-821.2187495209843,84.58333333333333
5076,-100.65658182445983,-317.69654703561145,-557.6547760592443,-821.9075155214739,84.6
5077,-99.55805112783521,-318.0511027062844,-559.1486547159004,-821.5626261784812,84.61666666666666
5078,-100.04209120973537,-318.8917128658689,-559.2946630425174,-822.2414101502993,84.63333333333334
5079,-99.84865459288343,-318.6385849996446,-559.4855838139011,-822.6201047539025,84.65
5080,-99.90410328576428,-317.9291521803254,-559.4596642334875,-821.2716359524807,84.66666666666667
5081,-99.47060099739343,-319.3291101336579,-558.6831859772453,-822.9194822963124,84.68333333333334
5082,-99.58661989281147,-318.82539894457494,-559.5218914995453,-823.1251700453148,84.7
5083,-99.64011478971683,-318.3832795215796,-559.1569538863642,-824.1826584604105,84.71666666666667
5084,-100.21874724956885,-319.0240224363496,-558.4432369982761,-821.3129145189538,84.73333333333333
5085,-99.74415111689848,-320.50437965771135,-558.4765270112835,-822.5485097784319,84.75
5086,-99.8762125463057,-319.3656845932724,-559.7249203889319,-823.0741055697025,84.76666666666667
5087,-100.22779069247821,-317.4847172882782,-558.4631039218441,-824.626480344876,84.78333333333333
5088,-100.19509885972683,-319.1088158456954,-559.1394094355082,-822.7554146567645,84.8
5089,-99.66203611135364,-318.7846547765789,-560.9284334000432,-823.0832519896281,84.81666666666666
5090,-100.65857752299102,-320.78056646941496,-558.6603376101767,-823.5590270363219,84.83333333333333
5091,-99.76380990007571,-319.289105418667,-559.1519551233596,-823.7785844769654,84.85
5092,-99.72667970785085,-317.58347018634055,-560.7662503183415,-822.9832476478427,84.86666666666666
5093,-100.59696660649188,-318.0025688122415,-560.2023471380132,-822.3444892059598,84.88333333333334
5094,-100.21429040096945,-319.77964576173133,-558.9799232415194,-824.3481957742918,84.9
5095,-99.97343931397413,-319.5059220457345,-558.8010299725257,-821.9916506887146,84.91666666666667
5096,-99.54378464119772,-318.28206409706155,-559.783249208173,-821.8458311919935,84.93333333333334
5097,-100.38630488606081,-318.27819246017816,-559.9854576902301,-824.4704109923177,84.95
5098,-100.16576610887552,-318.80880623070476,-560.0026778790801,-822.6461226761381,84.96666666666667
5099,-100.32071866200991,-320.06876778002066,-559.818504295222,-822.4210890442723,84.98333333333333
5100,-99.6718558894736,-320.668110292145,-559.6828233025548,-822.1124761497185,85.0
5101,-100.25213274723508,-319.08020287641716,-559.6887795799126,-823.6229396953564,85.01666666666667
5102,-100.45683760209323,-318.92948743639386,-559.3839361425192,-823.1280307957676,85.03333333333333
5103,-100.24301790650924,-318.19987704246205,-559.9834161899597,-823.2411456858667,85.05
5104,-100.0703881310468,-319.2450756218542,-559.4071535316746,-822.7520311282655,85.06666666666666
5105,-100.1173123845347,-318.2022136323161,-560.0597919194558,-824.1582288748664,85.08333333333333
5106,-99.33207476246218,-319.06062549198526,-560.0881054939287,-823.7817554895444,85.1
5107,-100.05848377109731,-318.7600708472203,-559.3854119018763,-822.6391644062704,85.11666666666666
5108,-99.87225554364285,-317.2162740980331,-560.4382741959336,-823.7491048138882,85.13333333333334
5109,-99.58476189747518,-318.401020752185,-559.3202430896373,-824.1485843341658,85.15
5110,-100.46486073801829,-319.5199045944713,-560.8487385278751,-823.8472486656286,85.16666666666667
5111,-100.18800868265704,-319.5219248698612,-559.8934240282582,-824.2962483790271,85.18333333333334
5112,-100.49525291983926,-319.71259528755826,-560.1275133546433,-823.6592617325384,85.2
5113,-99.967428035394,-319.26095028944513,-560.463041444556,-822.6323481563819,85.21666666666667
5114,-100.10093892590855,-318.6249042739973,-559.9752236035505,-822.5006841564626,85.23333333333333
5115,-100.14697105200486,-318.29147409623897,-558.9342084940255,-822.5747561967313,85.25
5116,-100.34844631380152,-319.0224432467947,-558.1203582543794,-822.9626549596921,85.26666666666667
5117,-99.83361978384764,-318.6824697849452,-560.567889346237,-821.6316165615254,85.28333333333333
5118,-100.25471935383653,-319.0124336775254,-558.3936940402959,-822.318646313061,85.3
5119,-99.97998922035156,-318.99300115722275,-559.9078489599865,-823.7903202309493,85.31666666666666
5120,-101.20212737419918,-319.1744204573321,-559.7214647802091,-823.0491237788808,85.33333333333333
5121,-99.89757317122614,-318.48963589850143,-559.1087477954444,-823.3212202505753,85.35
5122,-100.82042434869268,-319.21765884661517,-561.228604579865,-825.2045694877506,85.36666666666666
5123,-100.69678848308251,-318.0738881851908,-560.0797853597273,-822.3598933566448,85.38333333333334
5124,-99.76847378933354,-320.642647919594,-558.2868762729804,-823.8624523404081,85.4
5125,-100.02159072017336,-318.97806337363204,-559.1631704526784,-822.5397720830514,85.41666666666667
5126,-100.23291778071312,-318.5257661906658,-559.444417310236,-823.3560417723455,85.43333333333334
5127,-100.05510222749155,-317.84150414157625,-559.7168349762139,-822.2653753608791,85.45
5128,-99.17822448685833,-319.90378237139106,-558.1296832458276,-823.046866010812,85.46666666666667
5129,-99.97983874211752,-319.30071203331755,-560.50876072346,-824.2276546074654,85.48333333333333
5130,-98.99468383108524,-318.84124006681367,-559.96396583339,-821.4111245707455,85.5
5131,-100.58398005261787,-318.74407309933815,-559.6028790433828,-823.6476515319113,85.51666666666667
5132,-100.53282733061101,-318.5115188318866,-558.0902498201401,-823.9143471768865,85.53333333333333
5133,-99.79629801831574,-319.1339411203686,-558.2616257313396,-823.2504571899581,85.55
5134,-100.09061432558661,-318.7365065585693,-558.4689925962502,-823.1396494469782,85.56666666666666
5135,-100.21221026297317,-319.03745949293426,-560.8430956712531,-823.2271837708208,85.58333333333333
5136,-100.4752177380679,-319.3615962393771,-560.2229118728687,-823.9190006189665,85.6
5137,-99.86127731227899,-319.8876122603416,-559.7771103936917,-822.59038439453,85.61666666666666
5138,-100.58397775819155,-319.0511525868,-560.1199700791061,-825.4786588909626,85.63333333333334
5139,-100.8681440458164,-319.4045560145235,-558.5668925089226,-823.8885080894738,85.65
5140,-99.64342435796262,-319.02075443325396,-560.7009315785278,-824.104165163375,85.66666666666667
5141,-99.9978533129393,-318.81955587333476,-558.3116266244524,-823.8195240545791,85.68333333333334
5142,-99.59072263837204,-319.1348009006913,-559.0466643086517,-821.3264840524215,85.7
5143,-100.03491591462345,-317.8948966816834,-559.1648488036872,-823.773255813591,85.71666666666667
5144,-100.19426203897909,-319.68122959755374,-561.3865678699196,-821.9305603090384,85.73333333333333
5145,-100.63257328972138,-319.6087463610584,-560.2763453124019,-824.8478624160027,85.75
5146,-98.94059692565149,-318.92868970820655,-559.7221109390737,-822.1701237150828,85.76666666666667
5147,-99.89342082290756,-320.64122301645136,-559.4193305098864,-824.1029602042088,85.78333333333333
5148,-100.27211754394538,-319.6604686493526,-560.128374456512,-824.7035148540272,85.8
5149,-100.42788806604631,-319.55482024892535,-560.0570496087566,-822.566945732635,85.81666666666666
5150,-100.44900046112144,-318.55881255556284,-560.936028911933,-825.4488135215582,85.83333333333333
5151,-100.50317939475093,-319.6657255359988,-557.9234644410722,-823.6114550366638,85.85
5152,-99.90812426999605,-319.1670136272088,-559.7819246058768,-824.2049080327337,85.86666666666666
5153,-100.3887334418228,-318.34618731831364,-561.2157963115978,-825.4222369188137,85.88333333333334
5154,-100.36392659469237,-319.93803534229033,-559.1550295876071,-823.1377796008204,85.9
5155,-100.69624153759653,-319.65036831092874,-561.0350038058041,-823.0151296632114,85.91666666666667
5156,-100.5373693878109,-318.1703192692399,-561.7931631588118,-822.5186965763324,85.93333333333334
5157,-100.10741139383885,-318.7070940200347,-559.9629732358812,-824.3985032097493,85.95
5158,-99.887595666904,-319.23842239329014,-559.2470890864199,-822.4408967748062,85.96666666666667
5159,-100.20917607204609,-320.5900080165119,-559.7880500619715,-823.7356514555195,85.98333333333333
5160,-99.3399293074376,-319.49323271800233,-561.4371120380664,-823.7499548553347,86.0
5161,-99.29597432067312,-320.8542082752279,-557.7921226521242,-823.0091047403631,86.01666666666667
5162,-99.75794149578562,-319.2438168568498,-556.6416264510691,-818.6859392261766,86.03333333333333
5163,-99.2099070711386,-318.38182231255536,-555.6771860727407,-816.9795366202964,86.05
5164,-99.12959073755705,-318.5282718856762,-553.8828880826042,-814.7152008938323,86.06666666666666
5165,-99.57634825209969,-316.24449960145074,-553.8595747450303,-812.7990726985522,86.08333333333333
5166,-98.89565260759873,-316.5237030025835,-552.7599693972929,-811.5197511038604,86.1
5167,-98.66224149384546,-314.7373918421105,-548.6853618815184,-808.4494880298281,86.11666666666666
5168,-98.51535670191579,-313.68764167918084,-548.6819188355363,-808.4061720236531,86.13333333333334
5169,-97.02513385907761,-313.18517804337057,-547.1359687684543,-805.9982358594079,86.15
5170,-98.20428055245941,-311.9140834599715,-545.4659799966876,-804.5231002338387,86.16666666666667
5171,-97.56062544033125,-311.7544309912297,-546.2754482841696,-802.0156520801684,86.18333333333334
5172,-97.33174825854195,-311.30351488108863,-544.6701190655234,-800.5026921335086,86.2
5173,-96.85247782999231,-310.23985261574234,-542.7954726426827,-798.1915889157631,86.21666666666667
5174,-96.62502969657913,-308.67681436450374,-541.8775529893836,-797.1381276339242,86.23333333333333
5175,-96.28799527786892,-310.7664124018598,-541.3496250644832,-795.8085802622369,86.25
5176,-95.93280456313869,-308.1644141627652,-539.1510989522682,-793.6697317396629,86.26666666666667
5177,-96.79640419183227,-307.8341413550309,-539.2418356636954,-791.6074942713958,86.28333333333333
5178,-96.6516781853698,-308.5542769458616,-537.1476389091937,-791.8585788025192,86.3
5179,-95.70777898351847,-306.5061243737424,-537.4187266180851,-789.0186300590137,86.31666666666666
5180,-95.89885199673664,-306.1690702957958,-535.7691252117842,-787.9772435104909,86.33333333333333
5181,-95.89377510166427,-306.054870576265,-534.4451345170971,-786.4629516646584,86.35
5182,-95.62123577310582,-305.9858884780171,-534.0521769314922,-785.1927628061972,86.36666666666666
5183,-95.08606222771628,-304.31184196601373,-533.0771665177091,-783.2020278984033,86.38333333333334
5184,-95.13010603667854,-305.5381692963108,-532.2315138845745,-782.2923736789973,86.4
5185,-95.53040081404843,-304.16634834275175,-530.2606529137029,-781.6506042624138,86.41666666666667
5186,-95.29157447450602,-303.3620625371795,-529.7629412285738,-779.669416026114,86.43333333333334
5187,-94.61320298644804,-304.32247238951203,-529.3600091300655,-779.1272998515602,86.45
5188,-94.75176477766608,-304.0942694795617,-529.7818409741706,-777.4426510769506,86.46666666666667
5189,-94.57978847479605,-300.7561133622066,-527.8948796512054,-777.8997678628402,86.48333333333333
5190,-94.18803132010227,-301.49072352018493,-527.2380043534882,-775.0201706036898,86.5
5191,-94.80100657638748,-301.12942702533354,-527.1139595522254,-774.868161048148,86.51666666666667
5192,-94.71775810902439,-300.2979348321486,-527.1275867648693,-774.6382870345394,86.53333333333333
5193,-93.69171004140722,-300.30947199995455,-525.1649193081471,-773.2598515152897,86.55
5194,-93.73388593183716,-299.2319546195899,-523.5218660592177,-773.0594773020043,86.56666666666666
5195,-93.2671775679913,-300.1924193517824,-523.2524350968234,-772.1301243761928,86.58333333333333
5196,-93.77351805392196,-299.540192712771,-524.3232913300151,-770.3872509312531,86.6
5197,-94.10744371519532,-300.29571920519345,-522.4333128310234,-770.9315924074539,86.61666666666666
5198,-93.4218895715729,-298.9778890188416,-522.1285403217618,-770.3085400770593,86.63333333333334
5199,-93.74944895975872,-298.57431292476343,-521.8638649958627,-766.1681418875537,86.65
5200,-92.79794651092942,-297.36605596907594,-520.5937920032818,-766.0092016758184,86.66666666666667
5201,-93.99570259363188,-297.1542801573458,-521.2044222852338,-765.8702138868863,86.68333333333334
5202,-92.7710844745325,-297.40989575747636,-520.6398217111897,-764.0067943748078,86.7
5203,-92.83052879825526,-296.91635216031733,-520.2037229643325,-763.7200015520443,86.71666666666667
5204,-93.10057273696789,-297.34978955610774,-519.2524864485758,-762.5229561172134,86.73333333333333
5205,-92.64897651544182,-296.9142142760404,-518.5821992857528,-761.0682665092008,86.75
5206,-92.53912140113589,-296.0292697575652,-518.3375035029967,-760.1215278864785,86.76666666666667
5207,-92.3385939696847,-295.99036279141797,-517.5749848390063,-761.6606947465173,86.78333333333333
5208,-93.08526204688418,-295.1517609699249,-516.7909060470962,-758.6724356672356,86.8
5209,-92.70801752586071,-295.21819691146055,-518.4854081694842,-759.2890959052284,86.81666666666666
5210,-92.52641232870589,-294.5448566800248,-516.5072767312724,-760.4785620366853,86.83333333333333
5211,-92.82476912293919,-295.1296366926968,-514.6109405768234,-758.0243972053031,86.85
5212,-92.06214992412535,-294.816232639087,-515.2003636899326,-757.2005273297541,86.86666666666666
5213,-91.73867327257231,-295.02816795727165,-514.3749481733133,-758.154302059963,86.88333333333334
5214,-92.27817221802134,-293.19058244518715,-515.5941079917679,-756.4041403090852,86.9
5215,-92.21808974450326,-293.7921932188321,-511.82111918057427,-754.9915070747003,86.91666666666667
5216,-91.36597467672182,-293.79072931479664,-514.115279756876,-755.8796369835622,86.93333333333334
5217,-91.94123060602558,-291.7264231427358,-514.2631706012896,-753.4057513339295,86.95
5218,-91.79718615221744,-293.2015586605256,-512.8279770547797,-751.7642602350614,86.96666666666667
5219,-91.62417355099961,-292.53345909692223,-512.9701685257678,-754.0724007643051,86.98333333333333
5220,-91.51860820237383,-293.16733781164004,-512.0040465127311,-754.3709611736614,87.0
5221,-91.23083801077892,-292.84715161634375,-512.2379680128404,-753.4927608292609,87.01666666666667
5222,-91.05638799068505,-291.9915700587768,-512.8097043835454,-753.1025569812621,87.03333333333333
5223,-91.6556251121392,-292.91747413369626,-511.0256993067978,-751.2170888303217,87.05
5224,-91.96234766279808,-291.51466666220455,-510.3042803233826,-750.9249842759652,87.06666666666666
5225,-90.75999286519189,-290.8830341111618,-510.6199222782877,-751.1192158830951,87.08333333333333
5226,-91.24589569903478,-291.6040378476387,-511.04228766779465,-750.2259114953592,87.1
5227,-91.51861844930043,-291.56147846084195,-510.2843560916272,-750.2139873100989,87.11666666666666
5228,-91.08026596742344,-291.77838650740017,-508.34934827607873,-749.7594714856225,87.13333333333334
5229,-90.64343163086028,-291.35402957766973,-508.5961007309764,-750.0657223319746,87.15
5230,-91.43765464867137,-290.3362718251492,-508.13988717980834,-749.4555965188136,87.16666666666667
5231,-90.7452667834781,-291.31581124768815,-509.4942659771003,-749.2457479785741,87.18333333333334
5232,-90.56019474568261,-289.8359025304049,-509.45695141429513,-750.174806233188,87.2
5233,-90.13946050312444,-290.42359967032667,-508.13899533629024,-747.3303460616017,87.21666666666667
5234,-90.91481291999979,-291.02253295423395,-508.0155602796125,-747.5802151090867,87.23333333333333
5235,-91.21187406149576,-291.2001401913171,-507.6406130255663,-747.0071301504984,87.25
5236,-91.00377357679768,-289.3960478662949,-507.83991138141675,-748.0496474882052,87.26666666666667
5237,-90.67736821913505,-290.11392860596993,-507.85484101386436,-745.1313653632758,87.28333333333333
5238,-90.98590991422267,-289.8727813893525,-508.9613210298568,-745.2591983654094,87.3
5239,-90.78466642218662,-288.5282621121497,-506.0308917095489,-746.0194108369261,87.31666666666666
5240,-91.00313367798508,-288.92888396924207,-504.86161587601975,-746.0806263857135,87.33333333333333
5241,-90.37195252755212,-289.1259760505597,-506.14088175259695,-746.836862258473,87.35
5242,-90.74517940175716,-289.80171705556774,-506.28079996757265,-745.2958499291407,87.36666666666666
5243,-90.35794086187218,-289.5313872191724,-506.2537427104921,-746.3140028555013,87.38333333333334
5244,-90.40010485511364,-289.9242775044987,-504.7698020327632,-745.1236500070454,87.4
5245,-90.77761632954542,-288.8058607214143,-506.3150067101882,-743.8778586176471,87.41666666666667
5246,-90.5251149313655,-287.93015292643594,-505.72128322902256,-742.9675119646805,87.43333333333334
5247,-90.73961623330692,-287.96563674093284,-504.1584625987689,-743.9742505568086,87.45
5248,-90.29049292858069,-288.1124206033932,-504.8085491477355,-742.6852041834685,87.46666666666667
5249,-90.41634827512668,-288.5168072168874,-505.1420931514964,-743.1510385277147,87.48333333333333
5250,-90.08925147325918,-288.5643891227778,-505.5967290276083,-743.2965835729874,87.5
5251,-90.2313017811083,-287.969732329096,-504.11115072522324,-743.3902632051454,87.51666666666667
5252,-90.56580325650269,-287.9910270614741,-504.56417240835736,-742.3326748206931,87.53333333333333
5253,-89.8084935125228,-286.59178841182035,-503.5324915707304,-741.6276184572329,87.55
5254,-90.6316540330222,-287.36521014919833,-503.0099641004425,-740.370315218331,87.56666666666666
5255,-90.20474528819722,-287.2884248389639,-504.03130254171356,-742.4853543425176,87.58333333333333
5256,-90.5378499440487,-287.44147358312046,-504.3646845581692,-743.400774804778,87.6
5257,-90.33655230143818,-287.67090031231703,-503.88845952023155,-742.2576043899558,87.61666666666666
5258,-90.00147451400578,-288.5319013259997,-502.63172867485633,-741.1459105954727,87.63333333333334
5259,-91.00535692676424,-287.4519833355428,-503.1807513014109,-741.4359889594144,87.65
5260,-90.03172015087391,-287.1857802113296,-502.9664411610883,-741.013694634236,87.66666666666667
5261,-90.34136998281595,-286.11158264719876,-504.306308684115,-739.5346446652227,87.68333333333334
5262,-89.41803483518161,-288.8704442679653,-504.13088952390564,-739.437620532323,87.7
5263,-90.28099180521006,-286.28999279047963,-502.37548968475596,-740.8237618398479,87.71666666666667
5264,-89.90756710050086,-287.17904641262334,-501.834438917454,-738.6378150695049,87.73333333333333
5265,-89.68862297808658,-286.7255438838318,-502.9965704305852,-739.4549958398269,87.75
5266,-89.83620841988419,-286.4913882269126,-503.3208377537475,-739.5304446694578,87.76666666666667
5267,-90.42841927669211,-287.1018637556942,-502.68868153148077,-740.839027505097,87.78333333333333
5268,-90.3699999534559,-286.62316708545353,-502.4733897432963,-737.986442283506,87.8
5269,-90.14060074615742,-287.84950049216155,-502.10080187735986,-740.1130318788826,87.81666666666666
5270,-90.07352192745424,-286.8221419016924,-502.54598673313194,-739.2650302319497,87.83333333333333
5271,-89.81742624522285,-286.88598982073063,-502.2545875099863,-736.6989132312127,87.85
5272,-90.21893207281741,-287.03941324192704,-502.90453633216237,-739.7623589071432,87.86666666666666
5273,-89.90657979360465,-286.4605375507611,-503.3680879012377,-739.3595918697544,87.88333333333334
5274,-89.46635925533494,-285.7440532815296,-502.1733803346995,-739.6990363462829,87.9
5275,-89.08372085859294,-287.26338040331683,-502.8453439426628,-738.5615044290745,87.91666666666667
5276,-89.74702559381221,-285.97620787299564,-501.78017010963515,-738.6899406949831,87.93333333333334
5277,-89.98212630274259,-286.5784098134045,-501.3283750359397,-737.7744902936481,87.95
5278,-89.90740790833567,-286.0400918089384,-501.80297679649686,-738.1661242347592,87.96666666666667
5279,-89.65537475297918,-285.77288875075465,-501.8520501793325,-738.1754956987902,87.98333333333333
5280,-89.89696116455242,-286.7848616255542,-500.9553801955932,-738.8307177051604,88.0
5281,-89.75912516172932,-286.0542455301088,-501.9093653620287,-736.6446531810365,88.01666666666667
5282,-89.76833898793365,-286.0568943012286,-501.22095050956665,-737.3908627754203,88.03333333333333
5283,-89.9523231634504,-286.01020946460505,-500.14761413417244,-738.9036345840984,88.05
5284,-89.60037695684795,-285.6762870970097,-500.25466263001954,-736.4409408301424,88.06666666666666
5285,-89.59774456408158,-285.6773334811431,-501.84921894985587,-736.25562660966,88.08333333333333
5286,-89.73625157989497,-286.86030344640193,-501.6885269914632,-736.2408638116017,88.1
5287,-89.82091442310757,-286.3481626210625,-501.226828148723,-736.7838886329168,88.11666666666666
5288,-90.260654442389,-285.6816161533053,-501.39577233100357,-738.3345870435936,88.13333333333334
5289,-89.42002341504363,-285.542325073909,-500.833804183155,-735.39060764856,88.15
5290,-89.59755633717528,-286.4484154068647,-501.4679200555151,-738.4256995218127,88.16666666666667
5291,-89.58244800376804,-285.2122665892179,-502.0480819571666,-735.6045769451658,88.18333333333334
5292,-89.03021537375977,-286.53661199459833,-501.42659545788877,-736.7210934645685,88.2
5293,-89.40461403687924,-285.0725338916315,-500.67602184101565,-736.242524835196,88.21666666666667
5294,-89.81778824357154,-286.07751486154314,-501.80130734079324,-736.913069543591,88.23333333333333
5295,-90.12086856170598,-286.69589962234954,-500.47662861449606,-736.5549978380253,88.25
5296,-89.74357493140275,-284.870756301487,-499.20778930498983,-736.5881676480756,88.26666666666667
5297,-89.64615309119972,-285.7405908875171,-501.50144457531223,-736.4122990429115,88.28333333333333
5298,-90.23652487147166,-284.8232506641711,-500.23721176501533,-734.7607385350057,88.3
5299,-89.85602328209784,-287.3158410769458,-499.5273336345796,-733.9009077417072,88.31666666666666
5300,-89.21562966677783,-286.004666132886,-500.1752320631082,-735.0827212899762,88.33333333333333
5301,-89.74025035338255,-286.18140872389324,-499.68936966482477,-735.8286779771977,88.35
5302,-89.48339452688235,-286.12277364990297,-500.91269237460006,-733.8756287854452,88.36666666666666
5303,-89.44266218661183,-285.92577061646716,-500.5836404198502,-736.537161699193,88.38333333333334
5304,-89.80444777223681,-284.758204431745,-499.9639082321977,-734.4880529722636,88.4
5305,-89.35503213753971,-285.57569721168204,-499.9093942689792,-734.8367591112427,88.41666666666667
5306,-89.87386370217094,-284.88758906925915,-500.6906172977232,-736.3350082295235,88.43333333333334
5307,-89.78108086234326,-285.7445298379635,-500.8654987309993,-735.8665016396435,88.45
5308,-89.93931259833619,-284.80285369395364,-500.03079304292197,-734.0827743618213,88.46666666666667
5309,-89.64118535360028,-285.33149545079334,-499.59501654643014,-734.8565605955473,88.48333333333333
5310,-89.51905082316156,-285.65864977732167,-500.2135694015828,-737.0206606031308,88.5
5311,-90.01814543327107,-283.99771288829015,-500.16974449929415,-735.1225882078693,88.51666666666667
5312,-89.27299051346255,-285.1761900904913,-500.2015414785321,-734.9945525273907,88.53333333333333
5313,-89.65140491080834,-284.5167492638201,-500.2969909457586,-735.1577234817547,88.55
5314,-89.55559890741111,-285.98887622096265,-500.94956080138775,-734.5259894132101,88.56666666666666
5315,-89.45240876888886,-284.90997557223557,-499.90913119646564,-734.7648183838395,88.58333333333333
5316,-88.93469107220187,-285.3026164044587,-499.4448780163674,-735.8278387628304,88.6
5317,-89.49895951358009,-284.43426511065667,-500.82981901386825,-736.0927933226943,88.61666666666666
5318,-89.87914172670995,-285.19095132720923,-497.9629172615218,-735.0941568243544,88.63333333333334
5319,-88.89303447096908,-285.99086974372017,-499.24643249194133,-735.8722355696644,88.65
5320,-89.25260736011427,-286.0525750140118,-500.0059785491754,-734.4042011816917,88.66666666666667
5321,-89.55557861015791,-285.28966862907043,-500.31734750689486,-735.7446936774559,88.68333333333334
5322,-89.74418128888091,-284.73374504200433,-500.4649242413871,-735.8743503200229,88.7
5323,-89.29320803869255,-283.49476117506583,-499.07609249111397,-734.0319027007755,88.71666666666667
5324,-89.58858380617404,-286.50874845493394,-499.7881899753317,-734.3624943469141,88.73333333333333
5325,-89.27315705695327,-284.4054106392721,-499.656044523217,-734.9283870648655,88.75
5326,-89.64873401884363,-285.51111586241524,-498.9118767893133,-734.2225330145335,88.76666666666667
5327,-89.05059236575707,-285.334498044215,-500.125222177054,-733.9591619131518,88.78333333333333
5328,-90.1230356542942,-285.446456797702,-501.0490417650149,-735.2897614166299,88.8
5329,-89.3345929527166,-284.2401736798072,-498.3615670837203,-734.8760542625519,88.81666666666666
5330,-88.7742312660129,-284.3356287434005,-498.7501020457296,-732.907800118075,88.83333333333333
5331,-89.60174259420434,-284.9805429369247,-499.8636214797228,-734.3918788661414,88.85
5332,-89.94759088931806,-285.72514120910324,-500.6089211101586,-735.1238924374119,88.86666666666666
5333,-89.12784701240878,-284.90598318441573,-499.275757286242,-734.6650584918206,88.88333333333334
5334,-89.53971535991573,-285.67266972166635,-499.0474987145778,-734.2836799140836,88.9
5335,-89.3259634372493,-285.6411022216798,-499.3261351105363,-733.6408297548345,88.91666666666667
5336,-89.41418311928705,-285.37059016159776,-499.90047460077403,-733.4583073425435,88.93333333333334
5337,-88.21636477245461,-284.6715386569524,-500.1994022320227,-735.0844908134669,88.95
5338,-89.23770177055208,-285.370922782695,-499.4583759349691,-733.737157222531,88.96666666666667
5339,-89.2702940261879,-284.98132060492475,-499.0804114888004,-732.3381992715164,88.98333333333333
5340,-89.49889042555169,-284.0127284797756,-499.9865230491286,-731.8287560420058,89.0
5341,-88.76571019906257,-285.42479616568767,-499.15114166047755,-733.6406291410565,89.01666666666667
5342,-90.62876761015208,-286.3924956675689,-502.7976217523656,-735.8275257890342,89.03333333333333
5343,-89.56223006149344,-287.4921865841216,-502.67108321282,-738.368293836108,89.05
5344,-90.48556650178318,-288.72031582667563,-503.91106322122107,-739.6248466196001,89.06666666666666
5345,-90.50422714910664,-288.08968866878956,-505.1616467127525,-743.4611468861037,89.08333333333333
5346,-90.75060233299034,-289.2145740729948,-507.8869566753123,-744.6210651722703,89.1
5347,-90.476810199842,-290.2036988007339,-507.866129706643,-744.3366831812542,89.11666666666666
5348,-91.72537954539051,-290.28711970420255,-509.6614199437893,-747.0558160737518,89.13333333333334
5349,-91.02946188799412,-292.0233484457774,-510.5919421124566,-750.4900278349915,89.15
5350,-90.92098091610131,-292.06180175898436,-512.032617837632,-750.2476375212956,89.16666666666667
5351,-92.01761377954065,-293.1479223765858,-513.2747385261337,-752.7772572493337,89.18333333333334
5352,-92.56852632834281,-293.46029645498965,-512.8348582103757,-754.0301359848303,89.2
5353,-92.27189981915447,-294.4905537882722,-516.5845187373175,-757.6783463289338,89.21666666666667
5354,-92.0101684060945,-294.372885681138,-517.3527384891063,-756.6033182599601,89.23333333333333
5355,-91.87900021291367,-294.9677305623419,-516.4479624304997,-759.705461088122,89.25
5356,-92.81439866715476,-295.5284294991425,-518.9783688012288,-759.450349667297,89.26666666666667
5357,-92.95312974801695,-295.9031771284188,-520.298086794809,-762.5588238778433,89.28333333333333
5358,-92.8117419910458,-297.6605304985809,-520.6616990892022,-763.6316838839605,89.3
5359,-92.98997478719154,-296.72277837002287,-521.6082953325864,-766.4795908849003,89.31666666666666
5360,-92.89354489804333,-298.27249853205024,-522.2887335095685,-766.2791480533299,89.33333333333333
5361,-93.66626875657383,-298.3204208320376,-523.5846156281046,-769.4822253067357,89.35
5362,-93.75935711391361,-299.4067506913441,-523.9532935730355,-770.290542725881,89.36666666666666
5363,-94.84635055939034,-300.1143805496418,-523.7784444807301,-770.1935202301272,89.38333333333334
5364,-94.4057430779666,-300.39719126055854,-525.7569584499613,-772.3408168589327,89.4
5365,-94.1076399320236,-300.5549504170439,-527.2034774802853,-771.6693999087703,89.41666666666667
5366,-94.13298322773429,-302.36024116399705,-527.8202735928143,-775.1335338811949,89.43333333333334
5367,-95.49942895890494,-300.45655409193745,-528.458120731816,-775.3077339480756,89.45
5368,-94.55536788906055,-302.34934588628875,-530.088985646472,-775.9704827370585,89.46666666666667
5369,-94.4306727798857,-301.7862588091702,-528.9687576557523,-778.0852228504727,89.48333333333333
5370,-95.23762648848225,-302.59184968041427,-529.7349549836398,-779.5592012149904,89.5
5371,-94.96033043679262,-303.74130265774255,-531.5112233986692,-779.9603515594742,89.51666666666667
5372,-95.35940046346498,-304.514147221909,-532.9745063948685,-782.497956291462,89.53333333333333
5373,-95.43235244642946,-303.94058101314863,-533.6369194359788,-784.1563991734798,89.55
5374,-95.69220952744146,-303.82025738847375,-534.3047257144109,-783.4345070455767,89.56666666666666
5375,-95.23835162729836,-305.4783429500146,-534.3747613056734,-784.4991263135694,89.58333333333333
5376,-95.55341922409148,-304.4570289322114,-534.349859383127,-785.7701148209188,89.6
5377,-96.09243747038326,-305.48739062561935,-534.6070015234411,-784.8505781913188,89.61666666666666
5378,-96.24125567637974,-305.89135682382164,-535.9050884406433,-789.2943233165845,89.63333333333334
5379,-96.56209527224432,-304.0873712653685,-537.2307893548214,-789.7116939722375,89.65
5380,-95.84447240816992,-306.74224848291146,-537.2696190669548,-788.9380341830564,89.66666666666667
5381,-95.8796489212742,-307.4767613993325,-539.1124583400382,-791.31715883129,89.68333333333334
5382,-96.32491659547509,-306.69134145282646,-538.7663965416341,-790.8918047501649,89.7
5383,-96.74200763609063,-307.2651097649428,-540.6592183669823,-792.248153571961,89.71666666666667
5384,-96.74450893912544,-307.59407100218897,-540.2561657669831,-794.7182561671518,89.73333333333333
5385,-96.99109264479112,-308.03636209958484,-540.3094303764598,-793.672620169482,89.75
5386,-97.19511841343247,-310.4480190220796,-541.7861243487021,-796.3520754554839,89.76666666666667
5387,-97.19917581458355,-309.5185869919494,-541.9306617602693,-795.7164480514618,89.78333333333333
5388,-97.14382412682595,-309.0014613498371,-542.5814966420044,-797.1706642312322,89.8
5389,-96.98870019061061,-309.64711315648606,-543.167645577156,-795.6695281568802,89.81666666666666
5390,-97.29459041995821,-309.81611772794577,-543.2659497627633,-799.7396924571707,89.83333333333333
5391,-97.18314311362016,-310.60506982343844,-545.4313057929415,-799.0306703392941,89.85
5392,-97.4355785290738,-312.02135014343463,-544.354286453626,-798.4940506735045,89.86666666666666
5393,-97.43139416112885,-310.8621680548933,-544.7682288888233,-802.6719582047936,89.88333333333334
5394,-97.86622442141339,-310.7476047997375,-544.4885484924613,-799.3134418867985,89.9
5395,-97.81080276013292,-311.9894992499878,-545.237280626616,-801.6615948173842,89.91666666666667
5396,-97.39570207221308,-312.2865439120928,-546.6412066050842,-802.3283590483877,89.93333333333334
5397,-97.60276915635815,-312.050574507828,-548.0768365448652,-803.9319631987516,89.95
5398,-98.10567555356288,-311.36556281577725,-546.5227126257707,-805.6186140236805,89.96666666666667
5399,-98.16879523172474,-311.51388400292757,-549.4957096256737,-803.3282350180943,89.98333333333333
5400,-98.4482036505391,-313.67383995788555,-547.841165207059,-806.1448098620783,90.0
5401,-98.00482408943314,-312.37956814007936,-548.7878903755931,-805.9018636073952,90.01666666666667
5402,-98.51034789217462,-313.09207056090463,-549.4556644005592,-805.09200587699,90.03333333333333
5403,-98.63711869474656,-312.48704112069873,-548.904800392203,-807.7321154041913,90.05
5404,-98.99593465356844,-313.1003155224443,-549.9503401077505,-807.0866660430089,90.06666666666666
5405,-99.10700555084135,-314.33472364602187,-549.344451731654,-807.7271212277087,90.08333333333333
5406,-98.62206089047021,-315.198211208308,-549.9177555360803,-809.3878945751509,90.1
5407,-98.56171650308525,-313.85667791703224,-552.4154330722235,-809.8414064469517,90.11666666666666
5408,-97.85223581429507,-314.83712547664044,-551.0831575864975,-811.90351788048,90.13333333333334
5409,-99.35709647474259,-314.41895453799054,-551.3860730679914,-810.401318527892,90.15
5410,-99.46604083184685,-314.8343832326747,-550.2746491723958,-811.0226668432707,90.16666666666667
5411,-98.33120823916548,-316.5059068724752,-552.0726261059691,-810.4482460015453,90.18333333333334
5412,-99.30959089341744,-314.9409452908721,-553.1593948443459,-812.0902989104857,90.2
5413,-98.56895112526153,-315.67510127894457,-553.2971018005412,-812.8825648876403,90.21666666666667
5414,-98.74191559149024,-316.141709241586,-553.9075623309294,-810.3904732972076,90.23333333333333
5415,-98.78490148662317,-316.4968657817241,-555.5647470383359,-811.0769772729221,90.25
5416,-98.92322252547373,-316.6772180934497,-556.6921909024336,-813.1524884942418,90.26666666666667
5417,-99.17065586488376,-316.35421403238695,-555.4646374595986,-813.0428771463277,90.28333333333333
5418,-99.14809514251088,-316.9262567912619,-554.7755225966971,-815.223496452185,90.3
5419,-99.20433836330176,-317.3014500760663,-555.202984039912,-816.8429189927064,90.31666666666666
5420,-100.06892112909945,-316.0826190112913,-554.2790250806061,-814.2414003857225,90.33333333333333
5421,-99.26199264047291,-316.5089158720064,-555.230179026649,-815.7172844741851,90.35
5422,-99.19237753736208,-317.6067523125108,-555.3288262395982,-817.60282498681,90.36666666666666
5423,-99.70773376306049,-317.77748025871483,-556.759865136979,-818.1518289864124,90.38333333333334
5424,-99.5226440608702,-317.77582544414645,-556.5234169294944,-817.0232922815079,90.4
5425,-100.11739533154827,-318.67735786286914,-558.370622686311,-818.1147979280997,90.41666666666667
5426,-99.8342361001154,-317.9195978169914,-556.9903219133032,-818.4403689549598,90.43333333333334
5427,-99.26295916738502,-316.29379360189705,-557.3763577675297,-818.4369644800049,90.45
5428,-99.46980521290942,-318.065456530676,-557.1968439247534,-818.1005357276108,90.46666666666667
5429,-99.89085207503601,-318.49990099287055,-556.301294455221,-818.6012447992665,90.48333333333333
5430,-99.30333544200064,-318.26861432545707,-556.6799664494225,-817.6437517033019,90.5
5431,-100.11124263522382,-318.9902996184998,-558.5877347808721,-819.9641154725716,90.51666666666667
5432,-99.46920493931464,-318.8627993078981,-558.4115330688624,-819.95352179623,90.53333333333333
5433,-99.48432400128287,-318.37100686951686,-560.7225698200729,-820.4969722525385,90.55
5434,-99.50937456034893,-317.4780523392067,-559.5497590677604,-822.0486590659891,90.56666666666666
5435,-100.59544478079331,-319.503880666466,-560.3684910810758,-819.5667805878882,90.58333333333333
5436,-100.23733422821255,-320.46125914204424,-559.5290658629988,-821.706019898375,90.6
5437,-99.90837896441487,-319.3514440606925,-558.6410664739875,-822.4297609177178,90.61666666666666
5438,-99.70721008776917,-319.8578333272766,-559.0633484485381,-822.2143319736829,90.63333333333334
5439,-99.98305902761099,-319.65163524929,-559.596280216731,-821.7100407131722,90.65
5440,-100.27296200252295,-319.9525244491454,-559.4042034307737,-822.6709481154919,90.66666666666667
5441,-99.56021751580917,-320.802949694287,-561.4165833232408,-821.9908909234633,90.68333333333334
5442,-101.35019576386671,-319.01469453789446,-559.7146598041343,-822.8498856603552,90.7
5443,-100.97284916208999,-320.0012966154381,-560.9076182408419,-822.3671541922811,90.71666666666667
5444,-100.4043701913382,-319.95381904046246,-560.5146585160163,-824.1525191335056,90.73333333333333
5445,-100.18859997840985,-319.8537758918609,-560.489161016701,-822.1542202091276,90.75
5446,-100.21477301136531,-320.8821596680877,-560.9715700244215,-825.8733198145379,90.76666666666667
5447,-99.85901306399344,-321.02491553275587,-562.6993393682468,-823.9495090581516,90.78333333333333
5448,-100.49013773994379,-319.8072208105224,-561.90997400696,-825.6648403564884,90.8
5449,-100.61014303275402,-320.91463982747985,-560.0016364550493,-824.9362289293954,90.81666666666666
5450,-100.37223326311111,-320.23328355992885,-563.3059029017685,-823.3928702927045,90.83333333333333
5451,-100.6103701452719,-319.6456255565273,-561.6257261500155,-823.6595051847651,90.85
5452,-101.96251311578095,-319.9157597075289,-560.7815967587861,-824.7169024587295,90.86666666666666
5453,-100.47011113292517,-320.54163058379555,-562.8142301008891,-824.1267582193437,90.88333333333334
5454,-100.37135056928372,-319.6125007025039,-562.9261911279945,-825.6647711339357,90.9
5455,-100.50471965692618,-319.90847757322297,-562.3984010212831,-826.093158960933,90.91666666666667
5456,-100.44103938252634,-321.72750520113334,-561.7952934547147,-825.8889735209016,90.93333333333334
5457,-101.3917242329596,-320.6032965946169,-563.4686483804319,-825.3614103165239,90.95
5458,-100.29679566298083,-321.89457091111535,-562.0253244828376,-827.4973435105759,90.96666666666667
5459,-100.3909496281294,-322.06303208523457,-563.5619389078133,-827.0431199033217,90.98333333333333
5460,-100.8288289360995,-321.57425304294276,-563.859767184832,-827.1543923768965,91.0
5461,-100.77740570477539,-321.19566487793463,-564.3831508763941,-825.4756556103061,91.01666666666667
5462,-100.83284616018658,-321.6418692464032,-563.0332387319625,-827.9920514314273,91.03333333333333
5463,-101.35013178760622,-321.96578639656485,-564.346200868728,-828.2685816844873,91.05
5464,-101.101801497844,-322.4704421593979,-563.7563262696249,-826.9539877608418,91.06666666666666
5465,-100.47119819054774,-321.28927112337595,-562.7816180839624,-828.9668759461163,91.08333333333333
5466,-100.79750092008005,-321.99256840721046,-563.3074267891143,-827.5284284591651,91.1
5467,-101.34433133101562,-322.33851279136144,-563.2407689916948,-828.1132652680855,91.11666666666666
5468,-100.45204359256199,-321.41469760003184,-564.9130643660229,-828.7504346305534,91.13333333333334
5469,-100.84584314002295,-321.5471170846801,-563.6022827026576,-827.6801300430319,91.15
5470,-101.53843004374505,-322.02752973778723,-563.7048805248802,-826.817420714655,91.16666666666667
5471,-100.23701435046782,-321.6440755350288,-565.2007428983479,-828.7513573582381,91.18333333333334
5472,-100.99126063054555,-323.34115551650706,-564.3689193932444,-829.9878416800452,91.2
5473,-100.7442539723743,-323.63858901874323,-564.3117367061901,-829.5331878438491,91.21666666666667
5474,-101.69202826412501,-322.32965653751006,-566.1540923085109,-827.0401663897137,91.23333333333333
5475,-101.21984519141384,-322.30017882720114,-564.030886703224,-829.9753057134108,91.25
5476,-100.79345033057363,-323.252383883046,-564.986943934099,-828.2642639348164,91.26666666666667
5477,-100.23847595818093,-321.9431855843997,-565.6882409561301,-830.6340334013487,91.28333333333333
5478,-100.49892268048511,-322.2197306686894,-563.4151910343653,-831.1213204675524,91.3
5479,-101.2814075571214,-321.9117774830485,-565.6264898686898,-828.1325818245414,91.31666666666666
5480,-100.66049139468447,-321.94391226288377,-565.1300857671727,-830.9498423799533,91.33333333333333
5481,-100.48631609824366,-322.8302873929706,-564.3210550194767,-829.4611029228959,91.35
5482,-100.48669406259533,-323.0045812109989,-564.7968502582862,-827.5425361212677,91.36666666666666
5483,-101.2702445856691,-322.3004913883172,-564.8718221937577,-830.1957601606504,91.38333333333334
5484,-100.91411687348702,-322.1312168196764,-564.4211986137254,-829.8207949973078,91.4
5485,-101.28071959000714,-322.199606828258,-564.4931842489591,-829.1078919166303,91.41666666666667
5486,-100.81284286594139,-323.201862141893,-567.147418337608,-829.6955153236597,91.43333333333334
5487,-101.66086723010311,-322.5590110097571,-566.5459941998956,-831.8600883571735,91.45
5488,-101.60264871649952,-323.913238227442,-565.048786631705,-829.9168663017742,91.46666666666667
5489,-100.98863203853742,-323.8701127835616,-565.9196373183122,-831.627966116418,91.48333333333333
5490,-101.56131386085397,-323.66825008086454,-566.2381864100682,-830.8392428034725,91.5
5491,-101.89658109050912,-322.4675490467866,-565.5801601756503,-831.5021725499427,91.51666666666667
5492,-100.68011997047886,-323.77027839267504,-565.2369473668982,-831.155027421132,91.53333333333333
5493,-101.14940223311285,-322.7392995816548,-565.3438249371169,-831.1524364565898,91.55
5494,-100.55769748570225,-322.8469854426203,-567.4911737679632,-832.5533536690106,91.56666666666666
5495,-101.32045537110793,-323.5603986150366,-565.1705447172294,-831.2092291006186,91.58333333333333
5496,-101.44556308643041,-323.26328050942817,-566.0655508106281,-832.2392064963253,91.6
5497,-101.2152628168678,-323.0449006716388,-565.409991015845,-833.6788179684563,91.61666666666666
5498,-101.60390236046274,-323.4686483363182,-566.2998522602344,-830.3240794080051,91.63333333333334
5499,-101.61234825012033,-322.75171542251206,-566.8082416398803,-833.375890898466,91.65
5500,-100.92581522415337,-322.8428006273615,-566.9164500648991,-831.8327359074809,91.66666666666667
5501,-102.4721898055647,-323.96467055040864,-566.7567511523732,-832.6107900637487,91.68333333333334
5502,-101.46826078901196,-322.9791471913705,-564.8256552352876,-830.7757660019903,91.7
5503,-101.5281863764013,-323.27908340389854,-567.2346846313533,-833.7003935676191,91.71666666666667
5504,-101.25209671963968,-323.0785859801706,-566.6011929289849,-834.2248827232522,91.73333333333333
5505,-101.83985065474383,-324.0753346731218,-567.0464983103487,-831.6615283442765,91.75
5506,-101.42606360414592,-324.5196575157289,-565.5746455815079,-833.2049190389116,91.76666666666667
5507,-101.49417949697792,-323.79722926179073,-567.6109771405654,-833.3856258083357,91.78333333333333
5508,-100.84831066472778,-323.00763099704466,-568.7332584760467,-831.3962887065635,91.8
5509,-101.52740115594884,-322.10418103222105,-568.4373472809588,-831.8065204971681,91.81666666666666
5510,-100.82547341254106,-323.1186987170778,-568.5016873138493,-832.4931646596859,91.83333333333333
5511,-101.35152344335775,-323.9580480278322,-566.7223681436394,-831.7910898516113,91.85
5512,-101.78164946991919,-322.89009376405164,-569.3399796222508,-831.879370779939,91.86666666666666
5513,-101.67751396610343,-324.2549875807814,-565.9496970387258,-833.3477971094217,91.88333333333334
5514,-102.04943669842814,-322.731115812161,-565.9274941781721,-832.8027609267656,91.9
5515,-101.55181071185345,-323.34116053929466,-568.0850340957209,-833.3054102565875,91.91666666666667
5516,-101.41934298729409,-324.85103279057057,-567.1592613057695,-833.4606248731008,91.93333333333334
5517,-101.17486680037935,-325.159799583199,-569.322240725514,-833.1992778976143,91.95
5518,-101.6992392682311,-323.71585592580374,-567.3840407889428,-834.6256147656504,91.96666666666667
5519,-101.87280394018013,-324.44975829101736,-565.6866117920583,-834.5003456541482,91.98333333333333
5520,-101.0798450983855,-323.71365888721346,-567.0407716846964,-833.4506253427008,92.0
5521,-101.63737098694092,-324.4376581561644,-568.4572963105142,-833.0765377232068,92.01666666666667
5522,-101.05628418468528,-325.25792498453524,-567.3676482401596,-834.3648859833735,92.03333333333333
5523,-101.97469538316395,-323.7678670297835,-567.0799233740998,-835.0944762096796,92.05
5524,-101.05067584859368,-323.330486925411,-568.3145227172774,-832.7721837120544,92.06666666666666
5525,-101.48552455127798,-324.17580199088883,-566.3171931409418,-835.5415637039653,92.08333333333333
5526,-101.70725705259318,-323.7993204857419,-566.3045905348039,-834.4311802684265,92.1
5527,-101.87716192885837,-323.78728973547936,-568.4278270203521,-836.1445813645817,92.11666666666666
5528,-101.90457507854563,-324.6614304783933,-566.9815959888224,-835.596389809756,92.13333333333334
5529,-100.9945190069404,-323.62964610703824,-567.8033215719827,-834.5792812529887,92.15
5530,-101.8160762584761,-323.80214863906394,-566.9024046025223,-832.9583833504412,92.16666666666667
5531,-101.24443012881643,-323.65126850730053,-569.8198468740273,-834.0210414740397,92.18333333333334
5532,-101.77061408524992,-324.3088828016419,-568.0000754072125,-833.9136031834867,92.2
5533,-101.71456585505229,-325.1580210333138,-569.8176345756291,-834.3845155479547,92.21666666666667
5534,-101.73237941224129,-323.72660581834697,-568.2365418941441,-834.1894841343899,92.23333333333333
5535,-101.36790662304895,-324.22033218901925,-568.9637773928258,-833.8996438537449,92.25
5536,-101.59646094756151,-323.2839944422696,-568.0667387265909,-833.7643483150493,92.26666666666667
5537,-101.50308594000283,-323.79349383792163,-567.7505603180826,-834.6825715882521,92.28333333333333
5538,-101.73220387927893,-325.28398436186666,-568.1290887106146,-831.8634499067194,92.3
5539,-100.3138100364322,-324.74157933293327,-568.5609106197214,-834.3408714247172,92.31666666666666
5540,-102.11690190749245,-324.8046603257554,-568.0745925451654,-835.0860206612124,92.33333333333333
5541,-101.66548426317243,-323.9284538338327,-569.5686342582419,-834.1042161820756,92.35
5542,-101.12562974700292,-323.44485512959926,-566.9566231745921,-835.6335132414131,92.36666666666666
5543,-101.71767684655971,-323.9216760470308,-566.7733452635308,-835.2770164867201,92.38333333333334
5544,-100.95241270661212,-324.32922219599686,-567.6158798533767,-833.6717664210705,92.4
5545,-101.88716646617036,-323.10257810994915,-568.6951280733574,-835.4388935081846,92.41666666666667
5546,-102.15010334465771,-324.56590891325385,-568.9403836434896,-835.5816717424709,92.43333333333334
5547,-101.82167911674019,-324.159060294863,-569.0122560826658,-835.2041557898574,92.45
5548,-101.63749605869022,-324.10732983753894,-568.5929976948539,-834.1259804746356,92.46666666666667
5549,-101.80413776639374,-324.5912359683538,-569.4054213786327,-836.1100046368199,92.48333333333333
5550,-102.0677004828373,-323.73965742756775,-568.5211708332927,-832.9085825209971,92.5
5551,-101.6390595404851,-324.00517185565724,-570.010549749211,-836.4974758418806,92.51666666666667
5552,-102.33183762762319,-325.16940610574636,-568.6651755448495,-835.9185241517749,92.53333333333333
5553,-101.78340061499172,-324.80303329946867,-570.2391108314011,-833.1959252545576,92.55
5554,-101.38177058265077,-324.73050624339476,-569.606451692064,-835.5654784448836,92.56666666666666
5555,-101.44530896813981,-324.6779999526334,-569.465231662559,-835.0239752404394,92.58333333333333
5556,-101.49703828583252,-324.0244999931587,-569.0037791989437,-834.6552901355291,92.6
5557,-101.39489766677501,-324.3198423551923,-568.1874549131308,-834.6812860211473,92.61666666666666
5558,-101.38037839962642,-324.05526044709416,-569.2001604586538,-835.1922297876265,92.63333333333334
5559,-101.29002622396759,-324.3699691415791,-568.9864014849221,-834.6279687346695,92.65
5560,-101.10981483530064,-325.3757019285644,-568.1990014326358,-836.6317219488891,92.66666666666667
5561,-101.96567849617755,-324.7404018532962,-568.9640924663505,-836.3831093045358,92.68333333333334
5562,-101.44015304799237,-325.0110234609388,-569.1318731590536,-836.5381369706863,92.7
5563,-100.78527681358281,-324.9438318185914,-567.9260814339505,-837.4661191438188,92.71666666666667
5564,-102.21336312026874,-324.3957315663476,-567.9374945196099,-835.2449005108073,92.73333333333333
5565,-100.81723625140886,-325.1846245084759,-569.7305465541343,-834.6668064571722,92.75
5566,-101.66001614076673,-325.2790090363281,-569.2811329092733,-834.6178471209814,92.76666666666667
5567,-100.96963380440461,-324.7844231605829,-570.156453246201,-836.0448699692192,92.78333333333333
5568,-101.61446178480968,-323.9772332949014,-569.6593389342752,-835.0221825671317,92.8
5569,-101.61497988044337,-323.60331787917494,-569.1757236958878,-835.7757532913915,92.81666666666666
5570,-101.10530015734872,-324.01937981818116,-569.2276329143965,-834.9506813118248,92.83333333333333
5571,-101.91686734474402,-324.80741245390624,-570.0114541209192,-835.7770341477716,92.85
5572,-101.13948142640572,-324.64780471837634,-569.5143940469117,-834.1386641476458,92.86666666666666
5573,-101.51824003688836,-323.99705973722126,-567.4845403181948,-836.3396316229802,92.88333333333334
5574,-101.903652388283,-324.69156336361124,-568.6246043481549,-833.4335283711785,92.9
5575,-101.97896099644147,-325.41046198018256,-569.529295144341,-835.1550748680935,92.91666666666667
5576,-101.90539390705885,-323.748932218366,-569.3809771518683,-836.5906034796687,92.93333333333334
5577,-101.41199415012156,-325.349078060928,-568.8302853927894,-833.829487697624,92.95
5578,-101.31267443383216,-324.00855034036385,-569.7745300599354,-835.7616215706073,92.96666666666667
5579,-101.971714097588,-323.6184133868074,-569.7279881225296,-836.4987859508955,92.98333333333333
5580,-102.00064514399358,-323.60273516563524,-570.1959426961612,-837.079453088292,93.0
5581,-101.73378958799114,-325.60614944432825,-568.8791173946622,-836.4431153571664,93.01666666666667
5582,-101.80274042828198,-325.3631796763542,-570.06572679588,-835.5795945539363,93.03333333333333
5583,-101.758878376882,-325.4752698822103,-569.3548090905653,-834.6121849995701,93.05
5584,-101.43613067453104,-322.7109869614747,-569.5255988570294,-833.9550651912162,93.06666666666666
5585,-101.54935708160765,-323.66255031722005,-568.088031244883,-835.3292103582058,93.08333333333333
5586,-102.30650760952985,-324.66612585817586,-570.9176951743428,-836.5431592934129,93.1
5587,-101.75051976867671,-324.560792644483,-569.0569088505042,-834.5955895822981,93.11666666666666
5588,-101.83728213412712,-325.79926918200033,-570.160159194434,-835.758601607214,93.13333333333334
5589,-101.82583796185814,-324.1307476261936,-568.6555493261519,-835.3787077941927,93.15
5590,-102.04203805846868,-324.72583753721153,-569.2234400497381,-835.0863890404726,93.16666666666667
5591,-101.98222144978449,-324.2097110466749,-570.0276958902004,-836.1789204462337,93.18333333333334
5592,-101.74107542809726,-325.05309441578737,-569.9976372679937,-837.4923691266845,93.2
5593,-102.00627147462012,-324.74081230303887,-570.3951806900797,-834.8335297276408,93.21666666666667
5594,-101.82498715990427,-324.10761324438454,-569.5528445276684,-836.7132876720143,93.23333333333333
5595,-101.91378646935463,-322.6010004369427,-569.2542536021429,-835.4288003525452,93.25
5596,-101.73225512436281,-324.2646776905447,-569.8668235148912,-835.0371995202229,93.26666666666667
5597,-101.61160533868349,-325.6833262660881,-569.2931785205033,-837.1694079021323,93.28333333333333
5598,-102.02746027024533,-325.634176706637,-570.7560709119155,-835.1338792296068,93.3
5599,-101.81815076128547,-325.46562444118285,-568.2188879548507,-837.9418514389362,93.31666666666666
5600,-101.15121567796004,-324.6007145097674,-569.5408589246684,-834.7080491756059,93.33333333333333
5601,-101.58280130401639,-324.59223309413335,-569.4585272495208,-836.4689576421665,93.35
5602,-101.51234506435682,-325.4346250571315,-569.129708118552,-834.7982127556305,93.36666666666666
5603,-102.49699188810614,-325.2190653077358,-566.6951450974881,-838.2252406320725,93.38333333333334
5604,-101.45635955196192,-324.6796073872918,-571.6926603129378,-836.8176440039894,93.4
5605,-101.4488966533505,-322.94912976032754,-568.1139264812975,-834.9856513929451,93.41666666666667
5606,-101.31348089755718,-323.53813968864523,-569.8221107338588,-836.9933720295854,93.43333333333334
5607,-101.45744539937296,-325.19207023052115,-569.0788014893503,-834.9454013811988,93.45
5608,-102.02031472563135,-324.7291793575868,-570.6212299169864,-836.4833194625287,93.46666666666667
5609,-101.62937396657398,-324.0927462413434,-568.8607642091101,-835.8375750665182,93.48333333333333
5610,-101.64951687920876,-325.3831569016646,-567.9554889642304,-837.4709038203523,93.5
5611,-101.91932734711925,-325.430247279541,-567.5723302159627,-836.6542022487145,93.51666666666667
5612,-102.0403456963102,-324.77551461978845,-568.9971952264821,-834.7425054353498,93.53333333333333
5613,-101.44766801745268,-324.44634216730833,-569.8800844238698,-836.6191354082781,93.55
5614,-101.83460929476381,-325.27138568597013,-569.1386604244578,-834.9422941949459,93.56666666666666
5615,-102.02940008809523,-325.4841460655977,-568.7739674204221,-834.2950786897327,93.58333333333333
5616,-101.33831745285275,-326.25451066994276,-569.7824987995326,-837.225896374734,93.6
5617,-101.49797938490845,-325.2146259767182,-571.159016550823,-838.4171902130611,93.61666666666666
5618,-102.07146552544623,-325.71512219064135,-568.9432813961228,-836.035506046891,93.63333333333334
5619,-101.87877380338584,-325.62243435241027,-570.087566460984,-835.3347081378537,93.65
5620,-100.8892513520941,-324.76619633031476,-569.3277739036538,-836.4904408293453,93.66666666666667
5621,-101.50701468990982,-326.44498473132575,-568.9254088493855,-834.6347788764082,93.68333333333334
5622,-102.49708244968197,-324.1588062950167,-569.8584079045617,-835.320633445454,93.7
5623,-101.83107663290752,-325.6916260383077,-571.2642530852279,-835.435387799379,93.71666666666667
5624,-101.55646871997367,-324.71435855680573,-569.3938974226876,-836.1433315522214,93.73333333333333
5625,-102.27438953324969,-324.5331805442037,-571.1672066663848,-837.223970768566,93.75
5626,-101.41217045999532,-325.14995560138544,-569.0043732069146,-835.1625139248288,93.76666666666667
5627,-101.25680851366197,-324.50048372615936,-569.7257143225161,-836.4274156571328,93.78333333333333
5628,-101.62000427896332,-324.71769374924577,-569.5954729301208,-836.1966384249457,93.8
5629,-101.71057022864821,-324.5235922484902,-568.6996373093181,-835.6114435047148,93.81666666666666
5630,-101.98692246236234,-324.71843389452175,-570.0162040862381,-836.2632166965798,93.83333333333333
5631,-102.10327137853368,-326.1241679338269,-570.0551305597851,-837.7714666882572,93.85
5632,-101.39480460726773,-324.9397396020706,-570.0748480861891,-836.6145530492771,93.86666666666666
5633,-101.3445764495011,-325.0778024636945,-569.9859792714466,-836.519968621455,93.88333333333334
5634,-101.54587291357507,-325.1682744169328,-569.2839530146673,-837.5084421114963,93.9
5635,-101.27761137691988,-325.37814619720393,-569.2320951671422,-836.8078030765076,93.91666666666667
5636,-102.37472016691687,-324.4282681669587,-569.7140849129393,-836.3371017227157,93.93333333333334
5637,-101.5343790209198,-324.2212099726534,-569.4553337814705,-836.4340259184158,93.95
5638,-101.82350280430563,-324.9947864987439,-570.9793403036481,-836.0063063217584,93.96666666666667
5639,-102.0062890522351,-325.0014255066656,-570.3202875089186,-837.923040227171,93.98333333333333
5640,-101.82379462171978,-323.7329382292399,-569.8507016710055,-838.2646761245229,94.0
5641,-101.26389240316699,-324.7940343753182,-569.2297362768732,-835.7263286395831,94.01666666666667
5642,-101.82799746887218,-324.0927611881123,-567.7989825352412,-832.9611177913498,94.03333333333333
5643,-101.35642069915771,-322.9254142226443,-565.5290402677898,-831.153491861179,94.05
5644,-101.02476511573694,-321.41106295650235,-563.0381574499297,-829.0015703899797,94.06666666666666
5645,-100.68028954211677,-320.46333905719393,-562.4037976321687,-826.6868622678625,94.08333333333333
5646,-100.4798366168429,-319.9120989986726,-561.9943836332781,-826.4186222992225,94.1
5647,-100.78982523759237,-318.69494086521644,-561.0959625015141,-821.6622351252453,94.11666666666666
5648,-100.16242913041103,-319.1240502205462,-559.2571139731629,-821.0022829972946,94.13333333333334
5649,-99.3931479696727,-317.86333480381137,-556.6547336108836,-820.9773050387025,94.15
5650,-99.4416002335384,-317.6488236648964,-556.4804951834938,-817.2457151707121,94.16666666666667
5651,-98.63224723138069,-316.9928032931056,-555.4188991241986,-815.9466677364179,94.18333333333334
5652,-99.40345215176197,-316.2859708710653,-555.3885264488376,-813.6264917713557,94.2
5653,-98.7353715687335,-315.88863798075454,-552.490772791349,-813.9951910462395,94.21666666666667
5654,-98.44064819886064,-314.7634766491644,-551.7343771989961,-811.5427273290298,94.23333333333333
5655,-98.99180808625897,-314.39752346590086,-551.521555008298,-808.6676753600414,94.25
5656,-98.58270391881655,-312.48359412788454,-550.410389382387,-808.573802900484,94.26666666666667
5657,-98.08897374390735,-312.8289342098037,-549.2885532581384,-806.0294683423394,94.28333333333333
5658,-98.37248891230442,-312.5225531622922,-547.268827776904,-804.5682052491713,94.3
5659,-97.8363625741936,-313.57241338452235,-547.4022197051504,-803.5437460285397,94.31666666666666
5660,-98.28275662898743,-311.0959375588942,-546.329149805267,-802.1915109255144,94.33333333333333
5661,-97.47946352485636,-311.04512068407115,-545.9783296128364,-800.4242364478871,94.35
5662,-97.09023239536604,-310.18613632121384,-544.6690793511823,-799.1375148674148,94.36666666666666
5663,-97.27304928831627,-310.3778824951775,-544.7223570020582,-797.7247685253925,94.38333333333334
5664,-97.32104473401573,-309.33954997941726,-543.4808770753967,-797.5444982118919,94.4
5665,-97.07203255233773,-308.2892093653705,-541.5205110994423,-795.4197324197097,94.41666666666667
5666,-96.72716323530237,-307.4800455789653,-540.8124952447515,-794.8486779707661,94.43333333333334
5667,-96.42171638365276,-309.3844754267631,-540.3429448111374,-793.024127668161,94.45
5668,-96.22884040429966,-306.9251177385407,-539.109329564214,-792.5054349094393,94.46666666666667
5669,-96.52218422134736,-306.92657121281786,-538.4242422770185,-791.2813400224662,94.48333333333333
5670,-95.87549794667433,-308.09897310375646,-538.6740797814115,-790.8293029250956,94.5
5671,-96.19005644783763,-306.8152849440695,-537.9462293029264,-789.7684933120245,94.51666666666667
5672,-96.36247791281285,-305.5993581368268,-537.4753401470053,-788.0289243148512,94.53333333333333
5673,-95.78019036737128,-305.04783963223474,-535.531861662145,-786.7599414844391,94.55
5674,-95.72294304081791,-305.61772805729646,-537.0134921473091,-783.6367189095549,94.56666666666666
5675,-95.96476014203542,-303.52783860735894,-534.4861093534828,-785.0362955787933,94.58333333333333
5676,-95.44815560306957,-304.86442311722755,-533.6851240980608,-784.7763750934151,94.6
5677,-95.40720072341438,-304.08561220827323,-532.4613513921805,-784.0066447084158,94.61666666666666
5678,-95.65042046181813,-304.79131527028767,-532.4946002223172,-782.4338404390694,94.63333333333334
5679,-94.8673883995585,-303.5102877579988,-531.7814233911996,-782.7389932181661,94.65
5680,-95.20323241034772,-304.2566951483382,-532.5663209512919,-779.3432351761527,94.66666666666667
5681,-95.21709538611422,-302.43167060499684,-531.6253831405089,-780.2548734060618,94.68333333333334
5682,-95.10967754857863,-303.38087874676023,-531.5966846860691,-779.9983739299612,94.7
5683,-95.07905437571497,-302.7247640794599,-531.0139536931404,-778.8258488654081,94.71666666666667
5684,-94.7433689850769,-301.89631652946093,-530.2795893294525,-778.8102760734818,94.73333333333333
5685,-94.94669407112445,-301.7562075950891,-529.0930372881647,-777.2810062990405,94.75
5686,-94.28080783626807,-300.8896845646576,-530.5220299906254,-777.4454733515502,94.76666666666667
5687,-94.71513135344881,-300.7172852566526,-528.343533592546,-775.7509533002946,94.78333333333333
5688,-94.68584630069552,-301.7358748046685,-528.4553033154998,-775.5126673560463,94.8
5689,-94.0462455338409,-300.5796669018531,-526.4907682111316,-775.0351566892531,94.81666666666666
5690,-93.92635188983984,-301.4540142974435,-528.3386194606652,-774.8973528931965,94.83333333333333
5691,-94.26210229622659,-299.777804528809,-526.2536994356427,-771.7669346454866,94.85
5692,-93.66716223075032,-299.4152742681612,-526.1388421358354,-772.179065001241,94.86666666666666
5693,-94.5810967808466,-299.7363291462661,-525.8384360130096,-771.5956720429273,94.88333333333334
5694,-94.19892091521746,-300.76771877638333,-524.8626440168304,-773.1652317060618,94.9
5695,-93.80601605138878,-298.6065664324732,-525.7976059767801,-769.316072169052,94.91666666666667
5696,-94.15839593506044,-299.6394483659348,-526.0057394654806,-768.4811622704623,94.93333333333334
5697,-93.61531630534574,-298.78375540150125,-524.4140745061903,-768.9490179847407,94.95
5698,-93.68003219927083,-298.2460057376476,-523.9360237914451,-768.7839655389923,94.96666666666667
5699,-93.37048385415527,-299.11954503625765,-523.4349815092654,-768.455040871422,94.98333333333333
5700,-93.42515553262342,-297.54640680985716,-522.8214291124448,-768.1498538957647,95.0
5701,-93.49852959537019,-299.0712378879712,-522.5385461425058,-767.7157400052428,95.01666666666667
5702,-93.26865559766031,-297.9304333866744,-522.8241320712166,-768.5592556467632,95.03333333333333
5703,-93.67894547541212,-297.59548339329467,-522.5353985354202,-766.7527654733914,95.05
5704,-93.20954468310029,-297.97658816204563,-522.2145685216067,-765.7511104762331,95.06666666666666
5705,-93.24060733384822,-297.48142466195816,-522.4517870849597,-765.1816948034578,95.08333333333333
5706,-92.9643525968386,-297.17206338433976,-521.3778494080975,-765.7449177526674,95.1
5707,-92.88202173519394,-297.49861739821,-520.4542939019533,-765.1709602538092,95.11666666666666
5708,-93.00026398022827,-297.4050897986266,-520.3759004417429,-765.3752659577231,95.13333333333334
5709,-93.19728297149295,-296.2585509787441,-520.4506478845719,-765.0070071733539,95.15
5710,-93.10356375808969,-297.1011521606454,-519.3419888296295,-765.8074027356365,95.16666666666667
5711,-92.72241368934824,-296.89329299018755,-520.5109538354022,-763.6793200307275,95.18333333333334
5712,-93.03744840612504,-296.7441676707519,-519.7072122973799,-763.3795698849545,95.2
5713,-92.65294870948739,-297.1886804770397,-518.5587488745875,-763.903739967682,95.21666666666667
5714,-92.69827594900667,-295.36741987028665,-519.0588287659729,-761.3344570285095,95.23333333333333
5715,-92.40997327643791,-296.750604373717,-518.3291139992356,-761.6784971736996,95.25
5716,-93.45640593817063,-295.5755246301184,-519.0935765990587,-762.8628943921027,95.26666666666667
5717,-92.77532025129126,-296.2133702120338,-518.2772462992629,-760.3067295006902,95.28333333333333
5718,-92.6272665363062,-295.99156902659547,-518.6802552838195,-762.4324382930736,95.3
5719,-92.27343681149598,-295.74890822146216,-516.6645244505613,-761.1200176524524,95.31666666666666
5720,-92.50502764347905,-295.46149864561863,-517.9670397817337,-760.2776489014874,95.33333333333333
5721,-92.81205962666192,-295.15070326920403,-518.3013282209827,-762.6148827262534,95.35
5722,-92.58335946593101,-294.9656545844296,-517.6275308599533,-760.6553192840137,95.36666666666666
5723,-92.58599575188026,-296.09085395970425,-517.7767413681323,-758.5109002290952,95.38333333333334
5724,-92.9442271592086,-295.5903440830466,-517.0673534015257,-759.6246301925192,95.4
5725,-92.06001443757137,-295.08184405801177,-518.6387460953057,-760.9107185404883,95.41666666666667
5726,-92.33399357477217,-294.3154581007679,-517.6957441957838,-758.181506501466,95.43333333333334
5727,-92.91156233359773,-294.80722638764473,-516.7020668484274,-756.5126281854278,95.45
5728,-92.48347674685478,-295.48018620173144,-515.4680358995527,-757.5521770610956,95.46666666666667
5729,-91.77396721849772,-294.8277298850988,-515.1567419908185,-757.2874458541273,95.48333333333333
5730,-92.54412247549212,-295.02506937446753,-516.0059083488464,-756.9043759304927,95.5
5731,-92.67699833053332,-294.37572715534395,-515.1995204306462,-757.9828891457263,95.51666666666667
5732,-91.96406206919528,-295.0302469800504,-514.6946718448788,-758.9283058355996,95.53333333333333
5733,-92.43661849883952,-294.2252257579896,-515.6735354018035,-757.306637385012,95.55
5734,-92.48986782191588,-294.9329619935999,-514.7733680568036,-755.2136520349358,95.56666666666666
5735,-92.01107235652707,-294.46272940914884,-515.3502796024553,-757.4182662617128,95.58333333333333
5736,-92.29638620033731,-293.4685294917421,-515.319882206398,-756.8132986824169,95.6
5737,-92.60715972179817,-293.90569356711177,-514.360250763977,-755.8032096544979,95.61666666666666
5738,-91.02134478817197,-293.9575180221501,-514.618702682349,-755.9204725127441,95.63333333333334
5739,-92.54549606566376,-295.04118249517796,-514.6732291609756,-755.2134728761645,95.65
5740,-92.1053480494956,-293.59714703296476,-513.1699154058803,-755.6281510711048,95.66666666666667
5741,-92.19222563800396,-293.0733841068349,-514.9994619843634,-754.5005726293836,95.68333333333334
5742,-92.13390803730677,-292.39475404923724,-515.6001423548904,-754.9218485048731,95.7
5743,-91.61803639118943,-293.2133745603011,-514.515582771015,-754.4115071140766,95.71666666666667
5744,-91.71898332401392,-293.92464671090033,-514.8724359551851,-753.9793741482509,95.73333333333333
5745,-91.89075365091514,-293.2915963505231,-514.938523978383,-753.6148647989868,95.75
5746,-91.55186384414488,-293.2807636179612,-513.257824604223,-755.01909083468,95.76666666666667
5747,-92.24744030752099,-293.4209519872338,-514.3442403321606,-755.8818219217826,95.78333333333333
5748,-91.56470011533554,-292.5224484342785,-512.5923958237863,-753.580379477657,95.8
5749,-91.45253882074572,-292.50437488538563,-513.2770074069258,-752.5636369919529,95.81666666666666
5750,-92.18930576856349,-294.0041423300424,-514.7086080967613,-754.4186428017024,95.83333333333333
5751,-92.10039434390058,-293.58466796563744,-513.3245995013476,-754.6428357902399,95.85
5752,-92.13744757931508,-292.82552284625496,-514.4079118808182,-752.2091622685747,95.86666666666666
5753,-91.37660162226855,-292.7293408982414,-513.5839045552096,-752.982042792951,95.88333333333334
5754,-92.40256507172441,-294.11968349943095,-512.424139400303,-753.5471076192626,95.9
5755,-92.0554747237412,-293.4441225352864,-514.0681585097818,-753.4948912448172,95.91666666666667
5756,-91.81117156271627,-291.41376690135974,-512.71880165717,-753.6818445836295,95.93333333333334
5757,-91.57392019349892,-293.69566344016727,-512.5448750908056,-753.4705970793788,95.95
5758,-92.18991000333506,-292.87755915893104,-513.6831408495038,-752.8323221884543,95.96666666666667
5759,-92.14500519316805,-292.47802351527844,-511.61119742916867,-752.2222295627962,95.98333333333333
5760,-91.84208758191632,-293.41357460169644,-511.2638986462593,-752.0491690914464,96.0
5761,-91.2312007292069,-292.1593038812277,-511.858483611493,-752.9455341391105,96.01666666666667
5762,-91.15881897141091,-291.2401323611447,-512.8577352458047,-751.523100740255,96.03333333333333
5763,-91.24635052170912,-292.4485299017615,-513.3220022993704,-751.4887373528846,96.05
5764,-91.43499785146156,-292.61893209996833,-513.5081508797367,-750.5535559588577,96.06666666666666
5765,-91.57520835280415,-292.72161748656015,-512.7845404415672,-752.7030056516776,96.08333333333333
5766,-90.90896050797178,-291.952742703817,-512.6273241631183,-751.3026824949328,96.1
5767,-91.54006099448185,-291.52091655916564,-512.1775605253033,-752.131592154859,96.11666666666666
5768,-90.86747088944188,-291.8949905508254,-512.4119306413133,-749.7046707954738,96.13333333333334
5769,-91.31276983048296,-292.9245116223463,-511.7415150176484,-752.9717606754687,96.15
5770,-91.2934707305111,-292.4196938410182,-512.6596085625815,-750.930908771568,96.16666666666667
5771,-91.22931875355977,-292.9774215614744,-512.729536036596,-752.2017598440276,96.18333333333334
5772,-92.19629639711535,-292.44394358619616,-512.248684721324,-750.817154589663,96.2
5773,-91.48436546832762,-291.89666607324466,-511.9929386544951,-750.9042375842845,96.21666666666667
5774,-91.31959205529725,-292.22336655696813,-512.4287160758491,-752.0928407448641,96.23333333333333
5775,-91.37121659870775,-291.52762892419616,-512.5352509387064,-751.4249905589982,96.25
5776,-91.58131192844245,-292.7709411815104,-510.5419282028175,-749.9545976411647,96.26666666666667
5777,-91.43722997042805,-292.08207692636717,-511.0042011531488,-750.9187836646485,96.28333333333333
5778,-91.26726013723561,-291.6605592509294,-512.5060511197122,-751.3005166440091,96.3
5779,-91.92967194452895,-291.95648117701904,-511.154396691284,-750.8138717931761,96.31666666666666
5780,-91.53376748090655,-291.91607967005734,-512.4260224422486,-750.5019588501449,96.33333333333333
5781,-90.96850767614323,-291.8964261510417,-512.23295407374,-750.6860832166757,96.35
5782,-91.52037581305812,-292.0179627825263,-511.8276301642237,-751.4714147835421,96.36666666666666
5783,-91.68246265378592,-292.8479041043995,-511.4781151001541,-750.1109558744796,96.38333333333334
5784,-91.44075065315141,-291.8577074630893,-511.91064617225175,-750.7181233433541,96.4
5785,-91.1785382278793,-291.818960985669,-511.61804538012075,-750.9294591041232,96.41666666666667
5786,-90.87907371444054,-291.894011760695,-510.3946211823091,-749.2433912902484,96.43333333333334
5787,-91.7973411401841,-292.03476327143574,-512.4654285218277,-750.2060205488405,96.45
5788,-91.8113785897536,-290.7999906527096,-511.2077446064311,-751.7818956909506,96.46666666666667
5789,-91.55432516795979,-291.42769668725225,-511.2775543213796,-749.4556043472877,96.48333333333333
5790,-91.33403997949245,-292.14542548579647,-511.5347421354612,-751.0727248137225,96.5
5791,-91.71245024258211,-291.9541685025301,-511.54532324869257,-751.2198968424049,96.51666666666667
5792,-91.397013678826,-292.747939456075,-509.6336470181095,-750.3260220656315,96.53333333333333
5793,-91.2968251126793,-291.1405705841404,-510.84219461423896,-750.7683538495942,96.55
5794,-91.36342313750606,-292.771828838935,-511.41212310735466,-749.9177481236696,96.56666666666666
5795,-91.20453729517556,-291.44276004055126,-511.59988799811555,-750.8634051865793,96.58333333333333
5796,-91.53578227702488,-292.9844489349049,-512.3880820959454,-748.1242139167489,96.6
5797,-92.01839843901425,-291.9220931870578,-510.24521030346943,-749.7151888135759,96.61666666666666
5798,-91.88333296537662,-290.4341009075371,-512.4122570693298,-746.9934321501047,96.63333333333334
5799,-91.24791644374992,-291.05980603489377,-511.3237848930635,-749.9607579104576,96.65
5800,-90.68518964204385,-292.0185271259709,-511.63479660184674,-749.7969281936114,96.66666666666667
5801,-91.14638628041602,-290.2566886886902,-511.3719731103966,-749.4702021433418,96.68333333333334
5802,-91.41239850413828,-292.1445690256922,-512.3753668304183,-750.1390877633677,96.7
5803,-91.40610679890935,-291.03292514120994,-510.9736788460788,-750.0451580691853,96.71666666666667
5804,-90.97435906554794,-291.70875870109944,-510.4472258489437,-750.0637744515791,96.73333333333333
5805,-91.5540482479156,-291.5290670722095,-511.4245996561746,-749.1123136720593,96.75
5806,-91.20155768048394,-291.4425384606984,-511.3825996909617,-747.8588996067017,96.76666666666667
5807,-91.10066719348619,-291.13057877079297,-509.67679338519963,-748.8416100071274,96.78333333333333
5808,-91.71395814301263,-291.81062035035086,-510.5842404134713,-748.847709174327,96.8
5809,-91.68439300073496,-292.360367448688,-510.4354818729275,-749.2414439502063,96.81666666666666
5810,-90.96292924919162,-292.1960794088847,-510.2298415358532,-750.4003884372588,96.83333333333333
5811,-91.60481020141098,-291.5771329812326,-510.39759585260003,-749.1463568336603,96.85
5812,-91.2006735574149,-290.7466556926153,-511.1208393315962,-748.9730598327177,96.86666666666666
5813,-91.55924296750469,-291.22410255416526,-510.8857291955063,-750.1269560172286,96.88333333333334
5814,-91.96688819210792,-291.768804386867,-510.518373384089,-749.3601475699819,96.9
5815,-91.63321819383546,-291.5805009081701,-509.34956954240255,-749.3211774484091,96.91666666666667
5816,-91.20244082115175,-291.54577822975415,-510.3316950713585,-750.1465276546447,96.93333333333334
5817,-91.12004210268032,-292.5689812314412,-510.53252957630775,-749.3997234287596,96.95
5818,-90.84328331821611,-291.37326555702776,-510.34883676842225,-749.3846078642166,96.96666666666667
5819,-91.37677624965413,-291.40571788526967,-510.8012916824489,-748.3703475021248,96.98333333333333
5820,-91.44941908234463,-291.40974363389086,-510.7386538547428,-750.6380801257855,97.0
5821,-91.63370173862397,-291.78007786733207,-509.76030783523794,-750.3263620753667,97.01666666666667
5822,-91.64138938010204,-293.71266313089126,-514.7530597798498,-754.2341996365069,97.03333333333333
5823,-91.73638473493135,-294.2421501067325,-514.437772996144,-755.2228653837063,97.05
5824,-92.22120994094001,-293.8877513527642,-515.5586838206929,-754.9962635911421,97.06666666666666
5825,-92.41905542757738,-294.8858390742527,-518.1558939033386,-756.548251387079,97.08333333333333
5826,-92.54324847817172,-295.8214482155174,-516.6641139377958,-761.5443359607428,97.1
5827,-93.24370215774574,-295.6841571986284,-519.1378506284154,-762.5108703593035,97.11666666666666
5828,-93.01274189461687,-297.1536577964916,-520.7432341101727,-762.7428304899594,97.13333333333334
5829,-94.20639243784662,-297.70356824336363,-521.1204380942722,-762.5802054597331,97.15
5830,-93.62210501994063,-299.11491998757697,-523.0161884942104,-765.3931636260451,97.16666666666667
5831,-93.91722775249875,-299.50758205831,-526.3332423552447,-769.8133737243217,97.18333333333334
5832,-93.67237911326622,-299.5530267662239,-526.5128362634889,-768.8482314693647,97.2
5833,-93.69319886581683,-299.93796075732695,-526.1020107919712,-772.3199638603946,97.21666666666667
5834,-94.06203289848034,-301.3647253182889,-528.3463167284749,-773.7256253392416,97.23333333333333
5835,-94.42089651400948,-301.149363573649,-528.1805975940298,-774.823593487643,97.25
5836,-94.07601551715105,-301.94171641819565,-530.0628701913653,-775.9351339996442,97.26666666666667
5837,-94.62847906885885,-302.07202587135953,-532.4144505104833,-778.2938776659103,97.28333333333333
5838,-95.18612957855598,-304.0695774228426,-531.3446690211914,-778.296345280583,97.3
5839,-95.11964464748246,-304.7506230823148,-533.0207177523027,-778.950903836065,97.31666666666666
5840,-95.13288857492067,-304.4553552985917,-534.6720315951038,-781.7823692988859,97.33333333333333
5841,-95.28019578247732,-305.68904449216467,-533.2238511166323,-781.8499087305826,97.35
5842,-96.06749469827119,-305.1433079513587,-534.4783281099386,-784.0864178877243,97.36666666666666
5843,-96.63988108344508,-306.1391338496066,-534.6684507156019,-788.4503298606403,97.38333333333334
5844,-95.87006353642937,-305.39095644044306,-537.6228409126275,-788.5731267915801,97.4
5845,-95.56144816150695,-306.8435955144473,-538.3096493691769,-790.4860936707101,97.41666666666667
5846,-96.43408879520878,-306.7691012314522,-538.8297413559196,-787.9402685444753,97.43333333333334
5847,-96.91327583987115,-307.5032720538869,-538.820734294643,-790.4311719561375,97.45
5848,-96.6532058587291,-308.78956080233905,-540.0441625427943,-790.874779140759,97.46666666666667
5849,-97.28674450824266,-309.08513734368927,-540.4664548967099,-794.6710106594958,97.48333333333333
5850,-96.71011278747847,-309.7051598809677,-543.3004988048286,-794.0442948861863,97.5
5851,-96.9905108945292,-310.96091147830384,-541.8310102789836,-794.6831984542202,97.51666666666667
5852,-97.11503673979658,-310.1674924946328,-541.9940807182682,-797.016839455774,97.53333333333333
5853,-96.75402864919444,-310.68114609974725,-545.908402490702,-797.0804654821321,97.55
5854,-97.19204595900172,-310.51101838323973,-544.2492389090569,-799.179579871322,97.56666666666666
5855,-98.01909685115848,-310.3229666626899,-544.6270725419323,-799.6345395824596,97.58333333333333
5856,-97.3879472349241,-310.81158462216786,-545.2516741868835,-800.7208654389302,97.6
5857,-97.71060556043224,-312.69180456756175,-547.5614813436684,-798.5119936277772,97.61666666666666
5858,-97.34067905355613,-313.0390346122896,-547.237211211279,-802.8142541993979,97.63333333333334
5859,-98.1906697774013,-312.2126092761088,-548.1223566424736,-801.9591289080074,97.65
5860,-98.37379549116804,-311.97063936216904,-549.1655401775041,-805.0123545385804,97.66666666666667
5861,-98.09197763645408,-313.5311762648107,-548.9054817469703,-803.9042634859711,97.68333333333334
5862,-98.57049594947729,-313.29234621894136,-550.6305552998781,-806.7310163485982,97.7
5863,-98.40551315604435,-313.6552050357429,-550.1129794509475,-806.0223958719944,97.71666666666667
5864,-99.4982794942387,-314.8387218300378,-548.1616246999793,-806.5968400935697,97.73333333333333
5865,-98.44936037040698,-313.5976637637701,-552.1124587155174,-810.5261766888374,97.75
5866,-98.66332850181604,-313.76174945100263,-552.4325095101885,-811.0230378237788,97.76666666666667
5867,-98.78047420941692,-315.9048595588939,-553.011326097724,-809.7460140413704,97.78333333333333
5868,-98.9691714746661,-315.9881687276479,-552.7311257376108,-811.9033760830572,97.8
5869,-99.5971500629562,-316.1934194099961,-553.3669640691636,-811.0567083273829,97.81666666666666
5870,-99.21965718097022,-315.46315682493037,-553.1175979082253,-812.1008881656685,97.83333333333333
5871,-99.47207524772121,-315.40731398760846,-553.2194829892999,-812.2075463002703,97.85
5872,-99.44736620648595,-316.61066084262427,-555.7195088870643,-814.7687105661025,97.86666666666666
5873,-98.67478046207884,-316.71640493635886,-554.2988502234437,-814.3467780701073,97.88333333333334
5874,-99.38064533089234,-316.41567817700917,-556.1791320107684,-817.4422107602545,97.9
5875,-99.91059261253083,-317.03260209633817,-557.9332326190107,-816.6040049132839,97.91666666666667
5876,-99.96960137439008,-318.40029766252144,-557.9571166253303,-817.9976648021183,97.93333333333334
5877,-99.43417791662063,-317.88450640376044,-558.6904898346655,-817.0907037559505,97.95
5878,-99.67629300717417,-318.9927758586026,-558.2789271748763,-819.303047600757,97.96666666666667
5879,-100.20579062092611,-317.99795131479794,-555.9246255395209,-819.2097634657142,97.98333333333333
5880,-99.70471545397079,-318.7247534510513,-559.9088493006475,-819.7286996045164,98.0
5881,-100.60611842741753,-318.70209157350837,-557.7486792024127,-819.5484198429863,98.01666666666667
5882,-100.37838464729569,-319.36092877030046,-559.3137023062282,-820.6164647338667,98.03333333333333
5883,-100.06406688007064,-318.5238896793237,-560.9123513005826,-820.7201293589214,98.05
5884,-100.2478133181109,-319.22627935600576,-561.5967569975813,-821.1883799207505,98.06666666666666
5885,-99.95817694405922,-319.2231584744085,-561.2619744349563,-822.0410573720604,98.08333333333333
5886,-100.72696653156639,-318.64569190093886,-562.7493978761255,-822.5344996090032,98.1
5887,-100.25099101800757,-320.6116335354243,-562.0587967566295,-821.9303809733276,98.11666666666666
5888,-100.32700425608851,-320.5961038443477,-561.5329782273753,-821.9732006640821,98.13333333333334
5889,-100.92486018275169,-319.28246996462246,-561.261922158906,-826.1387235363309,98.15
5890,-101.36554837945543,-321.2300174848503,-562.2216570588356,-826.8250201390454,98.16666666666667
5891,-100.67813165943353,-321.4162178069895,-563.1718291777203,-824.8717831412038,98.18333333333334
5892,-100.68155459183791,-321.22901151995023,-563.0819244338288,-824.9143505132934,98.2
5893,-100.80913153538951,-320.7010317955009,-563.9686549657217,-826.1654372260344,98.21666666666667
5894,-101.36054389565025,-322.03994070927445,-564.9966583966827,-826.5303163883293,98.23333333333333
5895,-100.53739115724352,-322.28396972921644,-565.5953561327627,-828.1359654130184,98.25
5896,-101.40580792035243,-321.445998683761,-564.0631637242676,-827.0210835127218,98.26666666666667
5897,-100.35442064402122,-322.916682675838,-565.614960852143,-829.3145779348479,98.28333333333333
5898,-100.8595886889027,-322.38957985398235,-564.212014111321,-828.8408968110314,98.3
5899,-101.24186568086843,-322.41054104088084,-565.6872621035462,-828.6459398345196,98.31666666666666
5900,-100.7793956099431,-322.714413986567,-566.2640084118348,-830.5419715873028,98.33333333333333
5901,-101.63852643708525,-322.03434514219043,-565.8388594159993,-830.0133100831869,98.35
5902,-101.13301333970514,-323.20872825183955,-565.7394240766401,-830.4042764469916,98.36666666666666
5903,-101.08171031961939,-323.8740765597485,-566.1646062830537,-829.828473335539,98.38333333333334
5904,-101.70237514986077,-321.8623101224975,-566.3984518899575,-830.936797127509,98.4
5905,-101.82213147521378,-322.46020166893265,-565.873360778889,-830.7729528044774,98.41666666666667
5906,-101.33121366353498,-323.57094120889343,-567.9251893749076,-832.3068187728868,98.43333333333334
5907,-101.29133217387134,-323.2892984502569,-566.1881018514947,-831.9310471612964,98.45
5908,-102.22921547869566,-324.14652455472157,-567.8290500076803,-834.1631175645712,98.46666666666667
5909,-101.9685839605734,-323.68436288748796,-568.4892016423038,-834.1975258995569,98.48333333333333
5910,-101.81813537621825,-324.0394938933731,-568.487137952502,-832.6787477695573,98.5
5911,-101.22341599161238,-325.4522350938921,-568.9110271239516,-834.0091938515598,98.51666666666667
5912,-101.4451727793947,-324.8581092774016,-568.8218063682242,-833.7588676814732,98.53333333333333
5913,-101.20027199922428,-325.21336755750576,-567.1377554104663,-833.0360795559641,98.55
5914,-101.62999551595932,-324.84856057363316,-567.6546886356663,-833.9456408314476,98.56666666666666
5915,-101.50196165107738,-324.40314253507444,-569.9943617697634,-835.1784714895588,98.58333333333333
5916,-102.53234299887444,-325.2684897886509,-570.6993464325474,-835.6087806198487,98.6
5917,-102.08256614010187,-325.3812265118396,-571.5289188170475,-835.1468392614288,98.61666666666666
5918,-102.22578964684449,-323.6715462486936,-569.7467735313295,-834.0104377489731,98.63333333333334
5919,-101.54889098885728,-325.2930462406537,-571.7210520968937,-834.9470349261808,98.65
5920,-101.38555658667664,-325.7002543733694,-571.1168058542818,-836.5397808172379,98.66666666666667
5921,-101.60573389828312,-324.9356886739718,-569.4580766304725,-837.2592016039624,98.68333333333334
5922,-102.31405736200117,-325.5376796185536,-569.9009010620396,-837.2260262879255,98.7
5923,-101.43701024702445,-326.09435625102856,-570.4322486122516,-835.7489917655327,98.71666666666667
5924,-102.54175344952353,-325.69503405979776,-571.3043522086973,-837.6634179342055,98.73333333333333
5925,-101.94493304573975,-325.13759008944163,-571.3986537048759,-836.027739966121,98.75
5926,-102.02637382805065,-325.61347922466103,-570.0484042785428,-838.1936919108525,98.76666666666667
5927,-102.88730925863828,-326.3469912415272,-572.3936908112809,-837.5915645021249,98.78333333333333
5928,-102.406417507993,-324.979778792674,-571.5155798676499,-837.8815410420953,98.8
5929,-102.144423632351,-326.2922912040821,-571.010500481844,-839.5473622630365,98.81666666666666
5930,-102.20950486476184,-325.93441411463203,-571.5670763251782,-839.1000472100072,98.83333333333333
5931,-102.2644886044917,-327.21977168542134,-572.6627134607456,-838.0017308734081,98.85
5932,-102.13515861101128,-326.5687945569286,-572.663190118846,-839.265419021433,98.86666666666666
5933,-101.99441392573402,-327.76531317429965,-573.8256903251819,-837.8682047128358,98.88333333333334
5934,-102.43297972224724,-327.76662802084587,-573.9206354024487,-839.5468432434756,98.9
5935,-102.4929025562352,-326.80908326947764,-572.963098253946,-838.778878193375,98.91666666666667
5936,-102.63526379457781,-325.6778347303413,-572.2007603272293,-841.0680234906788,98.93333333333334
5937,-103.63075587217983,-328.1300589284617,-572.7212877615175,-839.9716648228637,98.95
5938,-102.27461777224984,-326.67193174272785,-571.6671578943474,-839.4499879054213,98.96666666666667
5939,-102.92306820060668,-327.4297967937571,-573.9081608302895,-842.3976833017875,98.98333333333333
5940,-102.91729436958772,-326.478651096124,-573.0785942264984,-840.0834456456084,99.0
5941,-102.94016730156463,-326.88737541899434,-572.758972541256,-841.1374221545017,99.01666666666667
5942,-102.58283362585328,-327.55776707519425,-573.3485837715345,-842.082227534941,99.03333333333333
5943,-102.5910894331865,-327.58168939732445,-572.8204246813001,-842.0675095095352,99.05
5944,-102.96747198604132,-326.24310909372093,-574.0407867427763,-839.7805216448382,99.06666666666666
5945,-102.45346789953646,-327.88575618464347,-572.6094363141247,-841.5724740549521,99.08333333333333
5946,-102.6375418561812,-327.5631023080563,-575.7857849970426,-841.2867663813324,99.1
5947,-102.29769789601492,-327.92109500035514,-573.3351798240367,-842.5500223938387,99.11666666666666
5948,-102.73484678864608,-326.22511485061307,-574.18759157225,-841.504123013553,99.13333333333334
5949,-102.48769362493888,-327.04882784452195,-572.7595484032927,-842.9555367684067,99.15
5950,-102.80474833575046,-327.8567746075988,-573.2480275412438,-841.3853832664236,99.16666666666667
5951,-101.59167855526587,-327.26041403159496,-576.3376253018548,-843.3822166371003,99.18333333333334
5952,-102.5983252339643,-327.94373703537553,-575.2068336032573,-842.8953344853579,99.2
5953,-102.98006828981937,-327.80816746870534,-573.3486036974415,-842.6860824882683,99.21666666666667
5954,-102.23573433332805,-327.0309309830759,-574.5653322988451,-843.2438185972219,99.23333333333333
5955,-102.55238025071928,-326.8722121801402,-575.5145486973445,-843.8413061947388,99.25
5956,-102.9298776441392,-327.927850951465,-574.2617137411867,-843.5757368612965,99.26666666666667
5957,-103.35156786311026,-327.8105983206686,-576.2957947643339,-844.5496600520743,99.28333333333333
5958,-103.06404191994767,-327.07227374611784,-576.1109514207278,-842.680409157838,99.3
5959,-103.31827673160006,-328.0152180868876,-576.1015390189955,-844.3957085224137,99.31666666666666
5960,-103.23622666335051,-328.0738744753686,-575.7418842713762,-844.7498691683451,99.33333333333333
5961,-102.61269377253667,-329.1507739985845,-576.7736117334218,-842.4901760384114,99.35
5962,-102.82812870157218,-327.78544953659514,-576.5662016736004,-843.1382680245289,99.36666666666666
5963,-103.28501870278781,-328.0025330178317,-575.9780597554087,-845.1211055315666,99.38333333333334
5964,-103.1284758718239,-328.88365629823465,-576.5459284847277,-843.2751223168193,99.4
5965,-103.6235235334472,-327.53589360014314,-576.7892974875377,-843.6424582050671,99.41666666666667
5966,-102.74928639239646,-328.68053160925257,-575.7889961767153,-845.8250539067374,99.43333333333334
5967,-103.33679324999821,-329.7471726452216,-576.8268126671647,-842.7480033617945,99.45
5968,-103.04744205107343,-329.3110449967804,-576.0291624254422,-844.7908702488797,99.46666666666667
5969,-102.84172178807594,-329.6304544609104,-575.9797381337613,-843.9183657160814,99.48333333333333
5970,-102.6225376076912,-327.02633917624763,-576.6675948296923,-843.7545700168162,99.5
5971,-103.07653935596947,-327.373256677743,-574.8993720914369,-845.8675370757503,99.51666666666667
5972,-103.55191479442136,-329.02286709335254,-575.299755823478,-844.0093702316152,99.53333333333333
5973,-103.5425972392229,-328.231140145145,-575.9026758466732,-844.8890719658301,99.55
5974,-103.71868423870063,-329.49263640538385,-577.9651067318973,-847.7882695445303,99.56666666666666
5975,-102.84199244308502,-327.5877930330701,-577.2750541529256,-843.7326863142692,99.58333333333333
5976,-103.29556826798101,-329.37481337860726,-576.6427004317518,-844.3195202272751,99.6
5977,-103.08959979041784,-328.55982636677464,-576.7554495935785,-846.1667760765148,99.61666666666666
5978,-103.12743676422575,-328.9931908500674,-577.6671474245039,-845.1137337352928,99.63333333333334
5979,-103.27855749866492,-328.09995562482686,-577.76285561238,-846.7639101044299,99.65
5980,-103.26792670413928,-327.2593877765183,-579.5773628884205,-845.7778247763702,99.66666666666667
5981,-103.0804670320736,-329.898662398452,-576.7198542674087,-846.7016390852549,99.68333333333334
5982,-103.21160474395217,-328.8774793969305,-576.3851169697043,-845.2003184717255,99.7
5983,-103.17968440396992,-328.4467293821593,-577.8408343432561,-847.3589289749518,99.71666666666667
5984,-103.28928666705214,-330.4046013585802,-578.0721817146548,-846.2571371793133,99.73333333333333
5985,-103.55125646960107,-328.77444258087365,-578.2494985345709,-847.400939691596,99.75
5986,-103.48841659613352,-329.6770676166502,-575.2778183675564,-846.1846009941933,99.76666666666667
5987,-103.0445233319354,-328.87424385600406,-577.5374825972625,-847.8100805080496,99.78333333333333
5988,-102.50889778582,-330.41179702809507,-576.3572185848066,-845.5921991029583,99.8
5989,-104.14907167712872,-330.2299145895937,-577.4093288893705,-846.8343979934591,99.81666666666666
5990,-103.07686367721521,-328.9990382553467,-576.3505913540787,-848.0112856444473,99.83333333333333
5991,-103.27499294524223,-330.88615690845876,-577.768820634438,-846.6488564177876,99.85
5992,-102.91663173559711,-328.8345476087897,-577.4026552879991,-846.0265283545754,99.86666666666666
5993,-104.34124323941957,-328.7608655646885,-577.1439787580822,-846.6707662137183,99.88333333333334
5994,-103.73437261355765,-329.498944468386,-578.7656711621973,-845.5365857994275,99.9
5995,-102.72080119824321,-329.22502149149074,-579.7532500560021,-847.8714075032455,99.91666666666667
5996,-103.22150089686274,-329.76123542739947,-578.599212311072,-847.0460662908442,99.93333333333334
5997,-103.6472121292443,-329.25073264422497,-577.2761354273591,-847.3071469660608,99.95
5998,-102.97621397568605,-329.5188432043201,-577.8015853203065,-847.6608747828593,99.96666666666667
5999,-103.23754450619597,-330.2762978011331,-577.0937563350026,-846.7127610212385,99.98333333333333
6000,-102.46578544648179,-330.2065432512768,-579.2809504676007,-848.8010143051608,100.0
6001,-102.94541093635803,-329.1703923628253,-578.517024932512,-847.2568082667894,100.01666666666667
6002,-103.59610835472006,-329.4477172820401,-578.2024335164824,-846.6538517123598,100.03333333333333
6003,-104.30587531049088,-328.6436972501979,-578.8365354151806,-847.4962127733329,100.05
6004,-103.72320287147541,-329.51189624704057,-577.8116899436254,-847.6299585452198,100.06666666666666
6005,-102.96033277166069,-329.60602051813225,-577.3628422707218,-849.4398152595431,100.08333333333333
6006,-104.27852195162552,-329.79627575766403,-576.655370340448,-846.1561417683274,100.1
6007,-103.46160897170788,-329.360940333005,-579.1892697502453,-847.4653363204511,100.11666666666666
6008,-102.76186400862892,-329.63529958594665,-578.7164768006825,-847.5395733377915,100.13333333333334
6009,-103.42301558884708,-328.8612398832587,-576.3380175375803,-848.1236553112296,100.15
6010,-102.99435366511621,-327.84808982149343,-577.3018587551735,-846.7161358901722,100.16666666666667
6011,-103.13249360948222,-329.0761782712666,-577.8589930645353,-846.2171063759048,100.18333333333334
6012,-103.50816321263078,-330.0684960964892,-578.7046082142245,-849.0114558178283,100.2
6013,-103.40976713803785,-328.9850551710393,-576.7126400694877,-847.5285320193732,100.21666666666667
6014,-103.20666307804106,-329.4762014732176,-578.6135644282501,-847.6278907951394,100.23333333333333
6015,-103.38471837342355,-329.5679445806768,-577.2448604074655,-847.6223184478464,100.25
6016,-103.42375625109156,-330.4403923801208,-578.3274170224184,-847.2747862933231,100.26666666666667
6017,-103.2749245751442,-329.68383225823635,-578.9748611569541,-847.1555006393696,100.28333333333333
6018,-103.33180500334664,-329.70908692870614,-578.6303459044825,-848.3076433165642,100.3
6019,-103.94354089529158,-329.6249934218047,-579.739367088575,-847.6198989284359,100.31666666666666
6020,-104.49599631311547,-329.9659931390179,-578.6568227305437,-848.9332311083319,100.33333333333333
6021,-103.43482579443986,-330.4424937424334,-578.0409261689292,-846.0032168815372,100.35
6022,-103.26705576207875,-330.71475752230134,-578.3331141631276,-850.3593166339003,100.36666666666666
6023,-103.75418192660071,-330.42019379412716,-577.6487745948037,-848.5893683132579,100.38333333333334
6024,-103.34551032052556,-330.18000537540235,-578.2901679059526,-848.5230844465829,100.4
6025,-103.5441699001119,-331.0040662310073,-578.7076779205419,-848.077868844199,100.41666666666667
6026,-103.11832918025873,-330.14204822412785,-577.2925186533771,-846.4685564399299,100.43333333333334
6027,-103.37209446722235,-330.17867636520185,-578.4563762458039,-848.1436911274163,100.45
6028,-103.07830660116498,-329.6809102666046,-578.3728657679486,-848.9659890391256,100.46666666666667
6029,-103.1021115592206,-330.35133659156224,-578.5345337972208,-847.7248574068661,100.48333333333333
6030,-104.22960693974791,-330.33840423364506,-578.9317794318553,-848.29688656908,100.5
6031,-103.95235566136252,-329.97503520515716,-578.7116479618808,-848.0555405028186,100.51666666666667
6032,-103.95822520986857,-329.91731932353184,-577.8829658683571,-846.6422508089709,100.53333333333333
6033,-103.73315046995899,-329.35813588465135,-580.2298945189889,-846.7937194356377,100.55
6034,-102.90640816965214,-329.084798164596,-578.1861379792417,-849.8723838444857,100.56666666666666
6035,-103.98952757443593,-330.0676329624324,-576.6011370334938,-848.4133409143835,100.58333333333333
6036,-103.1872754836146,-331.66258111917693,-579.5306453065474,-849.3193125958868,100.6
6037,-103.37326832638567,-330.01543292927727,-578.598696073758,-849.3372802347998,100.61666666666666
6038,-103.53024626833947,-328.94913254570565,-580.3416888306621,-848.2182141191128,100.63333333333334
6039,-103.44490584166842,-329.90879679134514,-579.2386297407131,-849.0580285453018,100.65
6040,-103.90255267515832,-330.85156221638744,-577.2142133017251,-849.3551746511505,100.66666666666667
6041,-104.14119587787567,-330.072564669376,-579.9776954416717,-849.1672722281221,100.68333333333334
6042,-103.42732431915101,-331.33260280280444,-579.5304879134642,-848.5197292887723,100.7
6043,-103.23598054807466,-329.686890015874,-578.2063500444012,-850.0804196065333,100.71666666666667
6044,-102.92778665395811,-330.24432884521616,-577.5592882819119,-848.925749044963,100.73333333333333
6045,-103.65321604632696,-328.41960369087747,-580.7942506096505,-849.4183634742767,100.75
6046,-103.19449052982847,-329.29027185416163,-577.2773149010368,-849.5573894752679,100.76666666666667
6047,-103.46677728474923,-329.58660987152405,-578.9665579758775,-847.1139964605363,100.78333333333333
6048,-103.12997773950657,-330.1979509896852,-579.3160494834082,-849.6841458249562,100.8
6049,-103.21387916007238,-330.9262104055823,-577.6357208145814,-849.7982813747635,100.81666666666666
6050,-103.24809168154911,-329.1291568068466,-577.4643536001903,-849.3867232399195,100.83333333333333
6051,-103.62237267767064,-330.39544894200543,-580.5188220923901,-848.1361810531738,100.85
6052,-103.61837861949859,-330.65890718464993,-578.5315564358169,-849.6386645190444,100.86666666666666
6053,-103.32937887259067,-330.21544223765653,-576.9406639832154,-848.8281036254033,100.88333333333334
6054,-103.31828308927695,-329.76695901917327,-578.944629345902,-849.3073251828164,100.9
6055,-103.42160156566769,-329.98665708747143,-579.1329332819083,-848.97547717487,100.91666666666667
6056,-103.34917551091362,-330.5931787369195,-579.4503409868053,-847.6285241133937,100.93333333333334
6057,-103.8598546655535,-330.2963158332201,-579.8681161319832,-848.4072094166927,100.95
6058,-103.79355709186905,-329.2628413280185,-579.1228631003223,-846.9460214536435,100.96666666666667
6059,-103.62355228817327,-330.8417503853783,-578.9987851253728,-848.0299310466157,100.98333333333333
6060,-103.20386729570113,-330.4723691889062,-579.2639567921295,-850.6341824500217,101.0
6061,-103.32666318534243,-330.9184853259355,-579.8540769165938,-851.656570689841,101.01666666666667
6062,-103.50570733658043,-329.9423933347931,-578.5245933153802,-849.3531542694695,101.03333333333333
6063,-104.12280333564817,-330.2565198316888,-578.4450786557493,-849.3841948223765,101.05
6064,-103.47678849660821,-330.08047102951105,-578.6012917857086,-848.5134300557947,101.06666666666666
6065,-103.65803995124668,-329.4319404265146,-578.8356638310896,-850.6005573441516,101.08333333333333
6066,-104.36369651312236,-329.48397494539677,-578.1430171656953,-849.9664837699321,101.1
6067,-104.09426216591562,-331.1692058072044,-578.7711400328642,-848.272584645692,101.11666666666666
6068,-103.36112139349584,-330.22920817477075,-579.8046728705798,-849.4526863195446,101.13333333333334
6069,-103.76124108233142,-330.18156611525967,-578.4104001108925,-849.3419449385926,101.15
6070,-103.50618135719556,-330.4541767812806,-579.4087953347995,-850.431728431501,101.16666666666667
6071,-103.53978374616742,-330.55816897073515,-579.995936986347,-849.3347258486546,101.18333333333334
6072,-103.79783535030796,-330.6051344194805,-580.6756070629305,-847.617679137463,101.2
6073,-103.91446682177093,-330.0103281283443,-578.7637292464934,-850.7032253395058,101.21666666666667
6074,-103.03923252910789,-329.7118649381158,-580.357747242589,-847.6613213238818,101.23333333333333
6075,-104.11768724000176,-330.5877473973606,-579.1777362078273,-848.8588166162978,101.25
6076,-104.39829164658951,-329.0892104914781,-578.0252326971066,-848.6889537424867,101.26666666666667
6077,-103.76315499335934,-330.45231584661303,-578.9990421875796,-848.4191133159427,101.28333333333333
6078,-103.9985910786157,-329.96809987912206,-580.2448905564717,-848.8985514618664,101.3
6079,-103.15534762171741,-329.8707495266197,-579.7922780324669,-848.4467047662461,101.31666666666666
6080,-104.41815973134574,-332.64313877186225,-579.7390376736404,-849.1471007347985,101.33333333333333
6081,-103.4532506922804,-328.6973603254755,-580.083849784829,-848.7162113155523,101.35
6082,-103.26148938907832,-330.3157736054581,-578.4067796782729,-849.883349143418,101.36666666666666
6083,-104.19637063870982,-330.1741478701342,-580.1124761369788,-851.8428369224752,101.38333333333334
6084,-102.88513239239415,-331.2320692178441,-579.1355695006896,-848.9929270638179,101.4
6085,-103.87960608126171,-330.55587637507506,-578.8360921596153,-849.4405211835315,101.41666666666667
6086,-104.29762795280624,-330.0895298281649,-579.2571290933986,-849.5922465554031,101.43333333333334
6087,-103.39285214712334,-330.4885174780813,-578.5326044575677,-849.440455334494,101.45
6088,-103.41091465314739,-329.72356995165694,-578.8357134375904,-848.9234738013477,101.46666666666667
6089,-103.36696436786161,-330.2973371500898,-579.6082486206533,-849.8960038233574,101.48333333333333
6090,-103.82563181827283,-331.5351487052471,-580.33606484198,-847.6990742807247,101.5
6091,-104.24240449655731,-330.0413796262397,-580.2992111598405,-849.8395128368312,101.51666666666667
6092,-103.6470193249462,-331.05446223324003,-580.3730550590602,-850.8077459895983,101.53333333333333
6093,-103.90565929480758,-330.0180082286656,-578.640750098446,-850.1873376270714,101.55
6094,-104.46498112564146,-330.99480657788047,-578.7978687072443,-849.518368407816,101.56666666666666
6095,-103.58597001758662,-329.7832674841158,-578.4070215470139,-849.6731992526519,101.58333333333333
6096,-103.1014150524566,-330.588422004979,-581.4986614453397,-848.8003131077629,101.6
6097,-104.03139934108168,-330.7029514464276,-580.2940862837221,-848.8105744890762,101.61666666666666
6098,-103.33304134734239,-330.68456322958593,-577.2916352334069,-848.9065594642758,101.63333333333334
6099,-103.48343653553128,-330.429351882986,-577.9127472666764,-848.2806916732986,101.65
6100,-103.4037978257842,-330.04168258362125,-578.9972391847417,-847.9549288727023,101.66666666666667
6101,-103.66162774538908,-330.4813287565285,-577.513859167835,-849.0244996057734,101.68333333333334
6102,-103.41472414806898,-330.9952381369468,-579.5093111914593,-850.1926696497733,101.7
6103,-104.08054036655756,-330.0174374160506,-579.0016554555868,-850.2270559561813,101.71666666666667
6104,-102.86137462729337,-330.2626510354515,-579.438726436999,-850.12276666171,101.73333333333333
6105,-102.76169850696378,-330.67732934844,-578.152961896077,-849.4515505790562,101.75
6106,-104.0416731155314,-329.87925923079007,-579.504555186338,-848.3794410239074,101.76666666666667
6107,-104.10262233449279,-328.66282518988066,-578.994198807487,-847.7909028826367,101.78333333333333
6108,-104.4206726583825,-330.9432210955312,-580.3348073463627,-848.0520818394589,101.8
6109,-103.55453345407761,-330.8314983901307,-580.6252428795153,-850.4771404199353,101.81666666666666
6110,-103.52986958248985,-331.334036946197,-579.3200369678754,-849.06312876789,101.83333333333333
6111,-103.5476436587318,-330.48684736706764,-579.5732071940765,-850.661587389971,101.85
6112,-103.37912627336854,-331.2725632968423,-579.7054535298078,-850.902314776998,101.86666666666666
6113,-104.06729527435388,-330.3672243124861,-579.9513683021273,-850.6532833869303,101.88333333333334
6114,-103.05301303058107,-329.6170941952861,-579.0047025959664,-848.0219294234804,101.9
6115,-103.14991890418673,-331.23813401733935,-579.9656072385351,-851.3243942499806,101.91666666666667
6116,-103.60442568852243,-329.89595753510866,-578.8149646324812,-850.2671994474086,101.93333333333334
6117,-103.97722477727872,-329.3872300486319,-580.5172501884354,-849.9517421567531,101.95
6118,-103.42918696158301,-330.70500027640765,-578.2868384545031,-850.0216484491644,101.96666666666667
6119,-103.86116764686342,-328.89853089575735,-580.370249212652,-849.0622378550294,101.98333333333333
6120,-103.20537848451777,-328.73285515867616,-579.9414996156225,-847.545222257351,102.0
6121,-103.75119230939039,-328.5050107885986,-579.2232907110968,-846.8271140578216,102.01666666666667
6122,-103.02743001960395,-327.0959772636133,-578.0724119400544,-846.2593359871412,102.03333333333333
6123,-103.57158494375318,-326.2395369768865,-575.8881648043393,-843.4909156134428,102.05
6124,-102.24871110713727,-325.68888021355275,-574.3798169792918,-839.8227092623208,102.06666666666666
6125,-102.59899335916748,-326.2062651681491,-573.3360501880525,-836.3621556297336,102.08333333333333
6126,-102.74371848549504,-324.77491707510643,-572.0540875987333,-839.0642483752167,102.1
6127,-101.83378827917785,-324.118057635166,-571.288415499055,-835.5874121643545,102.11666666666666
6128,-102.04823528431395,-323.001651720702,-568.7076037803489,-832.4649842293029,102.13333333333334
6129,-102.0844859693979,-322.97685531931126,-568.7106820830388,-830.4945559950801,102.15
6130,-101.45042298776261,-321.91900981581466,-568.018149569192,-830.3610107664691,102.16666666666667
6131,-101.1823350354502,-320.0859276178672,-566.5952050806095,-829.275249233562,102.18333333333334
6132,-101.17327163744143,-320.57607492838224,-564.7100649533298,-827.3283364649561,102.2
6133,-100.43644450442488,-319.84166653549437,-564.8871597608971,-824.8552092029976,102.21666666666667
6134,-100.79785358898623,-319.53867092230263,-563.3475879808951,-822.8972819221747,102.23333333333333
6135,-100.75839799978047,-318.94431511346363,-561.6505896306744,-821.5985774698344,102.25
6136,-100.4242573830525,-317.3436443443883,-560.2271921853759,-820.2190420509329,102.26666666666667
6137,-99.87631042391308,-317.43743892578044,-558.1054753597202,-819.1457372518739,102.28333333333333
6138,-100.29995753634624,-317.654672292769,-557.0969017494192,-818.3921228228693,102.3
6139,-99.13048033170882,-316.94912147358775,-558.2704831126277,-818.1961037826647,102.31666666666666
6140,-99.45787292826125,-315.43656448531505,-558.0106821877738,-816.2692878742464,102.33333333333333
6141,-99.03591738540011,-314.8030222504746,-556.6495262763259,-812.154612932442,102.35
6142,-100.15334535782054,-314.9949646366458,-554.1641960634024,-813.6759147895157,102.36666666666666
6143,-99.08395641090418,-316.70246667552516,-555.6746371436502,-813.4161205665505,102.38333333333334
6144,-99.60680615426301,-314.0315277879706,-553.8249570642328,-810.5743878849025,102.4
6145,-98.51156158744483,-313.79340162791,-552.1806098142971,-808.1539008026112,102.41666666666667
6146,-98.75064339383262,-313.85426649453234,-552.6497250454445,-808.6920886598301,102.43333333333334
6147,-98.7414350330436,-312.47590739413135,-549.563924687705,-806.7346777841803,102.45
6148,-98.01005608083133,-313.3565877939949,-551.6102228908835,-805.7606474104861,102.46666666666667
6149,-97.78797374469886,-311.49036931328635,-549.9550242536588,-804.8815297853681,102.48333333333333
6150,-98.30885101316946,-312.173903465147,-549.6969534033889,-803.7551821089896,102.5
6151,-97.43324744436424,-311.30365155260995,-548.9901774745092,-803.801031177088,102.51666666666667
6152,-98.25797686060288,-311.7917176593491,-550.1057966818009,-799.2855469879585,102.53333333333333
6153,-97.63196584969988,-311.5011158808615,-546.9147998485755,-801.1284773533055,102.55
6154,-97.65806047441382,-310.1924691195202,-546.6309614192692,-802.5596811605227,102.56666666666666
6155,-98.03969807759847,-310.3910511998702,-547.1159760194961,-800.401610510689,102.58333333333333
6156,-97.98970382798794,-310.4838779299891,-545.358447305912,-798.1302054039342,102.6
6157,-97.7740301218572,-310.2337402169331,-546.5600657775022,-796.8865074725402,102.61666666666666
6158,-97.37893733906661,-308.58321906472156,-543.9415436492933,-796.7198026098122,102.63333333333334
6159,-97.7148943016191,-309.1332658628927,-542.9381804008165,-795.1816533821757,102.65
6160,-96.80485125672966,-308.71928500282525,-543.673653627383,-793.9606975099854,102.66666666666667
6161,-97.42521470920718,-308.3676391510697,-543.5229088357892,-794.6283207985267,102.68333333333334
6162,-96.92119600099139,-308.5407874029971,-541.9152929581915,-790.993658661384,102.7
6163,-97.00762795259229,-308.3443435461556,-541.7102747635761,-791.7928749135033,102.71666666666667
6164,-97.07481508069988,-307.6596363445144,-541.6767456084971,-791.4220457179943,102.73333333333333
6165,-97.48187896673792,-307.7863996497367,-540.7195391955539,-791.0607808678806,102.75
6166,-97.17823283506205,-307.0059546104265,-540.2474567376113,-792.1600645460936,102.76666666666667
6167,-96.19948583632046,-306.55123197365504,-537.6520037048925,-790.1928597615139,102.78333333333333
6168,-96.28983868322369,-307.70099803964644,-539.4103644377432,-790.1078986507085,102.8
6169,-96.50620818301726,-306.6430434837931,-538.795442376745,-788.9190578839278,102.81666666666666
6170,-95.90267341965613,-306.13753181366127,-538.0859363390808,-788.4083419312938,102.83333333333333
6171,-96.33345087193382,-305.873200515478,-537.9074670654907,-787.8339803341094,102.85
6172,-96.32104180854624,-305.4060288155557,-537.2183171633269,-787.1297587449972,102.86666666666666
6173,-95.48287698476233,-305.0490744968406,-538.2949412077213,-786.9808808667459,102.88333333333334
6174,-95.9720023321773,-305.3153846075331,-536.9972681714586,-785.0373223806896,102.9
6175,-95.8031440306183,-305.04996747841005,-536.1401205139457,-785.0558680185687,102.91666666666667
6176,-95.4850433620208,-305.16461453384443,-535.5202757178599,-784.6993104428965,102.93333333333334
6177,-95.60778508490785,-304.817268418976,-535.6569645703391,-784.1368725933183,102.95
6178,-96.37252292324122,-304.63323027028054,-534.9619702607046,-783.3237447104381,102.96666666666667
6179,-95.6161262945917,-302.9337071723925,-535.0270437212857,-783.1065216681709,102.98333333333333
6180,-95.8007982908746,-303.78054282069513,-534.5610144547592,-782.6622423141647,103.0
6181,-95.76885758565896,-303.637166086294,-532.4488352891447,-781.3900883229386,103.01666666666667
6182,-95.23498413136471,-303.3267911303444,-533.8158842355352,-782.5120163983364,103.03333333333333
6183,-95.25839235036688,-302.6085219725672,-532.5699281397184,-782.4132752561043,103.05
6184,-95.12781966563287,-303.20874563080207,-532.3554595110878,-780.8141248446354,103.06666666666666
6185,-95.30644290186774,-303.43049221366397,-532.0784437262087,-780.3064246548228,103.08333333333333
6186,-94.28206572417083,-304.4274012412516,-533.7405368160113,-779.6692692251721,103.1
6187,-95.71473912923527,-303.689017725369,-532.5116844377147,-780.9254110848624,103.11666666666666
6188,-95.01478896666366,-301.61279598482025,-531.8107217093519,-778.2022945330608,103.13333333333334
6189,-94.67193921593012,-302.56642223406476,-532.1684740327682,-779.6278065181966,103.15
6190,-95.29626088549165,-301.20655401803714,-531.6950167565968,-776.5960506029169,103.16666666666667
6191,-95.14307895593016,-301.4799344870962,-531.1548062647456,-776.9052874786119,103.18333333333334
6192,-94.66854697247673,-302.9614796191436,-531.7240825730665,-778.3326071416085,103.2
6193,-95.18888498560992,-302.76987419833847,-531.1196679984838,-776.9244943833409,103.21666666666667
6194,-94.95870560414203,-301.7507185638123,-530.9740204318564,-776.8555413733371,103.23333333333333
6195,-94.5129029535465,-301.1780283320048,-529.6046344250727,-777.2768880095144,103.25
6196,-94.92058638788632,-301.10029395776536,-530.487353410214,-777.1090418939178,103.26666666666667
6197,-94.97201776275209,-301.12409027908944,-529.887055758124,-776.2200298583103,103.28333333333333
6198,-95.04021235764552,-300.8491890454193,-529.4264355405178,-776.5258122385444,103.3
6199,-94.83601447916273,-301.6593440798701,-530.0259455806548,-775.836031100882,103.31666666666666
6200,-95.43736692680797,-301.7232596253049,-528.8148675240989,-777.7652511605695,103.33333333333333
6201,-94.74222197458185,-301.5139600140303,-529.4386943079827,-774.9065993664908,103.35
6202,-94.45085035409092,-300.5057165376289,-528.376729126219,-774.8253643562574,103.36666666666666
6203,-94.60321987473844,-300.50363128436726,-529.6846795516528,-774.5227633607175,103.38333333333334
6204,-94.91881398408593,-301.3375150559604,-528.378765156471,-775.1115966778185,103.4
6205,-94.63598673940045,-300.03421590774366,-527.0210218761765,-772.3338915432641,103.41666666666667
6206,-94.351572236462,-300.26024172474416,-527.658174600997,-775.1000172256583,103.43333333333334
6207,-95.08672248278843,-301.7396043423755,-526.434903278261,-774.4101812094464,103.45
6208,-94.1808831167091,-301.30733777824753,-527.4020303974708,-772.520211691473,103.46666666666667
6209,-94.08534392697372,-300.4555712244036,-529.191779790251,-772.490380269145,103.48333333333333
6210,-94.39658139532035,-300.3552905141095,-527.7477324683338,-771.0378519384387,103.5
6211,-94.63547088564245,-300.914525417801,-527.0418244423463,-771.4548944951995,103.51666666666667
6212,-94.72962727730275,-300.37978004127837,-526.0405465847688,-772.7573988830783,103.53333333333333
6213,-93.95900238538329,-299.50971470644737,-526.3720796277889,-770.4760781553433,103.55
6214,-94.07338289565192,-300.46476467526384,-526.9897518198677,-770.6619955368147,103.56666666666666
6215,-94.1966315555969,-299.8751051072585,-526.5934634146421,-771.53959159335,103.58333333333333
6216,-94.14525817206977,-300.659007664491,-526.8932254666553,-771.2067399764683,103.6
6217,-94.11175241297462,-299.26378892706674,-525.1466355615552,-770.1025639086677,103.61666666666666
6218,-94.39889797070259,-300.2045718684326,-527.0087777731442,-770.3138357927933,103.63333333333334
6219,-93.78651545110418,-299.4594190949363,-526.3223985388529,-769.7561051564005,103.65
6220,-94.13762635843689,-300.0104957265901,-524.7080635003904,-770.1271330437011,103.66666666666667
6221,-94.30611101893746,-299.94414567594333,-524.8729291767231,-769.5187549342502,103.68333333333334
6222,-94.06064855577573,-299.9988061696988,-524.3963084885759,-769.7059172572929,103.7
6223,-94.08946230694308,-298.6381957672581,-525.217780098144,-771.3734495314804,103.71666666666667
6224,-94.28107372618601,-299.38088754608833,-526.9346895042803,-770.5669777354743,103.73333333333333
6225,-94.24364681572061,-299.74449665705333,-524.8882709772879,-770.5117802582951,103.75
6226,-93.90541572737627,-299.0916211913942,-525.2434120388875,-770.3727093690806,103.76666666666667
6227,-94.06728779234662,-299.91005495758606,-524.6340943943661,-770.0003538885607,103.78333333333333
6228,-93.33204408466418,-298.55467121039,-523.7486199952548,-768.4707649392644,103.8
6229,-94.23008819289656,-298.61993411540067,-526.4697234943955,-768.9101237987688,103.81666666666666
6230,-94.3961039426331,-299.47798330949087,-524.7846679016384,-768.1225964840463,103.83333333333333
6231,-93.38873647091265,-299.5712280892657,-524.5203641158956,-768.0125950831548,103.85
6232,-94.1662267711875,-298.60818431703626,-525.8249718634372,-769.4018369157969,103.86666666666666
6233,-93.92196838942525,-299.7276676103521,-524.7094412190963,-768.4720049689598,103.88333333333334
6234,-93.45794372273402,-299.14070251377166,-524.3397925107347,-768.0549412841759,103.9
6235,-93.80784993126673,-299.29747192209715,-524.3294075531173,-768.6778535367814,103.91666666666667
6236,-93.22746090318729,-298.89985307786833,-524.5373070135728,-768.6908133235605,103.93333333333334
6237,-94.29394184992925,-297.7813757024694,-523.1727532102591,-768.192506502556,103.95
6238,-93.27099945384005,-297.59575448109285,-524.7586106594756,-768.7019767676258,103.96666666666667
6239,-94.02708714729759,-298.89691743383395,-523.3392363836095,-769.8111077091753,103.98333333333333
6240,-94.18203737630517,-298.6262867919853,-524.1010575832324,-767.3116138911904,104.0
6241,-93.94685188333213,-299.90707128382365,-524.0887893957286,-766.8422444314325,104.01666666666667
6242,-93.61157110552179,-298.76561611280255,-524.6943876289619,-768.2300072179327,104.03333333333333
6243,-93.67094880580412,-298.6028578219375,-523.459903954411,-766.1797505140231,104.05
6244,-93.52185488899187,-297.7867347805086,-523.0595407902867,-765.2467603567179,104.06666666666666
6245,-93.68180542693554,-298.194543961459,-524.7880630783294,-768.5674749731334,104.08333333333333
6246,-93.9610218500345,-299.3587506423536,-524.1607181247695,-767.2065353393821,104.1
6247,-93.58038215577614,-298.4116681635197,-523.3982119708053,-767.1097361887767,104.11666666666666
6248,-93.69953884869562,-298.83241723073553,-523.2681569324893,-766.7165345995339,104.13333333333334
6249,-93.29484588756087,-298.3621519660396,-523.3781365641591,-768.7169745888128,104.15
6250,-93.46404875593065,-298.14123536596657,-522.9882868217503,-766.3313692478995,104.16666666666667
6251,-93.8649710474887,-298.6149760651512,-522.7873203502171,-764.8782809782651,104.18333333333334
6252,-93.46405714179568,-299.11227702251216,-522.8292043690241,-766.9528276002857,104.2
6253,-93.67474012956525,-298.0529770337132,-521.5794349809253,-765.2164931581578,104.21666666666667
6254,-93.61361493810176,-298.1582682692294,-522.6750713455472,-765.8267418649702,104.23333333333333
6255,-94.1652874198367,-297.97026879939386,-522.6155448866522,-766.8618938262183,104.25
6256,-93.04537680898395,-299.0556056749956,-522.7374919600377,-767.3249497376139,104.26666666666667
6257,-93.96384944165881,-298.28412646807135,-522.9040185742189,-767.1270836816972,104.28333333333333
6258,-93.36650642096264,-298.39244037626173,-523.7190489652281,-765.8859920720048,104.3
6259,-93.22267510195796,-297.63776163330755,-522.5479505105881,-766.7641454985991,104.31666666666666
6260,-93.87839331326815,-297.97714438853154,-524.0896605702692,-766.749631025387,104.33333333333333
6261,-94.255645984325,-298.7443433744793,-522.5547449691014,-766.5859440859566,104.35
6262,-93.29127789631079,-298.3533613051916,-523.636795951058,-765.5489925915396,104.36666666666666
6263,-94.06836348352687,-298.5246712772698,-522.7810139297738,-766.1327356564814,104.38333333333334
6264,-93.59325525917345,-297.3319123917188,-522.3630441508775,-765.6691779541952,104.4
6265,-93.46779240605771,-297.41559690304007,-522.6086000517614,-765.0731650692791,104.41666666666667
6266,-94.03616517070346,-298.0716454553321,-521.5415740709252,-763.9253499736828,104.43333333333334
6267,-93.82927515073546,-298.05767077930545,-523.7346492456567,-765.8835484679768,104.45
6268,-93.48143776783319,-298.4341427916479,-521.042802243789,-765.3269322317109,104.46666666666667
6269,-93.2827547854555,-298.36121047033674,-521.7388511356817,-766.6473837460923,104.48333333333333
6270,-93.6706705158991,-297.42848218481424,-522.9231989494272,-764.5476470245649,104.5
6271,-93.04038953431275,-297.6362348530068,-521.4773321516676,-765.0061090742355,104.51666666666667
6272,-93.09052602390182,-297.3004694139523,-523.6176698131782,-764.5836314985775,104.53333333333333
6273,-94.01664680529107,-296.796367098248,-521.1418463870835,-765.8748825772255,104.55
6274,-93.02334893766225,-297.29866509298967,-522.2341973577419,-764.9190105536418,104.56666666666666
6275,-93.25174164011631,-298.0257032377841,-523.2110651169287,-764.746344524037,104.58333333333333
6276,-93.6945177973041,-297.6127579841946,-522.9714185569389,-766.1456189435638,104.6
6277,-93.68341036845442,-298.21943558925284,-521.6724615789337,-765.6910741238954,104.61666666666666
6278,-93.60250233367854,-297.35411196844495,-521.5317443058349,-766.6350382774783,104.63333333333334
6279,-93.56729687545246,-296.81901765898306,-521.8497703588217,-765.8627932149622,104.65
6280,-93.31273525851735,-296.63192873884714,-522.2839479389769,-764.0006633881995,104.66666666666667
6281,-93.23861489219688,-297.9580160876905,-522.2879738130221,-763.959597788757,104.68333333333334
6282,-93.21399071436214,-297.4702192701083,-523.3851178191559,-765.090191569296,104.7
6283,-93.88486132761801,-298.44182769860686,-522.1015816816066,-764.4748685873103,104.71666666666667
6284,-93.87782810786895,-297.3782002365142,-522.7468991206802,-766.234550738573,104.73333333333333
6285,-93.38189504714647,-297.5680292508934,-522.0708452393012,-764.9289996380852,104.75
6286,-92.03183871322997,-297.1234650309974,-522.8640597159717,-764.8170764763132,104.76666666666667
6287,-93.26755454435633,-296.0300944964859,-523.0839885428522,-763.8884645870148,104.78333333333333
6288,-93.49199154257437,-297.09012008717536,-522.3945616252685,-764.2968286322728,104.8
6289,-93.56644206052216,-297.95864137455305,-521.0958975681846,-764.40918436797,104.81666666666666
6290,-93.88467335916587,-296.76269326372426,-522.4014303699447,-763.4041027314788,104.83333333333333
6291,-93.4350297408169,-297.01262718481564,-522.273133175984,-765.0087936324413,104.85
6292,-93.35775648720956,-296.37629089936195,-521.870627102419,-766.0747472644092,104.86666666666666
6293,-93.45706582159248,-297.8201991221656,-521.5552769018474,-764.0978380460348,104.88333333333334
6294,-93.53300652997805,-297.49503053558834,-522.045661036995,-764.2036068084617,104.9
6295,-93.75253731106946,-297.38866047105876,-521.8902686369382,-763.4033495694567,104.91666666666667
6296,-93.49336323477787,-297.46014626273603,-522.4261618332728,-764.0999890539822,104.93333333333334
6297,-92.97025685356867,-297.90298484794937,-521.3649626870093,-764.234494927357,104.95
6298,-93.46869028604301,-298.00767447675736,-521.2634790635757,-764.0189892626287,104.96666666666667
6299,-93.531750094986,-297.0170861179434,-521.7781094354261,-765.2451207515772,104.98333333333333
